fold,held_out_turbine,n_train,n_test,rmse_logcf,mae_logcf,r2_logcf,best_iteration
1,Kelmarsh_T01,75655,53295,0.8758162912760913,0.6321805728645732,-0.9800433809766937,6000
2,Loegtved_T01,98994,29956,1.282040380435491,0.9592204450153526,-1.763982667631566,6000
3,Penmanshiel_T01,87405,41545,0.9781208141659615,0.6690765303642048,-0.0865535092729488,6000
4,turkey_T01,124796,4154,1.9486895444378391,1.7129297378247068,-1.7140287073769302,6000
