sim,revenue_total_eur,eeg_premium_total_eur,mwh_delivered_total,mwh_gross_park_total,avg_p_market,avg_p_realised
1,570111570.0224494,133422761.82482074,3909375.102599194,4320000.0,138.02107921481732,145.32961092718918
2,593550665.1254858,143060230.94118616,3932438.9203810142,4320000.0,142.64573695251417,150.27185563224538
3,584258936.2650634,141550494.54842502,3919262.2534539853,4320000.0,141.17611115493142,148.86658995816367
4,574021116.2814965,140126947.69517,3923346.362375166,4320000.0,138.41025145371626,145.89518167373075
5,591437065.7492069,138719436.6684006,3937005.611501069,4320000.0,142.36646200060002,150.04978310989347
6,581741648.0944695,139733508.45892528,3919475.72367392,4320000.0,140.1559873093869,147.62093746205585
7,564857365.4747362,134630564.76950184,3936473.798668177,4320000.0,135.923136461057,143.14056549440284
8,578677875.2626811,137481743.6927238,3921368.424659713,4320000.0,139.6696535688615,147.121176077862
9,591531102.6804734,139681763.28188545,3941596.3055432537,4320000.0,142.11674583660678,149.6736598861685
10,589186202.3107098,141804676.56141,3916257.5929540084,4320000.0,142.22412072091043,149.8188300391676
11,582462444.931233,142337568.75501835,3921366.0156938555,4320000.0,140.35883676688167,147.89443270142982
12,603692690.8527704,144531544.07271165,3916378.0591922384,4320000.0,145.92433799745012,153.76870767095554
13,571065394.7174909,134937057.80172294,3912187.910897274,4320000.0,137.96591969841606,145.32906026448737
14,585099407.0450071,138558512.42666906,3927203.250639795,4320000.0,141.0865738620463,148.61547763758867
15,588996742.153226,139971212.3518199,3911466.857783119,4320000.0,142.40936024971037,150.02080552196625
16,598502052.501147,140502365.20972383,3927620.6776574412,4320000.0,144.28136700004822,151.92622604885858
17,588119683.7793506,137215013.80113617,3935596.2186142574,4320000.0,141.37469256292198,149.01781072095346
18,596825624.801656,140014776.9129494,3908439.058528266,4320000.0,144.5629023457955,152.19861353176793
19,583385320.0348713,137216539.31393325,3935426.8071110267,4320000.0,140.29408567336932,147.7125955021385
20,615760595.9332209,144212369.46154928,3927458.9697668063,4320000.0,148.5012954750091,156.34471974506314
21,554823455.7699423,131030026.78401193,3931466.9617694956,4320000.0,133.52052800653144,140.66967381478347
22,611252453.128803,145053090.63277853,3933443.429991305,4320000.0,147.3859791752802,155.1914930828372
23,583896630.8501073,136383112.138488,3938356.484779278,4320000.0,140.31371384164922,147.97739979782506
24,606374191.4194936,146179978.73819196,3922533.5461384924,4320000.0,146.35411095404655,154.18068771762702
25,550014986.6126786,129156496.74789974,3927785.114937322,4320000.0,132.37751875711797,139.46536128386668
26,611140609.2489012,146911448.22919732,3930895.03030489,4320000.0,147.07556530447403,154.89416278060065
27,599129622.1481438,140676260.1722725,3931403.7057763,4320000.0,144.19709953261022,151.92547098192546
28,599546652.3698123,141355706.13398716,3916489.995109402,4320000.0,145.16092721091098,152.91672535446077
29,581889849.3461188,133829157.56511511,3936951.7870631698,4320000.0,139.8301185040035,147.2627032031869
30,564079948.1430175,133625134.29335737,3913193.453185203,4320000.0,136.42561284425426,143.7907608023202
31,572904361.5045679,137608183.14306515,3932334.885030716,4320000.0,137.7796980356793,145.08620527947062
32,562271874.240698,135162323.76142856,3920733.9318756997,4320000.0,135.78830314038535,143.02941902244604
33,581620226.3267727,135586785.50019476,3910379.4561161236,4320000.0,140.83080886286368,148.23881774774748
34,613567865.3000815,144410552.35184506,3923830.2529271687,4320000.0,148.05274607661414,155.99610901380433
35,570422783.7078738,134205805.36019817,3921330.91846938,4320000.0,137.89202770175362,145.2784826822122
36,624180775.6345981,144758022.44437122,3939457.2917116974,4320000.0,149.97165170481506,158.09519791029157
37,585817282.9831784,135746445.19993722,3942195.020264902,4320000.0,140.76040450285606,148.31924347110805
38,580948959.6013612,139962848.73641825,3922485.6222474985,4320000.0,140.07689875526506,147.63942529327068
39,568049680.903979,132012485.23547558,3930985.9220705517,4320000.0,136.70031463896234,144.0688881966257
40,571161684.9050063,133740562.7693098,3939813.910429482,4320000.0,137.15398491228208,144.42565065923884
41,595618523.1676899,144155138.24514538,3932088.9915483412,4320000.0,143.3619518900118,151.05534698863067
42,567494698.6621513,132567178.94098894,3927620.247205806,4320000.0,136.56691391859707,143.8541622099935
43,565906970.2535815,136504900.93006977,3931695.368708229,4320000.0,136.2318904379413,143.46495963137386
44,603290710.3258111,141746451.9850836,3939838.69346337,4320000.0,144.8770720012094,152.4498324256434
45,573944175.4650203,133953112.63890214,3943465.5637676823,4320000.0,137.72951758746402,145.05662477874682
46,573408834.4163445,131953761.75217898,3911587.4768218044,4320000.0,138.82959431727446,146.2810241857486
47,574255863.3969457,136867708.56356034,3935432.9511294453,4320000.0,138.03492944325328,145.33692200029992
48,562143124.7556056,130977048.27890672,3925671.93374517,4320000.0,135.6377574835639,142.93432090873583
49,596120879.3447561,140543252.0879041,3929520.5809372975,4320000.0,143.65120497906017,151.32921808136078
50,583228857.1456136,139365805.39979547,3938681.2458590195,4320000.0,140.23362623014978,147.6612784638959
51,567802158.5454267,135871250.28595763,3915205.6543187066,4320000.0,137.3748119102666,144.83738325809608
52,566213664.0663025,132989540.35994251,3905742.5442348206,4320000.0,137.05230956344383,144.36591037413285
53,602642732.2822517,144032865.79409444,3895757.02661118,4320000.0,146.4428162023298,154.28475413236802
54,607894342.9487019,143470390.07692003,3943288.51781977,4320000.0,145.71976462584362,153.52093049121797
55,552407004.8076267,126612366.2070774,3927594.382861902,4320000.0,132.98868668533896,140.0905783642853
56,584980692.641615,139342798.4941215,3930555.8811644786,4320000.0,140.9372172353542,148.54645157734137
57,598665070.4006038,138407925.8703179,3953107.8017641087,4320000.0,143.21483627010602,150.8405053655463
58,575896341.8905089,135425548.9328474,3925138.95464556,4320000.0,139.04418081766528,146.5575931040093
59,576441975.8760532,136079363.60506743,3936217.268260283,4320000.0,138.68572906375087,146.11661142280016
60,600620890.0832005,144742002.07767802,3925907.039838254,4320000.0,144.63177185544242,152.31437021556883
61,610874336.9463072,144563674.8555511,3917127.0648926226,4320000.0,147.53998409015801,155.63318590989246
62,569508160.5783701,139237780.07705864,3897143.975161597,4320000.0,137.9721251997865,145.3002187655174
63,593694442.8895518,144572920.60288128,3893528.754911733,4320000.0,144.51612759036865,152.28121505831825
64,596121521.3539275,139692962.59488404,3929553.607800875,4320000.0,143.68202420250742,151.27324656905083
65,596791321.0488541,139866205.77242732,3929117.8917940045,4320000.0,143.79799419778257,151.4355511490555
66,576769590.6977454,136864796.94519532,3958921.79705031,4320000.0,137.95610763526227,145.3407372396682
67,592065416.3698654,139749869.58621374,3917394.4376896345,4320000.0,143.02723837638626,150.74530737889606
68,565707669.2946254,133756571.48834437,3922670.6731190104,4320000.0,136.16949914553692,143.43188850432136
69,549596625.9242744,131176020.34142001,3931911.252773862,4320000.0,132.33120191743706,139.47116561417613
70,573883618.3175343,135791012.29727176,3930203.67095228,4320000.0,138.3385301226122,145.70633970483743
71,596581366.6138457,138163184.10704485,3939833.737692099,4320000.0,143.42097639800642,151.26057498516354
72,571301398.104107,134749063.44050568,3934070.077269645,4320000.0,137.36151710967337,144.66562900180836
73,568866594.3669534,132110617.89588372,3933452.6254863236,4320000.0,136.73422602074749,143.98584180760275
74,579480670.947362,137969920.41572377,3943866.5082312943,4320000.0,139.1012552447945,146.49375764823438
75,589173968.8260169,140575902.92887047,3942945.9464065083,4320000.0,141.39297633842503,148.97513826987569
76,608416327.1549293,144047848.1566699,3932146.774737104,4320000.0,146.4315716320445,154.2444053404628
77,595909767.327474,140420752.10103363,3908118.097538117,4320000.0,143.9981004666641,151.72176215178644
78,574854019.5570205,137911304.3963896,3938039.638393896,4320000.0,138.31852077591876,145.74016695120704
79,564769744.40697,135134297.8632062,3917872.9382574777,4320000.0,136.35717751126685,143.62179611832352
80,561536617.6275443,133519669.54819106,3937319.0353006176,4320000.0,134.78312775980314,141.9919496401635
81,584071047.539875,138494610.82132664,3893716.310680759,4320000.0,141.87897601024167,149.56833704645973
82,598885578.7571452,139204295.13009158,3927463.564743453,4320000.0,144.34975063478723,152.02844139360388
83,563050824.7322956,135669115.7266906,3917877.730028752,4320000.0,136.015961017998,143.37095661785335
84,608133824.2619363,145649226.0153844,3958944.6023933436,4320000.0,145.40053517891744,153.18254869358185
85,600334480.623791,140876600.85219133,3947429.0195845515,4320000.0,143.91606566604048,151.687120857654
86,625584893.60175,149990857.9776311,3934950.3018020145,4320000.0,150.56994333005096,158.59192944541718
87,574674839.8021549,138641487.2585157,3925067.1265846477,4320000.0,138.4754358308331,145.82175513989378
88,597372516.1050097,142607826.90322113,3909647.2065821392,4320000.0,144.5505396400736,152.22016074444352
89,578979906.3408923,138384848.5623295,3921101.325187339,4320000.0,139.72434784602717,147.1873606734759
90,587265022.8151954,137570247.56462395,3948338.582243488,4320000.0,140.77895265070575,148.395072591614
91,574290543.5438237,137736478.80067784,3923124.012420633,4320000.0,138.48094860535582,146.01470036693433
92,584367220.0320964,136288538.87788662,3926153.5243766047,4320000.0,140.70844743564268,148.2485772363306
93,608371914.3727813,143327026.4641131,3930640.794299942,4320000.0,146.58378482564453,154.49501353003922
94,602155343.1082722,145602946.95920298,3938830.8240096145,4320000.0,144.7283382454654,152.53529824838185
95,580437660.6438943,138239671.32668254,3912755.136472138,4320000.0,140.27610849183915,147.95621241380405
96,564752731.1737119,133175918.77341647,3933469.60981735,4320000.0,135.86939676830534,143.14197021368906
97,589446408.8786752,137508638.85710192,3916629.4189742915,4320000.0,142.24071112229208,149.79207462288386
98,640833932.2471694,149251434.46550003,3937297.297777708,4320000.0,154.00137198091775,162.267406869779
99,604903958.9893361,140146083.75091898,3914979.86505976,4320000.0,146.17078183679814,153.90654505826078
100,610157962.842506,144233694.9423186,3901585.4594078492,4320000.0,147.96143682615093,155.90953971318862
101,594153457.0443562,140892274.7470034,3908250.931505773,4320000.0,143.95868978313763,151.72883483177242
102,619584613.6067756,147065892.86688566,3919271.0976467645,4320000.0,149.5754802488037,157.52549840208127
103,570837085.9305397,134249503.0796391,3933327.5943183624,4320000.0,137.27301335937844,144.58763706966366
104,631418191.7803273,146746772.21403563,3957163.7164211026,4320000.0,150.87498660569943,158.7883360647899
105,583180100.4532418,134044991.85617495,3934253.225119456,4320000.0,140.35561919219955,147.88249708789672
106,597637352.0524473,142834647.3817884,3945081.74867286,4320000.0,143.14468836595444,150.67255015508226
107,590366399.5705904,143428400.57633486,3917801.2052580477,4320000.0,142.4406034342122,150.04792064371566
108,576886525.1406208,139357757.09901544,3928106.445741505,4320000.0,138.85050417283,146.4463569554747
109,575977045.607663,133741631.94703159,3906331.077244763,4320000.0,139.54622835551444,147.14040984171564
110,579601782.4272681,134768807.29346392,3920160.7431256813,4320000.0,139.86657471739812,147.5671884308657
111,566598852.6630949,135451067.6434291,3914181.7128593214,4320000.0,137.1926423279082,144.4839928742268
112,586711024.4647058,139205898.98686665,3939198.7886637105,4320000.0,141.1441802229538,148.61949225685416
113,588645906.7576787,134936855.3690961,3943892.3938086247,4320000.0,141.3934916597542,149.0025545529366
114,573813811.0528642,136299608.11878026,3915072.1186138364,4320000.0,138.9158126637166,146.34572104039788
115,598713305.2018352,140583614.77928904,3938546.4364234433,4320000.0,143.6783857259852,151.37160806736412
116,576257315.0056988,136232440.64101693,3944679.7590171974,4320000.0,138.2341817950646,145.70056291309868
117,621130700.0355,144530032.53884837,3937733.939937889,4320000.0,149.36241835498376,157.34718947725824
118,620011048.8115104,147474133.16892108,3958432.7900027786,4320000.0,148.25291135372638,156.19180931704005
119,576134974.0954816,136084466.0955684,3923304.7797886697,4320000.0,138.9087761928742,146.2741353012947
120,572296457.4921039,135929896.80880383,3941570.6399745573,4320000.0,137.24787949360476,144.59189457896
121,620238998.9809424,149337820.76437965,3931931.387712644,4320000.0,149.1832177941974,157.1456174155806
122,575164391.9957598,136443617.86857265,3939438.47771962,4320000.0,138.26717175303037,145.61612313192634
123,585820224.8404537,139514786.6263637,3918620.820945282,4320000.0,141.6113800332581,149.18499611756044
124,581880796.4912003,137338613.14487052,3916366.02191448,4320000.0,140.61392860565562,148.21203959886455
125,579912976.6792425,140042682.901486,3927476.7806652337,4320000.0,139.67789965033302,147.3441374309386
126,578125795.3210206,137299642.70403785,3933083.929479752,4320000.0,139.32018926148095,146.72650713059673
127,600024481.1222605,138203729.4911798,3952047.8547688113,4320000.0,143.54202024702047,151.2124784725685
128,607322523.490493,145731744.01312605,3926411.5858444166,4320000.0,146.2337118851481,153.98415116538678
129,613944941.5463548,144246597.93439353,3928853.0112611153,4320000.0,148.06241706980626,155.9908713340938
130,581030222.6728696,135146326.18530977,3949774.9154212433,4320000.0,139.30783190704568,146.71581661736934
131,570355947.1336471,135681791.75432035,3921485.8289089003,4320000.0,137.7625152396016,145.12706398138928
132,582515857.0879811,138590945.8615465,3928497.626859264,4320000.0,140.2816065541798,147.81589541495387
133,575554666.0013431,137575642.53629312,3911473.3232440553,4320000.0,139.14084045096357,146.64205412168232
134,575932849.9374392,135910549.7915262,3937738.645903486,4320000.0,138.47968307215086,145.8316616221202
135,578738097.8835979,138692659.3930656,3888862.0850507715,4320000.0,140.9436544988727,148.45290135260993
136,582382105.7464416,135167834.37497747,3932073.467536327,4320000.0,140.10464021797085,147.59306744564452
137,618070065.591938,142016441.41315642,3948174.1657720506,4320000.0,148.0074304188459,155.8174064897236
138,591621946.6370354,137077013.63822213,3923788.972070893,4320000.0,142.7567613146508,150.45646294042865
139,589198110.55339,133961566.15248585,3936907.245604246,4320000.0,141.70312695445375,149.18157152373476
140,608244386.1039003,143235775.84559155,3920485.4220570354,4320000.0,146.69894278265417,154.6002448193263
141,616108480.1133473,145763156.81605953,3943764.306978201,4320000.0,147.7942985444982,155.76795922993784
142,589820343.84159,138071668.89733544,3922505.051554613,4320000.0,142.14465725165118,149.74484928884854
143,590656405.0145005,139015904.62654108,3925749.744028984,4320000.0,142.27050419058466,149.82037676233338
144,570351925.111798,133324564.71991606,3925137.4350846717,4320000.0,137.4464171580231,144.7738971780768
145,597612908.7687743,138446813.03258812,3934573.7687090156,4320000.0,143.79447204387557,151.64568596948322
146,581616341.1988791,137051192.79802117,3902913.8312664484,4320000.0,140.89065654641837,148.5870261224468
147,586142558.4132973,140290560.4501826,3932903.2557320953,4320000.0,141.02647456357536,148.4439394468144
148,587363785.7683934,138713155.8597995,3933628.3427702677,4320000.0,141.1621195164489,148.8351665758384
149,614429666.9962097,146385174.452437,3942692.5470115994,4320000.0,147.28081627087622,155.19226227276505
150,579836112.6964056,141308053.73119414,3924025.565717943,4320000.0,139.90445513280963,147.44320821505156
151,569926711.6058644,136154369.52427334,3935115.089637074,4320000.0,137.08968247529364,144.40175958498102
152,595132118.0962052,139919077.3277,3921929.2968081757,4320000.0,143.61989303667252,151.4094229926464
153,623164802.3022072,148185316.92383724,3930200.345101439,4320000.0,149.84874461557678,157.77109970291835
154,583896451.9207801,135603810.91591915,3938631.8918213495,4320000.0,140.15191445799803,147.5420552071317
155,603461033.8219237,144829424.23330292,3941188.669326753,4320000.0,144.89245847284195,152.75518632385015
156,599453148.6450411,140155726.60953128,3925992.9787197006,4320000.0,144.5199404137784,152.22009421166757
157,533069146.50567776,128643779.43156254,3930568.0319815273,4320000.0,128.43749013766723,135.26284382981424
158,599857458.2654326,143252162.2839672,3929196.775856924,4320000.0,144.633239560007,152.2857164748727
159,594362800.5383264,139500854.87098292,3932898.28797264,4320000.0,143.18507939624038,150.77133302980712
160,580905430.1155599,140207026.63437137,3941553.0733441287,4320000.0,139.58630441917254,147.00460858591492
161,555323290.0912404,131550523.20051758,3911646.0364865432,4320000.0,134.3493626569394,141.48778845962573
162,599129375.8350636,140544872.06891444,3950691.6237124465,4320000.0,143.43730615662665,151.21452290507352
163,616201936.00169,142267844.79001695,3923993.429102194,4320000.0,148.6276884454215,156.51151960160394
164,617746403.6268736,144570275.65109372,3933635.2783360993,4320000.0,148.65592534483778,156.65204359191281
165,607504117.9042172,142072644.3602368,3950139.1984972768,4320000.0,145.68119578279303,153.3913460434975
166,597488942.2516388,143412285.38884488,3917974.7571724807,4320000.0,144.32411696826864,152.05606392342878
167,617310477.5700889,141818222.96944696,3941134.4970112722,4320000.0,148.19797831704633,156.0678563093408
168,586687917.7260978,139993908.4403361,3915205.7661210005,4320000.0,141.7380253602205,149.26321971980443
169,584230602.3359361,137128363.08317697,3953828.2088680337,4320000.0,139.89879552098736,147.33102409608298
170,564172766.4709994,134064244.39479674,3916713.7675443073,4320000.0,136.4048985594289,143.6606171388092
171,607362093.6792752,144197093.1663315,3935390.653899292,4320000.0,146.12235555196796,154.00330419612354
172,574855509.2506332,136448808.59440494,3926768.7723503103,4320000.0,138.29151218340647,145.6850319976767
173,595454878.99466,141273364.89656296,3944630.3515945347,4320000.0,142.87957795507026,150.54136207191033
174,598640506.5823439,142837446.7943056,3930260.0232360964,4320000.0,144.01489657754442,151.9171737865285
175,569961543.39132,134274337.58990124,3933234.5158122415,4320000.0,137.42451995979033,144.68850757815815
176,574812923.4019045,135343466.22946694,3927104.897484031,4320000.0,138.43147086574075,145.7626647103057
177,596098611.4622326,142374808.01961157,3929292.3088434655,4320000.0,143.44306701757029,151.07530644697994
178,583433836.6805254,137896284.356737,3905347.9982223613,4320000.0,141.5412865993604,149.11655250493456
179,592744415.8558003,138634897.79170206,3934941.3073082916,4320000.0,142.60763442978956,150.39467861794566
180,585341150.1125246,139584978.42947268,3936779.727359884,4320000.0,140.56376538252206,148.18804717862588
181,584256266.7900999,137579677.72668704,3925599.6638241,4320000.0,140.5849564111625,148.11054762715312
182,558411716.9167868,132772557.84857151,3941606.1553710657,4320000.0,133.96108443507708,141.03507173879365
183,611737876.7052691,140509191.94316027,3912135.3577147042,4320000.0,147.83581719845782,155.82193412878175
184,588243620.8852699,138551552.75142527,3933811.149253364,4320000.0,141.57180823329446,149.13943271744495
185,596982271.299432,142068780.7991911,3943318.0365437292,4320000.0,143.3648107129176,150.99123082027134
186,614927688.9176224,143446354.29153618,3942784.733751298,4320000.0,147.6216122507047,155.51789306121893
187,617578668.6757348,148082735.39301133,3930339.394814513,4320000.0,148.589521712852,156.52986402557454
188,620773005.6278688,146541942.63479516,3944610.094381259,4320000.0,148.67564811750157,156.73514416844438
189,585658672.7432873,136893768.96718508,3915307.7896719542,4320000.0,141.43160099547129,148.96177468502518
190,598716574.5813535,142371915.113684,3919459.1576168514,4320000.0,144.6736493005358,152.50665942355008
191,575436694.5906974,138254285.46952572,3921218.5995095773,4320000.0,138.95171832491036,146.32982987282764
192,591699962.2733496,140994011.94155383,3936018.097343578,4320000.0,142.369894656027,150.18485087350516
193,596342746.9353659,140949837.56123,3948088.9862941448,4320000.0,142.91831663069652,150.7238970450881
194,600427036.7351698,144780009.52118355,3934010.6263125096,4320000.0,144.4360547454423,152.19207833727867
195,594479330.3357338,140676769.79100272,3941857.133248855,4320000.0,142.99724478156975,150.59944889289253
196,613255649.9821491,144582669.38184372,3927931.314637689,4320000.0,147.85836814370984,155.7939755043294
197,574168766.6018599,134881368.5688884,3948332.9348537745,4320000.0,137.58242286796118,144.8430875795779
198,597233773.8125069,139802519.77682015,3932542.476305785,4320000.0,143.65288836317998,151.34793100761152
199,600516280.6748838,140356008.6786523,3952092.765808656,4320000.0,143.68873907596145,151.42658888987276
200,616525438.1527017,141178551.94890004,3924543.250474738,4320000.0,148.45169151088152,156.39050053759954
201,584631905.292845,139372553.86301526,3926116.342377869,4320000.0,140.8620802334697,148.45144013707358
202,551318039.6626341,132771185.4891522,3926842.4493264784,4320000.0,132.68063270617097,139.7714876685582
203,577198868.2647412,138129277.7178355,3924995.48753235,4320000.0,139.15156748893114,146.65653509439423
204,574246927.3665497,138569219.98801756,3931339.734884131,4320000.0,138.2075854259042,145.65621340442812
205,590854030.5309478,141381160.06635725,3941295.116970077,4320000.0,141.8360595417321,149.3267028789617
206,589859123.4616965,138669645.2236461,3949036.7788250134,4320000.0,141.11138276867214,148.5959836222602
207,585778848.0484166,138173820.16958332,3923687.6937666545,4320000.0,141.37854152808694,148.95229895880973
208,579312625.43132,139020307.56715885,3932188.2385867108,4320000.0,139.60302588116696,147.11852690733147
209,569934699.0151263,131634731.94712439,3909254.037934175,4320000.0,137.8918234144577,145.27201870947934
210,573129128.7135268,135676732.7942103,3939911.8834851403,4320000.0,137.70655629336923,145.0679212432011
211,600071938.6550128,141593480.30520314,3946151.7751417407,4320000.0,143.81247754861445,151.4599875405661
212,574662899.9429924,136312605.61282837,3911036.2106264504,4320000.0,138.84269645194567,146.23728427583876
213,603445336.7142103,144726096.99716753,3926665.9627434933,4320000.0,145.19614576860303,152.98907528987374
214,559367603.7899489,130624283.9384854,3910624.247975842,4320000.0,135.7207952024391,142.9758406608154
215,609956654.7320477,143578205.34443086,3919784.986542129,4320000.0,147.4144752981322,155.3350344139151
216,594098369.6595209,138027337.32506847,3934100.5946297534,4320000.0,143.1962089518948,150.8169530501183
217,595171782.4113675,141606655.46337828,3923295.4205168076,4320000.0,143.57886628772485,151.14773692213546
218,556673463.5710438,133675129.36000653,3938933.949009981,4320000.0,133.62825371679435,140.73743370411603
219,591200673.6508944,139503992.99955684,3931109.318132754,4320000.0,142.49954045498575,150.05143173401282
220,587864729.6546273,138539511.69552475,3921712.5801102878,4320000.0,141.92774492194206,149.5749260202994
221,566537378.7063186,127712578.38363425,3925694.1410441403,4320000.0,136.52195962685002,143.7469438109806
222,629113363.1305572,148169613.08542803,3954384.8875416378,4320000.0,150.54849812222554,158.73840392899268
223,559132275.6244376,133916927.05592473,3896357.444679813,4320000.0,135.90157853909167,143.12013406407448
224,608063607.0583497,141382457.31653026,3937347.2223829995,4320000.0,146.07797151339213,153.74541212846563
225,563682378.1262438,132987792.73570886,3909081.916803547,4320000.0,136.43103288813597,143.60897715846656
226,570555667.9666532,135411140.3914728,3920465.1473866734,4320000.0,137.80765602102255,145.21926769455948
227,596053799.5108782,140489424.15813518,3955038.027659792,4320000.0,142.47575667682878,150.1429197812196
228,587931331.5180576,139066157.81559578,3942411.1244392316,4320000.0,141.08219380835862,148.54567637407857
229,574069362.2154114,134881542.83108363,3940131.709395778,4320000.0,137.9389542916193,145.26763250476608
230,587422632.5378001,138422862.7030831,3949482.917752464,4320000.0,140.73850932613263,148.28911709563152
231,585877344.3319756,138073929.6980683,3925286.809833122,4320000.0,141.34718249857008,148.89352921531358
232,596268042.4743121,140927143.09885213,3918367.811454541,4320000.0,143.86998528050853,151.66634274296297
233,593948535.0962912,142312691.1696732,3915065.7761808145,4320000.0,143.40543098757178,151.0889380721016
234,569066913.7162142,131987945.53839591,3943807.2360807555,4320000.0,136.56411660792708,143.8817298023238
235,568336070.9634957,134853877.15670073,3923481.571301091,4320000.0,137.0977129305424,144.52527551108585
236,563976356.2192839,132226763.57702127,3965355.3975776886,4320000.0,134.6308870264301,141.78390410694507
237,584306037.3689088,138100219.9070893,3946243.6470724307,4320000.0,140.24423536444291,147.6691148205069
238,602599480.1435688,140687995.45050278,3935466.321600057,4320000.0,144.7703479997519,152.6303695508865
239,566417364.7978209,135581666.2250545,3937192.8277509427,4320000.0,136.10617373291504,143.44899130480454
240,591941405.5184833,139622767.8360605,3935308.659585415,4320000.0,142.49629519059698,150.01628908950116
241,592534850.688176,140600449.31877545,3939351.460380715,4320000.0,142.24748735882162,149.9211253652282
242,617671855.3272752,141974902.7819389,3921924.4209236098,4320000.0,149.1338881235115,157.0032445177546
243,591839496.5755725,139122190.78892413,3922045.4910488985,4320000.0,142.86906972406234,150.4947992233282
244,588554041.0942268,139386722.44242337,3930023.6769792065,4320000.0,141.67306964745111,149.3249583732622
245,562094225.2890286,132028069.23953159,3933546.921653056,4320000.0,135.4273709298506,142.5502029720712
246,580515784.8021146,137936641.15837103,3940432.4039017595,4320000.0,139.58738660310402,147.1489142020645
247,570954738.5467267,136295576.41753787,3933148.45813897,4320000.0,137.31737018518106,144.6705119070281
248,586654998.8274305,137600219.4134755,3925656.507365995,4320000.0,141.31732565090974,148.88544197506138
249,606461627.8773857,142136130.44829178,3946219.8989054672,4320000.0,145.43319047387882,153.15699380327635
250,562091486.8780117,135389403.90637887,3924584.9242978846,4320000.0,135.2686173365597,142.43607773069505
251,614710721.9075996,146877670.2319861,3946577.780534366,4320000.0,147.36648646193765,155.29649646170438
252,622638046.1882738,150802463.36516196,3920466.916364388,4320000.0,150.33390409981604,158.18820472664783
253,600105707.5397696,139520995.09507188,3946968.7730320795,4320000.0,143.979110974996,151.63149221540144
254,581813002.4379522,138333755.41846645,3915988.861941076,4320000.0,140.86233897661484,148.4983759467937
255,604997118.2009723,140329107.32297716,3933286.1525135427,4320000.0,145.6714321020554,153.45213941718518
256,583079428.2170969,138486510.8193633,3949068.8180852425,4320000.0,139.72796857834925,147.12429260894424
257,582455062.9451809,135438163.09073216,3915720.9221664877,4320000.0,140.88984001138903,148.49135832164728
258,558889597.8712767,130639334.63634576,3897602.548968132,4320000.0,135.6516941013697,142.7722449034309
259,604408773.9869889,142341037.25509113,3934090.2360713123,4320000.0,145.45334612867572,153.2463271971711
260,592263007.7725092,142625263.53962076,3938555.487784434,4320000.0,142.37126979363535,150.00368103623495
261,627516165.8380132,147278148.7798126,3947776.8071004627,4320000.0,150.30559529117585,158.2897475753913
262,595579347.2686945,137359883.74745736,3924111.7536600344,4320000.0,143.6265687177487,151.3418990765711
263,582661548.1110029,140422853.25192523,3915422.5559102553,4320000.0,140.66943313794903,148.29505388376407
264,586827251.6062241,135983529.67519367,3930442.044616983,4320000.0,141.41494185572253,148.9858839320692
265,579310691.1942211,138506740.19755304,3937127.4528948474,4320000.0,139.1340167543099,146.67000236252568
266,627784767.0895106,150575567.80224794,3934482.826364294,4320000.0,151.05284092666804,159.2357545230686
267,571585584.252747,135935539.1903905,3952072.978879365,4320000.0,136.75247671938862,144.11734333850436
268,578273823.30078,138001482.2046206,3919246.7673559934,4320000.0,139.79576393627337,147.3316833582386
269,590198515.9214014,142133314.67740417,3912012.0457461476,4320000.0,142.79471697550707,150.4700890589397
270,563729363.7221515,135989295.06410012,3907703.0148396245,4320000.0,136.6466014701703,143.95560811865204
271,571248216.6787668,133463565.69670027,3933801.206688134,4320000.0,137.41544293707196,144.69746789752205
272,607187830.0020187,144353673.6464934,3942567.0592844966,4320000.0,145.95669034110094,153.74533865738601
273,596456448.9557627,140249715.93401104,3922274.942520228,4320000.0,143.96416778311036,151.7678638709439
274,595893226.0392667,141986929.97133705,3916057.5064378507,4320000.0,143.80998526471734,151.56243339802052
275,584062132.1483591,136357203.7515069,3927862.254628199,4320000.0,140.79377514513163,148.3297030729501
276,574193201.0574303,135657435.61618564,3940200.426514629,4320000.0,137.8916709877238,145.27017583382678
277,586886999.4985625,138728867.5479391,3948057.827986979,4320000.0,140.56837589814228,148.04004300753294
278,574928586.0300581,133875463.07641709,3913779.0567661105,4320000.0,138.87118861500625,146.26408721152393
279,583766233.3402578,138576969.9070063,3912510.437684419,4320000.0,141.17925048376864,148.7832489153508
280,569165532.6943016,136357020.9033334,3917642.4765257477,4320000.0,137.3444234473139,144.63218189918402
281,630709557.5429143,150421347.63863933,3919398.2893209667,4320000.0,152.22412096594718,160.56021090322182
282,592227742.5998821,139858257.13826966,3951712.4567438564,4320000.0,141.65292917380117,149.1859408741116
283,559731757.4811023,134277943.45275572,3942206.575967183,4320000.0,134.29802165421646,141.51851185433532
284,611951513.7882125,144084725.38917074,3930957.075525585,4320000.0,147.37783442425496,155.3035725346454
285,588640409.6834435,140059169.66248837,3928929.491918863,4320000.0,141.81113166364477,149.32390204152975
286,611640254.4706008,144373184.40958682,3913918.0278817182,4320000.0,148.00905645802624,155.94600260399486
287,560323189.832107,132575212.32101485,3935670.912213683,4320000.0,134.63792500491485,141.81456489227722
288,612896683.5061605,145006026.069612,3925898.192567499,4320000.0,147.68235846380372,155.6842880662445
289,580150486.7525339,137478793.87943903,3927489.6489339666,4320000.0,139.75764450291354,147.1671808968577
290,573649673.9635644,138039529.4656966,3910835.0034153955,4320000.0,138.7530010398006,146.21317259588886
291,586437432.3185023,135884874.7900176,3926717.8669233383,4320000.0,141.31584937465297,148.80082849201605
292,554528690.2312275,134001056.68219793,3934178.762773065,4320000.0,133.4532243063075,140.63393596670167
293,598319809.8101379,143707279.62738988,3925003.56895378,4320000.0,144.52638701764982,152.33194950811716
294,573916595.8034496,135003433.36818144,3953717.155551546,4320000.0,137.31149828617737,144.69725829533613
295,591718927.2099912,139254157.03436968,3938860.0672353064,4320000.0,142.09672981962387,149.62036847141664
296,566784983.9370576,131556821.80466557,3916432.7471325374,4320000.0,136.81389951438254,144.08987830365794
297,587875214.287901,140080971.18832195,3924034.601408494,4320000.0,141.63037028507014,149.2365393998544
298,590134910.428155,134414335.20324448,3918428.76345299,4320000.0,142.65004156470684,150.29499808498855
299,592264174.8024609,140195395.31616944,3926940.315863784,4320000.0,142.6706366748337,150.20894343039865
300,575577385.5127765,138091298.3203379,3932280.908607508,4320000.0,138.40433485302526,145.78396139616214
301,589338960.7460102,136797372.67188933,3910320.1832611663,4320000.0,142.73357221521795,150.35409034161435
302,584231797.0803758,139598602.39960065,3957433.785155095,4320000.0,139.74619480139935,147.220380367013
303,620681595.7053726,143793364.25167474,3922500.4170698323,4320000.0,149.77268493445084,157.88075476316547
304,577931189.3057222,137100805.0302492,3951925.2612045477,4320000.0,138.26633732265233,145.58352687362853
305,593148985.5410367,141627107.3436428,3921176.993961614,4320000.0,143.29706881541918,151.0170636474501
306,577830071.8227849,135685668.56384313,3939681.707601372,4320000.0,138.79522742731265,146.1895104608772
307,587625297.8447255,137827584.33765528,3927206.4647538466,4320000.0,141.49226861098856,149.12179867641055
308,568442991.98439,137653505.58625972,3921724.373910879,4320000.0,137.1120200710924,144.3698974769187
309,566455613.6008067,132904164.17685792,3927662.360635411,4320000.0,136.57112455072286,143.87473293053696
310,582240733.4931242,138484911.322298,3936215.584643131,4320000.0,139.89634034590185,147.47353556678746
311,580671184.7628669,136254226.16577604,3928714.3004895244,4320000.0,140.12601508394314,147.63575259831242
312,598800869.7773023,139316476.2392847,3922194.8831737223,4320000.0,144.2691014142678,151.93201638344664
313,567479047.1771852,132924159.8255395,3942880.2521396275,4320000.0,136.0696737487671,143.43035658928326
314,611734805.1627883,140822320.5739926,3942555.6555944015,4320000.0,146.990578639899,154.88294379990734
315,588896473.2730412,138649675.33003598,3918007.708281607,4320000.0,142.28296407265722,149.79173009442795
316,588615287.0177515,139370038.89114976,3908019.002845452,4320000.0,142.51926613932648,150.10415077826244
317,606686601.9367571,144010377.97307318,3936922.3216378144,4320000.0,145.86369930423885,153.62856612158174
318,575765865.3380687,136611608.3669913,3917524.1566138105,4320000.0,138.98551345013283,146.4173806959608
319,631410902.7902191,150991733.3987079,3921772.1671064915,4320000.0,152.29890247862062,160.37475643445842
320,584904207.6641744,139554898.34624147,3930158.066076192,4320000.0,140.78981458947516,148.36969696731384
321,577895474.148986,132745754.32316129,3927636.30598876,4320000.0,139.21384063370678,146.6710531915218
322,583150315.2310642,136860814.24503842,3945617.036614121,4320000.0,139.73576831915946,147.25544711061602
323,580828342.334477,136549780.39713305,3927608.757696895,4320000.0,140.19790502210228,147.70537048881928
324,595737556.9358678,138988634.94510558,3916697.5733820465,4320000.0,143.98509379573431,151.54781095646265
325,601519032.2086729,139599576.03775865,3934648.8620558726,4320000.0,144.50719983517786,152.2009623703316
326,570331625.2275966,136381509.9229197,3918044.2528610444,4320000.0,137.72581829143488,145.11368030707766
327,581824792.6324804,137568077.49413887,3930899.4159095543,4320000.0,139.92726037974813,147.39417183010772
328,595422827.2119969,143198583.94782948,3933054.409918258,4320000.0,143.26875643994663,151.01075845030454
329,595549534.3069654,138655303.96161658,3954428.207427872,4320000.0,142.54668011015505,150.19497209238688
330,588993164.8619369,138357731.59946066,3919162.2895894647,4320000.0,142.0342266845641,149.59536736595436
331,591584504.1520939,140927125.14021653,3945046.1244977675,4320000.0,141.8255759291481,149.53252539750105
332,586455693.6640732,140766655.11410457,3892167.8071168996,4320000.0,142.4077995360352,150.02186268697784
333,612319790.6757749,145138009.9738779,3914960.7823341438,4320000.0,147.89794541682554,155.7299032974455
334,562080923.9856613,131113713.94143479,3940761.469389952,4320000.0,134.93790507299127,142.10762381736248
335,605530713.2276839,144161042.38944143,3948966.408330998,4320000.0,145.22754276679046,152.99824239987362
336,592539294.8126961,139504783.7954211,3910845.250066853,4320000.0,143.87703976023707,151.47842800261873
337,568119524.0301666,132743825.34095293,3928121.2185682356,4320000.0,136.75903056822668,144.09874604948627
338,574145459.8271202,136643650.0196247,3940548.805994107,4320000.0,137.85204755483016,145.09120181147037
339,573786823.5237149,133312867.01695795,3924691.533720768,4320000.0,138.44399201372187,145.8895417319331
340,604799932.4264619,142280952.89780107,3914237.4552178825,4320000.0,146.03155452998524,153.70526282647327
341,587327835.5784246,140745159.83859757,3936731.8724110294,4320000.0,141.25504466321297,148.78555841707157
342,590678785.871393,138613874.52879217,3935104.8150413358,4320000.0,141.9529328754953,149.61429206714382
343,574233047.160295,136681951.22087628,3933507.6818533447,4320000.0,138.37788741626835,145.6619979095083
344,577198845.585519,132856767.83078018,3913564.3197939093,4320000.0,139.7639995636304,147.19312398872788
345,572507619.0396185,135697711.57972145,3929960.7972588744,4320000.0,137.80365475647176,145.12774522020266
346,591907614.5616572,141011793.66651043,3934464.6911155656,4320000.0,142.29153913388254,149.9597810880556
347,642454250.6813866,155107358.64125493,3937428.2249118085,4320000.0,154.34199524082933,162.71899913340337
348,603330625.3023604,142268153.6597209,3953867.57306161,4320000.0,144.49649632758246,152.18277586333
349,603878125.8216416,142366333.7782631,3936446.293080085,4320000.0,145.15091634136135,152.95218648890494
350,589039420.5013869,137374752.1051564,3922829.964645295,4320000.0,142.24684859791034,149.76910523447845
351,584108243.1365107,137714244.35333794,3911483.540211277,4320000.0,141.26735579997302,148.86869638509182
352,598363477.1975336,140812013.10040286,3943184.673115048,4320000.0,143.58891473474392,151.21550193393753
353,581621254.342316,136599471.5857799,3922236.1857048655,4320000.0,140.35935235646974,147.84806192425333
354,561968342.398208,130292997.85563888,3912861.9738909644,4320000.0,135.96008012015974,143.2362514413759
355,629731690.8442404,145312376.70161808,3929827.2123877015,4320000.0,151.49031375003338,159.702167911258
356,589348028.0953566,139029563.41889778,3944641.0411121976,4320000.0,141.28846969360742,148.8066819599798
357,596232850.3905184,140843071.98167196,3925374.2257183255,4320000.0,144.00261536580246,151.70625742557561
358,584326249.590971,135869849.9146208,3943172.093249042,4320000.0,140.13158038115355,147.65265047053455
359,599746495.673273,140858269.539927,3939602.102536225,4320000.0,144.04348348065034,151.71259023607973
360,564088956.2545521,135777264.47156915,3939461.661230062,4320000.0,135.42416656478437,142.61493017761697
361,618532675.9588035,145921314.69105756,3948204.6571955755,4320000.0,148.08174393588035,155.89375721704224
362,593774255.6936718,142233169.4976719,3922900.2824902115,4320000.0,143.14337972868776,150.707204741759
363,558194031.9953345,128406143.84421699,3925836.4279738413,4320000.0,134.68134541823378,141.89645228291906
364,596471919.9088836,138047832.86480832,3937044.1410162523,4320000.0,143.4830911881701,151.03312964857656
365,609186889.4890118,143810676.84880796,3937832.6753700473,4320000.0,146.32256042850207,154.1834350869123
366,597310839.0218674,139815550.95868465,3936480.508536211,4320000.0,143.4781940272477,151.1179962649977
367,579673982.619535,140589048.3475349,3954949.8756267303,4320000.0,138.55099750859716,145.98991102812994
368,600571344.2937576,140276174.85367373,3916421.4620338404,4320000.0,144.8140559133041,152.77930481786487
369,576581881.4105272,134630124.62191886,3916436.7698627408,4320000.0,139.3604521499362,146.81991018372247
370,618250437.3898934,146863491.7877898,3907817.009842652,4320000.0,149.8691138602148,157.74114264593354
371,595146213.1047244,140425359.36023864,3918880.8712162375,4320000.0,143.6031375042601,151.31964132395606
372,558955061.8396308,134330389.64232934,3918166.843260489,4320000.0,135.02992030792842,142.25150454001542
373,569553925.5317776,136859874.9185462,3917452.02678459,4320000.0,137.3827847024362,144.71534323439738
374,572815500.6869646,137726525.11368543,3923692.40065009,4320000.0,138.17448623906725,145.61434186696337
375,578376326.9418299,134319750.59983435,3926866.486993497,4320000.0,139.49734709916837,146.92422682000762
376,556367534.1205819,133888300.30275372,3917639.6228124397,4320000.0,134.35591099658834,141.55676276777243
377,586041964.993174,136046238.82716814,3930304.514964894,4320000.0,140.9945105374181,148.616670297326
378,573011286.9553244,135502570.27205977,3918232.7889792547,4320000.0,138.15023534823845,145.5118939217153
379,588297172.3104404,138549737.03063294,3920156.370196159,4320000.0,141.82291996687573,149.33380134405994
380,584781736.184498,133756127.79830061,3929980.9186460916,4320000.0,140.8015299447945,148.22181039461006
381,593707630.5914773,137691512.20290548,3923097.087432855,4320000.0,143.2419038102638,150.8987604864771
382,574927092.7009223,137694567.72750774,3917953.3591726897,4320000.0,138.77577089410795,146.1639118610333
383,596136795.2038871,140177048.63533962,3912249.206078338,4320000.0,144.32437441095416,152.15049778153576
384,595480539.6308658,139306589.16029015,3949581.2937765475,4320000.0,142.72210734498915,150.3164464085339
385,592510917.7679852,138933861.6646706,3924930.5499603585,4320000.0,142.92161749636347,150.46924849512416
386,585877757.6043329,135980832.05919084,3931770.528275643,4320000.0,141.0289515465953,148.562329956892
387,586969041.4386052,139682670.89036366,3941620.0786028984,4320000.0,140.94831779440457,148.40977710604741
388,582085732.1435864,137885222.18636465,3904107.9989909595,4320000.0,141.41946344389686,148.93863614574164
389,575676217.1140723,136575330.43467683,3935497.352041804,4320000.0,138.25944928607944,145.57553728321903
390,558888550.6547261,128639383.2627563,3926913.239716593,4320000.0,134.6854481590189,141.8384528850153
391,585985366.286901,140747974.371272,3919087.0769352503,4320000.0,141.40890202502024,148.8961741585858
392,583958156.4944249,136110095.8141076,3905835.9630117468,4320000.0,141.43426240729178,148.90322276068233
393,582574764.097082,141998287.1916502,3904376.0460247,4320000.0,141.13748470164126,148.62198304301552
394,603040208.1665218,142200489.45601156,3959163.0251187566,4320000.0,144.12318119552316,151.89373338816918
395,613667086.4545181,144214771.91122615,3949461.5958492546,4320000.0,147.15956167201315,155.04474259706902
396,582227375.4556866,136202234.6752649,3930569.485168139,4320000.0,140.1534591007427,147.556135719874
397,574875894.4667956,139774013.82894912,3905577.518914319,4320000.0,139.1375497632972,146.5109509805867
398,589828354.5027092,136020798.55745062,3909239.4199109455,4320000.0,142.76599699890255,150.45076454134153
399,546799690.3334854,131204181.02944113,3939903.065177362,4320000.0,131.23646998755603,138.27778434565113
400,605633000.8809993,139979633.68495595,3925467.5483799935,4320000.0,145.78376952718455,153.48179138660092
401,589703629.1248136,138183094.95876858,3924594.9849135824,4320000.0,142.211411730199,149.81290827942047
402,599737632.2027781,142912078.85741842,3939940.1714374283,4320000.0,143.95725659015025,151.6836487275245
403,599517222.5619466,145558413.12626532,3948523.19353795,4320000.0,143.57200189553765,151.12435403275063
404,581628670.7204396,140843689.13328618,3913714.4575769827,4320000.0,140.62641273231324,148.15779768993607
405,571605766.7260385,133629293.32426284,3923670.796034379,4320000.0,137.81779669562863,145.27321927425564
406,586361497.688377,137721006.06247467,3930939.807674383,4320000.0,140.94333937817035,148.5189356317534
407,604732111.2115172,141809925.68571347,3934923.2758073737,4320000.0,145.30154162510007,153.0810782278832
408,610623417.5766721,144736497.97537678,3913168.9911773857,4320000.0,147.77377740174686,155.58354991003134
409,582255650.7796144,136505624.2361164,3923117.7036463968,4320000.0,140.39277623190335,147.9009788489192
410,607671541.9865476,144582156.33632633,3938482.5447622384,4320000.0,146.17729174506664,153.95950955160305
411,586707076.9472959,138974862.22658047,3921524.06428881,4320000.0,141.88270875352973,149.59939984882425
412,591940809.3863655,140864424.06432796,3933603.5455680788,4320000.0,142.25367240328433,149.9314843664164
413,568531851.1515259,132196387.74116579,3949493.778000075,4320000.0,136.33373762168404,143.66951137834678
414,613086860.3874598,146552274.8067413,3950979.171224063,4320000.0,146.9318212894758,154.6637886244026
415,567215267.8804811,129077355.593609,3929761.970973401,4320000.0,136.58119801488166,143.82788123846044
416,596236964.2078762,136809981.8542586,3945654.854905602,4320000.0,143.0026004385077,150.67927824829835
417,581917881.8527421,137164967.38372335,3929941.0918711578,4320000.0,140.37238041359188,147.81293385102978
418,584106234.5459198,140101021.25194213,3946243.5341097442,4320000.0,140.1643078800139,147.58642941612743
419,573603578.642611,138242785.7299712,3948336.2690119566,4320000.0,137.5316272876915,144.84904320442237
420,603620426.9301528,145845941.51327443,3924846.5989701576,4320000.0,145.4299119210653,153.3189907139845
421,577534478.3603183,136273970.90841296,3926091.95328277,4320000.0,139.2976882388232,146.81992311548566
422,583585963.2849894,138055747.08504128,3930092.781647701,4320000.0,140.39061808977073,148.0167319263295
423,588027955.9953887,139406708.95201653,3908714.9789158334,4320000.0,142.37187338884553,150.02982047904615
424,572387047.1930928,134351518.81547806,3910433.091862798,4320000.0,138.55371613285504,146.00791440695852
425,580623024.7323931,137573455.41198072,3949142.0488317683,4320000.0,139.11146153094015,146.5191685337967
426,585768599.2552422,137205075.6902978,3924289.0900942553,4320000.0,141.2086157819526,148.78552433091912
427,604282265.2582101,142612424.36901072,3915652.134345704,4320000.0,146.15316742105287,153.9486241620367
428,592637817.2571075,139915733.85295722,3924517.6414013365,4320000.0,142.8253497276834,150.4431401061999
429,595888350.4663929,139246624.06852287,3953982.1751746535,4320000.0,142.77666382414876,150.33202505859097
430,567348161.9133809,131474685.52892815,3929798.334593162,4320000.0,136.83654070334828,144.07371172815408
431,602452358.1656351,143056683.43428817,3937238.215523143,4320000.0,144.88434929682933,152.55633416613276
432,566541908.3702893,136188627.30097997,3909196.899884057,4320000.0,137.03427688577867,144.48018902248003
433,598370003.3809134,139797796.25750157,3929552.706155095,4320000.0,144.21225489101542,151.92647859931446
434,585411243.8875612,138765738.61554828,3937480.5128313377,4320000.0,140.6303668625164,148.1337884212734
435,599325169.1122395,142860072.38390368,3950462.4843383995,4320000.0,143.67705865124532,151.34122874968972
436,580716644.9377569,137713171.3121786,3946340.7577011534,4320000.0,139.16037271007104,146.57958040431552
437,558593744.2974077,133885621.10002333,3942463.2020691745,4320000.0,134.02938134453575,141.20534152001702
438,580778717.3505872,133889020.65964836,3919515.908299903,4320000.0,140.06602365889304,147.51068394673422
439,577057678.124498,133193346.22615613,3931186.6912678475,4320000.0,138.9914789667874,146.45353802070568
440,574637154.1680212,132837299.47765411,3922320.4464167873,4320000.0,138.50572049105668,145.91505922878022
441,597655546.9269146,138303204.16599408,3927892.394864199,4320000.0,143.96684079009847,151.5633979764521
442,579802301.9150587,133303627.9512066,3898923.534765569,4320000.0,140.6693511869258,148.22187144432064
443,615855778.8266349,141778090.6768468,3940483.482104662,4320000.0,147.91432275876898,155.88241568644113
444,597452051.90698,141129103.18363857,3946596.5654763696,4320000.0,143.25172619608202,150.88161193392534
445,584896903.2321284,137289257.531264,3947327.317596669,4320000.0,140.0367320042724,147.48683637148645
446,593220659.0858405,139596886.32931465,3923890.6848223605,4320000.0,143.29270445391043,150.8733288529589
447,581077729.9413655,140478750.64089215,3919529.6036307723,4320000.0,140.49880698401685,148.0110429316601
448,583751334.1856798,137546263.2243755,3907554.59531661,4320000.0,141.14122441313864,148.66405183583913
449,570695079.5131898,132875393.65928517,3942150.6396556413,4320000.0,136.8396460869088,144.04587689276497
450,584842966.5883884,134877405.3310035,3915110.648858402,4320000.0,141.23022926110386,148.85602363446284
451,588303965.944237,135685892.79987198,3953886.8679427123,4320000.0,140.68860571607715,148.2740869099591
452,579955975.3121461,135618598.43894273,3920654.8678190983,4320000.0,140.09107986699362,147.517266786104
453,578627417.9538817,139866946.3421391,3920936.776833048,4320000.0,139.71385167734573,147.21189113379674
454,605582337.1936059,145092989.29487938,3921913.0756465485,4320000.0,145.92108896508074,153.76192261436634
455,574832044.3704964,134665539.1863481,3913595.646129859,4320000.0,138.87170107859086,146.39102212281833
456,610713448.6032606,143677508.44578493,3935040.155218801,4320000.0,146.90077736581796,154.66960164556974
457,559967647.545495,133778405.43907464,3925585.507526542,4320000.0,134.90876518193582,142.07728008473208
458,616768577.9730223,149271449.7826586,3929972.6387040126,4320000.0,148.5709470286144,156.52753778264147
459,610646205.5850116,144588034.0273475,3925527.617530464,4320000.0,147.23957877532484,155.26928258874722
460,622134368.3685244,145621456.2768429,3924792.5833435683,4320000.0,149.8807275106109,157.7714296714941
461,589767861.1627257,137395149.71649623,3900192.112941577,4320000.0,143.15701747001833,150.76221861096994
462,549893195.6489573,128800409.6377709,3921701.004954122,4320000.0,132.88357149511623,139.89131121249093
463,585979344.4594501,140145273.1393941,3933420.351209068,4320000.0,140.92540196622897,148.43196912826485
464,579352509.6915122,136130312.96768135,3932397.181851884,4320000.0,139.32235643608072,146.82297467343923
465,593742940.2291888,137446040.58944494,3906409.802001725,4320000.0,143.7317049820479,151.47678665405363
466,570533300.5549253,137513955.9349922,3917758.8108045305,4320000.0,137.6665876351855,145.03853068713858
467,572409132.909506,135720994.30701563,3908766.982173186,4320000.0,138.7304996038485,146.1232613668236
468,609186518.5894692,143201412.2904137,3935271.027949065,4320000.0,146.63478076395535,154.4572852186422
469,558200882.0652426,129730159.47730319,3928883.381735446,4320000.0,134.44825832821087,141.5653107295567
470,593500008.7971689,138591487.410328,3919168.722886726,4320000.0,143.236878680722,150.88494118060547
471,568352669.4078089,133143030.12065217,3946487.1587242526,4320000.0,136.25710689979263,143.50000217002747
472,591756729.0374875,139439184.38314557,3913958.7732540662,4320000.0,143.13352763480262,150.6556992120053
473,591425502.6076057,140567184.14206123,3935090.1169748507,4320000.0,142.38760421906017,150.13277949759546
474,576241814.2958763,132925904.4141269,3940028.283487754,4320000.0,138.6185009281178,146.01116586985742
475,586560400.2709451,140234939.97584832,3919669.9433425176,4320000.0,141.93856050737068,149.41659092032572
476,623876786.2870384,150068383.39720663,3927973.9543655957,4320000.0,150.36939715393333,158.2730630414337
477,573573448.4482287,137893877.03968713,3941094.2742699105,4320000.0,137.59569287470202,144.96969561761838
478,602570430.4997765,142410723.7495201,3959003.496576453,4320000.0,143.95268828505922,151.80122428640914
479,585508058.9725786,135528939.0006989,3921543.9122865805,4320000.0,141.31627313546178,148.90876275325118
480,622070651.2903782,145495881.34349817,3910888.6152772265,4320000.0,150.62300201767957,158.66430148960941
481,597254519.3513116,139553323.5834445,3915767.8678025617,4320000.0,144.35940109556475,152.16574169600608
482,610700164.3333275,141495545.31752244,3917803.6530626845,4320000.0,147.56804089179815,155.41004989604733
483,596968070.4978276,141080509.16086495,3912774.1253765826,4320000.0,144.56141800095435,152.27896826620056
484,636445054.8330747,150954891.27913752,3933800.6426713075,4320000.0,153.20717509469236,161.25330068437108
485,604654967.7032807,139838680.01630634,3924185.157316457,4320000.0,145.80647407873423,153.61605735260784
486,589117182.3614036,141147814.05515122,3929572.593491471,4320000.0,141.8670956591817,149.50049625519347
487,596776467.3329723,141704367.70124462,3938635.278423347,4320000.0,143.5375834404248,151.20112011239385
488,615249804.2569475,145314469.06803837,3922124.229724717,4320000.0,148.25972794270922,156.1394884820307
489,583988880.5247941,136130225.26680708,3941999.1024352172,4320000.0,140.17801905594104,147.72715954287213
490,577769670.5327785,137980730.00410166,3940627.308843302,4320000.0,138.82752448521657,146.2413129926222
491,610092252.2088584,142218944.9399363,3914074.7743128934,4320000.0,147.4491757516901,155.49274407794366
492,586318821.0893714,138229094.16902402,3918662.7654526667,4320000.0,141.50645095058755,149.06664409883314
493,586153217.9859862,136709317.46057338,3931815.995048006,4320000.0,140.9312150297068,148.4963644147177
494,599336901.2735171,142449332.6086815,3959497.6713107117,4320000.0,143.33169552284963,151.01375496445652
495,571259244.0708457,133739012.34197153,3932137.004788191,4320000.0,137.68443886151655,144.99613948242148
496,627393558.3364125,147939733.51280448,3911497.98643048,4320000.0,151.8168747189005,160.0301664800375
497,573854007.1291016,136555853.84645247,3932796.761821811,4320000.0,138.15564179437627,145.47010642939182
498,585377031.0625857,137025041.0543558,3928676.9005203587,4320000.0,140.9432013108047,148.6080892344454
499,551308258.9957163,133330940.62475568,3924372.571532955,4320000.0,132.91580193567737,140.11886695267745
500,588772368.9723064,139331037.42834955,3938505.3510594256,4320000.0,141.58975235078162,149.2066211589612
501,576135820.6931287,138670145.8234306,3917437.10008063,4320000.0,139.2786288697036,146.64953693265454
502,569431333.6767437,132348573.2417733,3941982.8263585577,4320000.0,136.74627341031837,144.09356819157662
503,605125146.8383124,142787865.183426,3919055.577174794,4320000.0,145.72799727746823,153.50488914007173
504,592737240.2194251,140754791.71547183,3923250.4784990335,4320000.0,143.26381512910217,150.94874253567954
505,592396063.510418,142788286.26092276,3934613.104901206,4320000.0,142.51025665214618,150.14451920464055
506,580883586.1473738,136042170.4305524,3933421.0348997246,4320000.0,139.6334534203299,147.11631847493837
507,597078827.820304,137631963.79566896,3925020.55956294,4320000.0,143.82941278633888,151.48973798235414
508,631998769.0879815,145315245.59926653,3920050.598602209,4320000.0,152.36687597490427,160.47572102881605
509,558776367.2930428,133189709.01226874,3931585.203584119,4320000.0,134.48627097062683,141.71555974153426
510,584387954.6414574,139359102.30138594,3932488.1941123204,4320000.0,140.65294679787272,148.24427367410854
511,584275605.8290094,137609890.42089903,3930901.014258638,4320000.0,140.70809514900228,148.34324213810632
512,586186707.6016076,140580586.49371442,3928809.075733902,4320000.0,140.9863851313741,148.53799196834277
513,597085106.1389872,138393882.7746879,3927199.301798045,4320000.0,143.85177557283728,151.5658404965271
514,586471679.856827,136895010.1136047,3943430.190824813,4320000.0,140.70752262879154,148.2618058721736
515,558494956.0223764,132226294.93720597,3901910.4519541324,4320000.0,135.32716790196127,142.5122363782553
516,586652974.1710598,138891095.4282415,3913211.7455407437,4320000.0,141.85690152017006,149.48195210701402
517,585843504.5144349,138477139.35774192,3943179.172630348,4320000.0,140.7928559482929,148.2539843961179
518,604911602.9996114,142097480.0919108,3952558.050453008,4320000.0,144.8622061301056,152.68985954338413
519,623487328.881691,148982063.51409087,3916018.5100773023,4320000.0,150.59740613586627,158.67316727011257
520,601196897.9045677,139641092.63212803,3935764.755560307,4320000.0,144.481348687089,152.17277589001742
521,602305173.047699,145240615.53619182,3920073.3179138023,4320000.0,145.21154665583586,153.02968316712335
522,581384098.8039505,136849605.6427724,3923453.4679805865,4320000.0,140.18986180761667,147.60101480644232
523,574851702.9569854,136363478.11427394,3940561.2756614625,4320000.0,137.99834822287693,145.42845787190603
524,616620708.3052316,145449360.34703588,3915261.5736370184,4320000.0,148.8783329864962,156.9382865987353
525,588522818.8418938,138970761.791488,3916356.6212950214,4320000.0,142.19862184365402,149.67370893568523
526,577382960.4592725,135700031.62288958,3948802.517841742,4320000.0,138.59965116485037,145.96618091415348
527,575467115.4312782,135516217.35896373,3934830.2059124336,4320000.0,138.23771965019085,145.59587667706512
528,578364881.4852052,135706174.9849035,3937166.4345457167,4320000.0,139.1381380110923,146.5502728764078
529,595969639.358508,139855408.02356684,3936382.166524901,4320000.0,143.49105529235553,151.19729478968546
530,605243306.4746505,140853029.70495674,3927613.8816880714,4320000.0,145.87031760522197,153.62379491561407
531,605992653.5825253,143061572.47132334,3918896.1436736104,4320000.0,146.20848549662847,154.00136212936224
532,590359521.0225749,135631571.5873505,3930254.3293701727,4320000.0,142.03474141026177,149.65257797796076
533,607745856.5848618,142777416.58402112,3955470.088515142,4320000.0,145.3662447490459,153.2637312478716
534,609913670.872581,145151672.73733065,3913962.088483451,4320000.0,147.3494265436718,155.13669444993354
535,587032095.8116344,137599066.2118151,3940139.5881033605,4320000.0,140.77238140048328,148.39210322527347
536,567525027.9776618,132010007.23683715,3920127.1818619133,4320000.0,136.8351135081889,144.22746791849903
537,613271908.5098578,146184459.27900502,3953676.577478766,4320000.0,146.6221585799732,154.43012326887435
538,589544956.1341535,135975452.86740243,3903045.460993172,4320000.0,142.80063051928607,150.37118142001538
539,604039391.8209622,143109218.674183,3925294.571110651,4320000.0,145.61102611246608,153.3196222503037
540,596430499.6535021,140790439.7651148,3912047.938670126,4320000.0,144.0070877077374,151.69158212915738
541,593678242.4432586,140798167.80701545,3916915.9283517995,4320000.0,143.46061087259147,151.20922655757832
542,585710462.2394152,137499809.91235644,3950630.8840206275,4320000.0,140.58196585477734,148.09052857540965
543,577596723.49152,133567488.7015041,3909497.482590245,4320000.0,139.74246041752926,147.27936878646258
544,582397161.2413843,136333033.19224036,3933202.068342952,4320000.0,140.0958650426491,147.49472032473537
545,590973488.5857695,142378420.0578531,3959923.780515666,4320000.0,141.23876674068745,148.72980211550052
546,586468725.18172,139149969.86077595,3956140.155137731,4320000.0,140.32113153469837,147.85003485135243
547,588993549.6466982,136201207.63824347,3932615.913941396,4320000.0,141.74077711319532,149.33312068032703
548,594641628.1618912,139127276.50273257,3933897.974123139,4320000.0,143.04464511090816,150.76295675692225
549,557747014.2153665,132217591.05207326,3926468.940217112,4320000.0,134.4694462822005,141.63719590934429
550,557769776.3911918,132131169.57441601,3925463.490850579,4320000.0,134.5422870128588,141.7584807106043
551,593584524.3491654,140881537.20898208,3917901.6890406897,4320000.0,143.36871682860183,151.04078628346977
552,572607977.0151144,133304564.0981532,3932774.7686853306,4320000.0,137.99636232718055,145.40379038432687
553,580981761.1670259,138651404.5200545,3942514.3031402766,4320000.0,139.28036709770694,146.80142480736842
554,597658403.6582018,139860721.39201602,3934972.985974617,4320000.0,143.89703519675788,151.53220567291746
555,588778212.54903,138698545.89906126,3947861.630971483,4320000.0,141.35458079561286,148.895369492983
556,582419673.4427884,136079212.03751835,3937598.748289145,4320000.0,139.91943367226907,147.48333675478236
557,592188977.3029852,140428702.0606228,3915171.821658263,4320000.0,143.2610831652751,150.96289182254267
558,606586632.4394128,142324507.81275526,3935168.46508764,4320000.0,146.04735337444836,153.80852118795644
559,613209582.375196,143770234.5054024,3929778.626508171,4320000.0,147.90523818874541,155.91780536758105
560,622391976.3335325,147878624.1550187,3944007.022668346,4320000.0,149.36396230873322,157.43632841953632
561,620085889.4435399,146595011.01612693,3940728.8269062494,4320000.0,148.90059043336356,156.77340825071175
562,575392153.6760908,136985339.15435928,3937801.795717614,4320000.0,138.20927291368596,145.6076546646007
563,627583393.2783494,148869849.26347125,3933895.751332689,4320000.0,150.83324638602633,158.91473954648322
564,557328002.7822285,130927376.18947387,3923058.4732327117,4320000.0,134.39217306270973,141.61202249768823
565,596106344.4050685,143265404.1518268,3925247.2760885768,4320000.0,143.725233540334,151.38603415389127
566,597927760.6813326,144870503.1905494,3943587.877097837,4320000.0,143.33899588792139,150.93616138855128
567,575374246.2156448,133049892.36838703,3928386.1109258397,4320000.0,138.8311589028147,146.20595077445162
568,577229311.3850659,139682558.9919373,3916366.952032875,4320000.0,139.3060919612394,146.75219554216724
569,585669151.0679601,139112416.37504426,3928142.037371462,4320000.0,141.0397659652953,148.59821105613239
570,596856208.4607369,142825971.15694946,3945555.741036165,4320000.0,143.1846045805688,150.84426084824437
571,592302279.9215918,138783523.34374747,3942541.6071323827,4320000.0,142.0610013789411,149.58060715729223
572,584722859.2962446,134937754.0365382,3934141.1582021513,4320000.0,140.76178464540212,148.25323084040136
573,577388092.40954,135911909.986787,3928108.1788996365,4320000.0,139.15871770865763,146.76495806314264
574,581076696.9286246,136863433.48974338,3934247.1561811217,4320000.0,139.73500616398988,147.26305029434738
575,570979941.8787262,135118987.3242201,3928806.4493952496,4320000.0,137.4617955870873,144.7581991376709
576,580144363.7873558,139737331.08365467,3885938.6104398784,4320000.0,141.25081504194816,148.85396074496012
577,576502260.8780392,139834261.60268176,3934017.2040507183,4320000.0,138.86539331592772,146.35270424420048
578,568880937.7129391,136105349.63291678,3927717.35886777,4320000.0,136.9531041062595,144.20486121780434
579,592929153.1405886,141216075.4219435,3926328.7597501283,4320000.0,142.81696735806537,150.4221164348278
580,588957282.6240419,138556818.90835512,3931359.4752941406,4320000.0,141.72717010785104,149.21450760082797
581,573536510.5093808,133443246.77378361,3931475.906357632,4320000.0,138.3039268766974,145.70159081035308
582,591175892.3923302,141143673.64742336,3946311.800478561,4320000.0,141.8384830446459,149.32113417198988
583,632311601.4891042,144286631.17150262,3927639.3850931483,4320000.0,152.33178783773383,160.32482035669227
584,589611892.9196719,139057790.33187088,3924642.0535821747,4320000.0,142.09360433012705,149.51970881781233
585,600060710.6420022,139665344.62907895,3948002.343474005,4320000.0,143.9299955869503,151.67678920561676
586,615723295.5905347,142790841.1962385,3944140.628797091,4320000.0,147.78093993282488,155.6778656470342
587,582640492.1724668,137346577.1448632,3956580.0593592287,4320000.0,139.41337069205267,146.80681572687607
588,599956223.8593627,139565935.9338423,3949557.7321524145,4320000.0,143.6850808212677,151.3619409159472
589,575858166.4897715,134032209.29917504,3924567.2040414014,4320000.0,138.8027353152398,146.3267661065569
590,579167587.8111489,137301500.18049204,3936289.687503974,4320000.0,139.24378695933038,146.66478684093013
591,581561814.1333531,139278021.89608693,3925725.6209556134,4320000.0,140.33689383196779,147.68190569443638
592,564685938.8397336,137420195.68370262,3932902.2648974396,4320000.0,135.9131880534524,143.17711307796833
593,587111514.3171451,139114097.39990488,3947560.729338468,4320000.0,140.83130466792377,148.43868440744524
594,594116980.7393361,140632775.48083392,3946209.755985412,4320000.0,142.62282145197202,150.19497517987872
595,581601728.4041712,137977355.48889002,3945819.979955849,4320000.0,139.48381182645556,146.96925506601198
596,627743876.4892896,145385267.80700824,3932750.7937882184,4320000.0,150.89211842097603,158.91287986864114
597,584983264.4023799,138011767.27873316,3937447.0582704227,4320000.0,140.3536200442639,147.91034112864904
598,566102372.0117371,133561408.20156868,3917582.6144462647,4320000.0,136.8045908499843,144.0529799086889
599,565528952.1253587,137252889.1174359,3918563.8073186544,4320000.0,136.43085714447582,143.6427149140396
600,628644428.0217061,148867535.73209822,3926990.0114991358,4320000.0,151.65191145532697,159.7498988718985
601,597532116.2003765,138606760.00710568,3948300.7712955456,4320000.0,143.09636394449652,150.7056039741017
602,597614555.371548,140750419.20000502,3928752.0034458335,4320000.0,143.7392414434548,151.4457594879856
603,572754605.3958255,132597927.26786546,3932932.9998595784,4320000.0,137.99568377067516,145.3583995200866
604,595199755.622745,141800272.18504724,3919718.1702404167,4320000.0,143.48361707905522,151.11260952213442
605,573909507.3031403,134116921.06875771,3934358.1803021803,4320000.0,137.86948849899352,145.2285377239906
606,561077092.0805233,130613646.51508541,3931322.3191795116,4320000.0,135.04910396883108,142.25456069973737
607,542971495.208103,129312269.88714066,3930885.6306926236,4320000.0,130.6016966179162,137.52739383182941
608,594994840.5621134,139921843.81270435,3924043.2145385104,4320000.0,143.35725007426427,150.94527139301005
609,599551225.8993459,138115059.22462028,3918065.6212813533,4320000.0,145.0633484466336,152.8283437084544
610,557773342.1662265,131456183.90951242,3948180.901982284,4320000.0,133.52137626675318,140.64234232220818
611,596170381.7719698,138796484.27156904,3920193.580840706,4320000.0,144.07083444174575,151.7864905573954
612,583484730.6786014,137447891.1898886,3943581.3600597526,4320000.0,140.04987513176349,147.5220041887028
613,606379375.4262227,141424020.3332107,3922782.571337327,4320000.0,146.26839179540534,154.05499834853106
614,580414859.8336655,138457089.03000844,3943671.187503112,4320000.0,139.42605138492127,146.77172035336181
615,591840182.249999,136996142.79779166,3922431.390406396,4320000.0,142.85678964717073,150.6214654774051
616,575137290.9600799,135537138.22988722,3936562.6242447016,4320000.0,138.286801776979,145.71030491339997
617,613511266.0854987,145175511.2986296,3935518.0490025175,4320000.0,147.7833633848319,155.718891996093
618,580926483.3706157,135050758.5348476,3933657.380506197,4320000.0,139.84069262649808,147.30984605670548
619,610206140.9878215,141978446.4940091,3940159.671131531,4320000.0,146.6323617712923,154.488062987643
620,587400879.4745843,138532510.291427,3933835.9186428096,4320000.0,141.30097126617602,148.91482542914915
621,582150553.4000481,138436642.88674816,3942420.1749044266,4320000.0,139.72802993945604,147.1930260552235
622,605202242.33975,143235591.1586614,3937804.185085326,4320000.0,145.22456891669714,152.95365626477587
623,608759719.087279,143960747.21779814,3922170.3718396965,4320000.0,147.2069556465267,155.06000447656015
624,602774306.9817733,142698924.70041522,3940094.7457161155,4320000.0,144.7548272490538,152.61306280808168
625,574488796.3652003,138143842.09129903,3938799.1474592276,4320000.0,138.12625930053264,145.51709841684544
626,563668267.5225874,134189800.03224422,3933304.347348852,4320000.0,135.92072467277563,143.15932016422275
627,590677717.6979622,140540978.74905774,3931129.874025626,4320000.0,142.2951204767334,150.01763216935646
628,596498573.5538409,138374238.88929382,3936805.904217998,4320000.0,143.40790882137233,151.16133596282188
629,584520630.654699,138643836.6067103,3935842.3316162596,4320000.0,140.67890046643046,148.13426904414382
630,585847240.0044185,139503404.6219379,3932718.4927914436,4320000.0,140.95410265183267,148.3897121496878
631,577224987.9473774,135637783.9395677,3934907.8900609887,4320000.0,138.8065430291555,146.16663299774893
632,591098554.8223318,139729321.32658997,3924612.5067028557,4320000.0,142.35741390710098,149.9371836894454
633,565717174.9684107,135081156.248111,3925159.2872154135,4320000.0,136.49792711572044,143.79024135090847
634,629485974.81886,146756777.4721251,3936533.7539319033,4320000.0,151.5957043329084,159.60898919105276
635,565771313.4705154,133259771.48448883,3929645.348411702,4320000.0,136.20766805639616,143.4858727573333
636,592937131.0365313,139772910.39406765,3925730.6576954382,4320000.0,142.69786553922168,150.37931218402946
637,575846736.3454819,136714485.07624355,3918320.6340799998,4320000.0,139.1733708934665,146.54803625404818
638,604713101.440689,142790283.3814328,3961711.78385193,4320000.0,144.44340747589396,152.19170955914674
639,602258460.0416595,141332094.20991766,3920499.125693551,4320000.0,145.25963944739388,153.07812308836736
640,606546132.1969497,141521666.47801083,3936399.5454611448,4320000.0,145.83789662766262,153.62728790229272
641,588409893.7159014,140953914.44836834,3909296.459550182,4320000.0,142.26939549262065,149.89247346148463
642,598821464.0464358,140693265.89769384,3935151.182421088,4320000.0,143.9794752088577,151.7274001223337
643,572734354.1576188,139553966.26021838,3918035.3303803876,4320000.0,138.56053771303536,146.0086888238992
644,607069207.181405,144161019.77313825,3906866.3834420596,4320000.0,147.20640139263907,154.98696090972862
645,565702790.8259866,132214855.19958837,3940468.0113985213,4320000.0,135.9039108342133,143.14553424663137
646,587609037.9556586,137618831.50539622,3922323.584046554,4320000.0,141.6580512797597,149.21260260469808
647,597543179.247316,138015620.3310801,3925958.0613580607,4320000.0,143.95479450931757,151.63419737057268
648,609957294.905402,148100813.63457584,3932045.3336704127,4320000.0,146.64958554923388,154.46818789187253
649,580412271.1340245,136261528.96939868,3933608.4930916675,4320000.0,139.94765885147612,147.46798657329478
650,583925502.466841,135720591.72942194,3935117.9456962147,4320000.0,140.50082743078113,148.0502143998445
651,620094489.0869662,144513214.21779165,3941241.9458794785,4320000.0,148.81995110224196,156.81804690959214
652,574148690.6075914,136023634.78792816,3944306.618045048,4320000.0,137.87820310289504,145.2475790952039
653,595473116.980342,140567832.176542,3921464.4825870884,4320000.0,143.87878829901513,151.61882705520847
654,600496031.4375073,141621357.43391302,3955497.2677936116,4320000.0,143.6995037913251,151.35976460583115
655,597643439.5959084,140532878.34465346,3918100.0165747986,4320000.0,144.35706584293604,152.0719158994888
656,618597648.0221786,141785477.446982,3939310.3573279297,4320000.0,148.6433684441754,156.58613880262052
657,616453799.8594831,141928483.3775837,3943458.0492830076,4320000.0,148.12246496698063,155.9438443755772
658,597836301.5157665,140908693.48001486,3920707.404084603,4320000.0,144.40761436640943,152.04856626874272
659,572364460.1634802,136821301.30939448,3934534.455311385,4320000.0,137.7709131106962,145.201360622467
660,572231430.0554895,131846685.44681571,3945476.713082863,4320000.0,137.35985189755823,144.69538718736715
661,614592883.6329042,144387168.04436904,3927337.6577961603,4320000.0,147.9306130111833,156.05921996857464
662,605107982.0049405,142860307.70394197,3914520.006541153,4320000.0,146.23970024575723,153.93846703318005
663,566589197.089127,131346121.68127777,3929268.2056359802,4320000.0,136.5060787966284,143.8143708862414
664,598489802.6859797,140291356.91480774,3933396.0152445612,4320000.0,143.8943904143826,151.62854616660928
665,591441762.336749,138502672.3830805,3925268.3802373842,4320000.0,142.4440038348765,150.0951423886518
666,578201957.079873,137132444.4340102,3937931.926390266,4320000.0,139.1463316074528,146.55244874830043
667,588494650.530335,138937762.75151473,3920808.7146253963,4320000.0,142.16001047497744,149.85652934227917
668,576168880.4802139,135072283.35841754,3910256.1544453837,4320000.0,139.1573704877697,146.50000446622633
669,611313163.0913256,145691543.94908753,3921018.6580727315,4320000.0,147.37720497817125,155.18877530364313
670,579211550.9295436,134367683.3101789,3937991.271565684,4320000.0,139.2469567798901,146.77458089263112
671,595597466.8638587,140927904.96373203,3941972.244217861,4320000.0,142.93563562378003,150.70038471055165
672,575076680.2145673,137607547.8323622,3920159.7512855995,4320000.0,138.6608211651491,146.201867223512
673,590990663.4419563,138381472.08557275,3921756.6783868833,4320000.0,142.63953676516257,150.1359301706755
674,615269617.4679443,145607848.5424057,3928730.377465407,4320000.0,148.2069894251328,156.1330749514832
675,587824919.2314123,135360274.4984164,3933614.2766238376,4320000.0,141.2271453685113,148.7694382749464
676,581752768.8876863,135195560.34997922,3927677.8506437596,4320000.0,139.98838727217824,147.53582641946429
677,628932756.9032365,152034099.3960262,3931823.7978720246,4320000.0,150.99307982379432,159.1006793483181
678,599310965.4340181,142070758.72977525,3924130.9389538714,4320000.0,144.56343698323488,152.30433372543428
679,586115588.9834548,139802945.6206843,3914129.7858136417,4320000.0,141.70586388630997,149.3549137735617
680,618602294.2490742,145532674.6383512,3926626.678190721,4320000.0,148.85676511388348,156.9482026382944
681,615515061.1680233,144940817.36115295,3929359.0858589537,4320000.0,148.39671033099975,156.378780960596
682,597285411.6352539,139466022.74220213,3939413.6124702017,4320000.0,143.5676815130607,151.2779479595818
683,602099045.6468071,142203682.90599138,3947234.9076728798,4320000.0,144.37227568236216,152.06962074029988
684,561429403.4753289,129631497.94456321,3927353.7383192573,4320000.0,135.32311260545168,142.4903546241256
685,576105654.7791784,135321943.22530547,3920334.9009525664,4320000.0,139.23854974691847,146.59746626580926
686,586888788.1449839,135834317.67018175,3947380.9205154134,4320000.0,140.6137734350044,148.13801720943178
687,599299728.4137355,140462111.2174132,3917186.1227851375,4320000.0,144.777598096941,152.41552200852266
688,600423537.2850183,140932086.88636604,3941665.583487052,4320000.0,144.1806456817478,151.92174132242457
689,591810468.6124995,138518259.89485338,3930280.159727941,4320000.0,142.51433343813858,150.10193109892174
690,613010685.1357597,143523153.96656302,3955080.7227161652,4320000.0,146.66415910035053,154.55876068952279
691,569554979.5474751,133489399.57711755,3917107.861501552,4320000.0,137.97090938152917,145.39191918521882
692,614493409.2011377,144988527.68820104,3928111.670744774,4320000.0,148.0300124534254,155.9600682523833
693,599303008.7887683,141313966.8610206,3932622.6667348454,4320000.0,144.47200350292945,152.07869328418357
694,607067827.0954161,146326409.2567602,3905903.593319678,4320000.0,147.0709089343114,154.9135232412323
695,612976679.205586,141611498.645596,3920523.3245497323,4320000.0,148.1397927521608,155.96919414917903
696,613629498.8902799,147724246.66600618,3950427.291351221,4320000.0,147.0420353791162,154.8868807159511
697,602530587.069868,142638102.9137194,3920585.904837016,4320000.0,145.4647633959168,153.16710709190983
698,588918517.6379349,141338601.25088498,3900802.5786187914,4320000.0,142.96280604061147,150.6295322102548
699,598707680.6331584,140733261.34497428,3941214.0154738985,4320000.0,143.60675881281162,151.27975231191357
700,571711065.649539,136301910.43939257,3907830.685886983,4320000.0,138.3653804655038,145.753365370117
701,605617230.6082639,145101073.28106856,3934437.042979527,4320000.0,145.4476606035346,153.15731186752768
702,588617824.1377186,141586789.34860006,3913195.4178103027,4320000.0,142.27134231156944,149.99894103235778
703,571862026.4829221,135580968.0141313,3949425.511541791,4320000.0,136.97131075245127,144.36361119538577
704,586701893.2648014,141587764.68582985,3917416.26139052,4320000.0,141.88897559090816,149.50552012053808
705,581880648.9979668,135479507.27112836,3931605.6435622727,4320000.0,140.0502722929076,147.47525185814848
706,590845484.210482,141018335.56630057,3908829.272554142,4320000.0,143.03351899442717,150.63640529619315
707,589100612.3784409,139042381.54262725,3923831.438171653,4320000.0,141.89438532082113,149.380333071573
708,550293294.0603402,128013205.28436942,3930198.5490263277,4320000.0,132.44215532440782,139.52524977296946
709,565944325.1069396,135690141.27854493,3939073.4046313586,4320000.0,136.0409052182373,143.23556982111253
710,564769786.6529765,132827724.62193143,3927872.6727222838,4320000.0,136.2864236310278,143.52665995558345
711,584089328.1127473,135495485.6863283,3926043.5582507146,4320000.0,140.70046571946662,148.26033348561444
712,584571958.7873359,135985954.2982588,3919833.2730611386,4320000.0,140.9786858326979,148.45033950241915
713,594732613.6436833,143346989.35961527,3917638.115797296,4320000.0,143.55236315765194,151.22586697302214
714,568350956.0458382,135802159.64933085,3926685.3217218397,4320000.0,136.93117169695464,144.2454524842701
715,561045711.8814995,132636550.41067944,3911238.7415984706,4320000.0,136.0092599514075,143.21220695761926
716,595637933.3973479,141233304.7614563,3941842.00265324,4320000.0,142.83597961417212,150.53097033677062
717,601535922.8512208,144771041.4034713,3916869.215926266,4320000.0,145.35986945896053,153.21259689796432
718,574791022.2113949,136425360.42339998,3944551.56777977,4320000.0,137.8526000802337,145.25133788555493
719,600245240.6572715,141760630.32386366,3915371.681753508,4320000.0,145.2322418570008,152.8755967780895
720,578662492.794493,139535877.30638787,3926829.963887249,4320000.0,139.36587178569528,146.8667897404312
721,568836344.5535495,133236742.80531587,3940476.008843219,4320000.0,136.62439797119475,143.89379122920428
722,586829183.2306368,137230364.19188905,3920752.30275034,4320000.0,141.59537137258346,149.16611411417307
723,576355542.4786876,137136970.30620927,3920826.5426149876,4320000.0,138.9601244509426,146.45862649885626
724,572863430.5397319,137481426.92094702,3939405.1649370654,4320000.0,137.50757674533043,144.8921119745969
725,584158719.9443352,134627144.5558407,3923056.8353559347,4320000.0,140.78515793230736,148.30295052330516
726,574128370.140184,137621215.37236592,3943011.152504064,4320000.0,137.8759857346044,145.2805508304479
727,583660840.4618852,135419608.34315124,3931572.720799107,4320000.0,140.4879542965613,147.95744176884574
728,577330080.6674917,133164605.11208053,3948626.7829159833,4320000.0,138.1938062203962,145.57163532433012
729,582791752.2770184,136594756.0508969,3918136.261646078,4320000.0,141.0026254074546,148.48700627327815
730,577869419.48097,137202355.52218357,3913824.501807737,4320000.0,139.85538262122589,147.29988228458856
731,566273775.0420219,140067297.7087338,3924230.907581036,4320000.0,136.7433258414029,144.03861831310954
732,587673564.636365,140009085.25543877,3927230.9047278767,4320000.0,141.66196162855053,149.20697488965618
733,552257354.566657,124625638.55843881,3937447.0355427754,4320000.0,132.48518195609728,139.64505975888406
734,599353302.204787,139741400.39499468,3935928.936038833,4320000.0,143.9963442949087,151.7642094935337
735,577533083.5031915,137012045.3714305,3940325.73445486,4320000.0,138.60055463180024,146.02491837789927
736,607363129.4060422,143378665.737989,3907887.6940687248,4320000.0,146.82835753119127,154.62507614318122
737,575608323.308843,132710986.92895359,3917361.6446242766,4320000.0,139.22188063187502,146.5428490404862
738,567194785.3445512,132058026.85391983,3943733.6284260056,4320000.0,136.2106776095385,143.47340092977055
739,574624002.2689319,136786487.37347347,3924343.4128966182,4320000.0,138.45732608274048,145.86115090406636
740,575506374.9448686,136362548.38305748,3911708.2019877364,4320000.0,139.20548271690114,146.61805037215981
741,577992065.8873206,140379402.24172044,3907876.9966367576,4320000.0,139.87888293469132,147.4247749533194
742,604480221.7086582,141039323.19069842,3908656.996909946,4320000.0,146.49045186540965,154.34679226147145
743,573062243.6646538,134125813.7817958,3913550.1446934417,4320000.0,138.57214192717439,145.86421508318205
744,589689472.2262402,141927831.74608687,3939036.575072213,4320000.0,141.87809394113933,149.36868819377898
745,600124591.8563602,146414786.46953204,3930007.4731059726,4320000.0,144.5365485169839,152.26904027628646
746,644322353.5150408,151864889.2346783,3935081.6856199503,4320000.0,155.2471497950498,163.73174358379356
747,577494757.3198018,136725899.15066287,3946124.5273964154,4320000.0,138.74917636464613,146.14291658730147
748,577667215.872399,137428084.86498418,3921587.812446994,4320000.0,139.42004998587902,146.8215997416344
749,587109800.302894,138013132.37051538,3936333.40837624,4320000.0,141.28253254834902,148.83847871098467
750,643507884.7556734,153194031.07439205,3929181.4568203418,4320000.0,154.7478427506963,163.09533296865987
751,597896859.4007895,137664387.6257933,3923616.175376472,4320000.0,144.25194363852367,151.89927265994345
752,580532965.97413,139697139.47187683,3935059.104566727,4320000.0,139.69152084141732,147.03780499439253
753,570850412.345487,132892323.63855046,3935642.146543041,4320000.0,137.24552062567724,144.6538683557447
754,610558759.3117007,142754941.56099865,3929636.703895055,4320000.0,147.03973863678704,154.8480564582741
755,546151190.1632618,126300859.70995638,3927433.090051794,4320000.0,131.5694796701463,138.63183241425335
756,619352613.9739975,144493439.14016065,3927672.3699884824,4320000.0,149.05338862997434,157.03843776909466
757,593892312.9208871,137406170.18826494,3918718.1453520404,4320000.0,143.68549756625828,151.41092292213364
758,595574582.7912242,142111633.44028124,3946567.0565872453,4320000.0,142.73643468206,150.4831717505916
759,594463235.4111311,140930527.25899154,3920123.500133193,4320000.0,143.6123746315679,151.3190234846694
760,606967034.1890037,141675368.97394332,3919836.1982891215,4320000.0,146.41488017290476,154.25690662516715
761,588509572.561715,141586555.84097022,3938043.289067924,4320000.0,141.57904218410104,149.14073378238956
762,629203918.0234127,151611523.63444144,3925812.374989693,4320000.0,151.48993771127294,159.48033855478087
763,585846910.2945923,136514822.69479358,3950633.769164645,4320000.0,140.51079964821398,148.10420504901697
764,579102243.6316165,135219618.71755767,3935496.623713662,4320000.0,139.14989011387647,146.61435256266356
765,593693069.7861946,140056786.3602704,3931779.194589557,4320000.0,142.7735647186538,150.37445106908413
766,561312378.8144157,134647102.81214914,3946163.3355550505,4320000.0,134.4968960045663,141.6537786495287
767,615628686.8020463,145215729.4085542,3951051.688683032,4320000.0,147.62612727193755,155.63794015634736
768,620344240.7520747,146844259.20892274,3914436.8913085954,4320000.0,149.7362561673218,157.6805845124703
769,587932962.3454628,138043953.7472789,3943206.455970513,4320000.0,141.23493284345406,148.83019827775902
770,566848400.4657625,137216325.1265669,3936919.7307260837,4320000.0,136.33217812489752,143.54409789945964
771,571148413.1930757,134874616.5857539,3940587.0489700045,4320000.0,137.2342238003983,144.59369813362622
772,580786583.066601,135781976.13397485,3915784.5519665396,4320000.0,140.24022081078311,147.81495519294856
773,597221969.1608615,138875509.06970355,3921491.5484027145,4320000.0,143.91986994740438,151.66679860153582
774,569396930.3712366,135843490.44460386,3925515.475169002,4320000.0,137.21019574701094,144.50449599362116
775,571834116.3222591,135835692.98094967,3942849.0991333914,4320000.0,137.23011565407631,144.60763928931854
776,569397749.2829183,133974998.0289461,3926293.9345211126,4320000.0,137.2669042512124,144.6323674286291
777,568853756.3685431,134946784.6836641,3913324.859771551,4320000.0,137.48478345348394,144.88762644559128
778,569395924.6248866,133073563.51031607,3933068.7325529517,4320000.0,137.18516994887392,144.43215767648186
779,575367523.8265182,135002723.2111044,3933000.442252962,4320000.0,138.23261683620765,145.70862670836183
780,622014569.835206,147269801.441443,3918730.842258012,4320000.0,150.15739885459757,157.99215823940528
781,605768347.420523,140974455.3229798,3927011.930504932,4320000.0,145.5781883614917,153.3941423777111
782,579979049.7133287,138697501.70180905,3938772.4120586766,4320000.0,139.40409118547163,146.90916130672886
783,563803497.3484061,132811833.71082509,3935219.93024535,4320000.0,135.53058373171768,142.84270038299147
784,583206030.281262,137322664.0089984,3909802.58274249,4320000.0,141.01851651987306,148.6528395690198
785,621637330.14391,146634239.70298022,3951621.305556103,4320000.0,148.91637046541803,156.8060736593395
786,566121999.5417975,134544008.01209468,3934004.089935116,4320000.0,136.16035191629265,143.53402643896908
787,594213256.3845717,141884240.39778286,3940936.6243398483,4320000.0,142.84751488384978,150.44316700423363
788,580481890.9690595,137947164.92300448,3911925.9123168103,4320000.0,140.35000179235706,147.8391205020147
789,609128994.4974896,144135594.71788952,3912087.2194625055,4320000.0,147.52583668489146,155.29993139696833
790,614443179.9655154,148565952.0305773,3932970.1217449605,4320000.0,147.73963222147796,155.71497303636
791,589623810.242929,140885527.44321042,3941047.0395531612,4320000.0,141.5728488813849,149.09934719034817
792,582497130.1616919,137504758.41161075,3933874.6048531267,4320000.0,140.1316364847132,147.57412111074117
793,596763380.8523042,140836115.37100604,3930215.51491194,4320000.0,143.69263721182364,151.4174309058646
794,571270540.829257,135153017.00887778,3915214.4745640405,4320000.0,138.02714188338751,145.48802211554536
795,592731443.9462761,135938159.96123517,3932368.937179706,4320000.0,142.7966369245341,150.46862110851563
796,624415286.0098449,145173300.66905054,3929459.9691662155,4320000.0,150.4045947624216,158.31698585382298
797,590129749.5493379,137968754.28192073,3939958.1763289543,4320000.0,141.589648195642,149.20253035773632
798,595038206.5236361,141558276.89864248,3945713.4760375237,4320000.0,142.629125457124,150.2281794010916
799,582656825.7990538,139522342.75582796,3906547.6066119387,4320000.0,141.22776947219842,148.68893523970215
800,610773064.9663175,144373247.91636035,3934169.127399669,4320000.0,146.80232755315512,154.6667065915444
801,578825825.9923016,135194153.74701813,3924854.365402472,4320000.0,139.54860034463502,147.00506508113054
802,557996475.7827754,131775087.57428482,3940513.6865769066,4320000.0,133.8388787499899,140.92344115403455
803,607868773.1981606,141804875.09344667,3942669.4465663307,4320000.0,145.7213665637372,153.50274082617855
804,583301560.0094117,139463485.54955298,3931614.3702606712,4320000.0,140.57313984150213,148.11380393319033
805,567658013.053388,132553323.72612602,3937908.9774981816,4320000.0,136.41906163021653,143.64929881558862
806,566787263.4082749,132888508.60207635,3932561.583797867,4320000.0,136.45027943920857,143.77957125386646
807,568300386.4467666,132396237.3803652,3937823.9456821047,4320000.0,136.62136562784139,144.00660960680392
808,621633343.2920014,145803315.47967857,3940409.162035567,4320000.0,149.15003932264506,157.13076654465814
809,584274227.891614,139817115.87848774,3935399.5249912576,4320000.0,140.50105748056546,148.0955708008927
810,570613994.9595073,135899499.58295417,3941894.3457544856,4320000.0,137.01920997971695,144.37915790577776
811,601178887.5356697,142565860.06410387,3935259.3225603853,4320000.0,144.46092226093484,152.23626703873407
812,603123542.0250593,142077368.32570356,3931197.3760569487,4320000.0,145.19227609130812,153.04216532121256
813,577010710.494276,138043621.0613606,3902696.4953398705,4320000.0,139.72287142439725,147.19948365510734
814,587386701.0522233,138305399.79090887,3921724.470493326,4320000.0,141.716456887957,149.25296056484575
815,610654716.9711232,141411714.496826,3919954.5263094935,4320000.0,147.167086078654,155.20283790267072
816,587003096.2312193,140009734.84838778,3933699.5123144337,4320000.0,141.28067873258598,148.85249466325743
817,595532903.3918312,139916927.49428982,3933456.9028491424,4320000.0,143.2324549411143,150.85172243951362
818,555893245.8015102,130330911.01678199,3914616.8867960856,4320000.0,134.42812907074986,141.61919286664028
819,603271038.122323,140725146.73499626,3924838.586395947,4320000.0,145.47448326756415,153.23398123689734
820,609213913.0284922,143900097.97886524,3934303.9518758547,4320000.0,146.48731388277662,154.39040047255887
821,609493965.6808696,143135035.4293031,3925075.8421889073,4320000.0,146.82781665595036,154.5974177218862
822,574755282.1394233,134811764.88304165,3944282.703302518,4320000.0,138.03744143726718,145.48624184244701
823,571210474.5631117,134932335.38382894,3920610.009353922,4320000.0,138.05870902242071,145.47076305985527
824,577783289.6485252,136521953.0154175,3932059.933806682,4320000.0,139.18905856472597,146.53119822761033
825,596440035.868578,141979425.62298876,3928825.3753969087,4320000.0,143.54289164107766,151.22735896225504
826,569591253.4045974,134163049.11439914,3923470.204884965,4320000.0,137.47016081097075,144.79400343982442
827,564570641.8179917,130673974.0721218,3931437.149229527,4320000.0,135.8178372078615,143.06525802137313
828,576469385.2926173,134578697.40208268,3942615.8997299327,4320000.0,138.3883348312021,145.8204597604752
829,593030963.0936682,138975661.55022103,3932426.369251496,4320000.0,142.70618775595022,150.29344973850453
830,597752360.2161156,138985319.88674515,3923960.298394013,4320000.0,144.12844120459994,151.8033586644436
831,564381273.323121,133990312.452761,3915098.8896105876,4320000.0,136.2859871919711,143.62211553507166
832,611457133.1624196,141593851.95274732,3948615.157655153,4320000.0,146.5584716860493,154.39229066684138
833,592280272.517568,139446090.64837277,3932878.657576325,4320000.0,142.64410797634753,150.31314301649735
834,594061700.0864373,142104599.83457917,3923333.628867794,4320000.0,143.17204950304944,150.81016583593617
835,613566488.0515184,139554778.11180934,3930169.7345797145,4320000.0,147.75708166884746,155.84785169460568
836,573376331.7791883,135981748.33034208,3932863.0758145573,4320000.0,137.9514710308777,145.2988533608773
837,573159111.0394925,136752711.63093272,3915046.948325561,4320000.0,138.72557660699383,146.27334906221066
838,606303851.8579817,141927567.65034258,3941294.2571416083,4320000.0,145.4116970436048,153.22480769295134
839,602823351.5620137,143114476.2174808,3912115.9524964974,4320000.0,145.92267343980822,153.6939275375088
840,570742933.0373484,133892286.26356485,3935128.396773024,4320000.0,137.21479245591127,144.51173282532713
841,628848112.1402073,150340223.84462595,3937706.383701496,4320000.0,151.08983396973426,159.13926610526548
842,585623877.1694233,140228871.0402229,3925990.9687603987,4320000.0,141.17837194677813,148.74515276715363
843,599672364.554452,141807645.43100148,3936207.224562512,4320000.0,144.2156450013599,151.85076699412676
844,582981987.7416042,137493832.78188458,3924010.7885896186,4320000.0,140.76537972471488,148.30481787321563
845,592903195.0206645,141016800.21694553,3930867.742285143,4320000.0,142.5933032970448,150.27720867190376
846,567087173.7471358,133427719.84211862,3929084.172469685,4320000.0,136.5952655713356,144.00090746864024
847,582526296.6423149,137408763.74293247,3882342.0571487667,4320000.0,141.9082636383236,149.5962769572879
848,576057797.129647,133616912.6197877,3929877.5594450384,4320000.0,138.71188036091857,146.10712227644964
849,567373250.0211611,131378460.07489601,3914749.4741789787,4320000.0,136.86653985026553,144.1364251821024
850,580398281.8454077,137447712.82612446,3913591.2828390324,4320000.0,140.30658988226338,147.81412351090026
851,580765490.6389537,138245898.44872338,3925778.4771786253,4320000.0,139.86978143005675,147.30025784164758
852,577444383.0822023,138048486.65452424,3947167.9229773926,4320000.0,138.46709594817554,145.79681037650622
853,587524780.0305202,139840345.69091004,3930936.044447831,4320000.0,141.37044342995932,148.8319816942626
854,590151390.1790111,139324813.6830939,3916918.836179936,4320000.0,142.30152604170644,149.88986458913962
855,605687674.1323647,143962538.93050224,3909510.9198985444,4320000.0,146.49278548929908,154.2921909819417
856,595991031.0278884,140623990.89069805,3937389.9051027982,4320000.0,143.06910969384336,150.7871755159567
857,570427604.2508739,130739221.33367491,3939825.3259036094,4320000.0,137.02409521585278,144.37821045071206
858,599991701.028919,142562186.2545306,3927039.790901422,4320000.0,144.48837727479955,152.21518007110384
859,579545031.0954565,136695785.8193548,3926228.414578068,4320000.0,139.58510102874487,147.0534360354774
860,593483012.3595341,140711058.83567423,3919899.9490764486,4320000.0,143.36495310044108,151.10323298319005
861,592438381.5535349,139135980.7087257,3945172.0496535683,4320000.0,142.0359330714436,149.62087214881447
862,597148441.4210973,139806904.50263554,3958166.2583621726,4320000.0,142.71223797384593,150.53085833579124
863,586559693.7316277,140659817.87941942,3920504.8133547204,4320000.0,141.6883047815393,149.35479292415246
864,584108874.0026892,141352073.5261327,3929519.475494669,4320000.0,140.54529582777587,148.03789635094088
865,603396218.542644,141948263.26013288,3923372.610522836,4320000.0,145.29333683929787,152.92192185425205
866,592659957.9266194,138411254.6980139,3922692.6812468986,4320000.0,142.9652107838186,150.66056146516638
867,610096050.4126362,141108601.5455004,3942194.8130180878,4320000.0,146.50264864357624,154.39454536788872
868,618720766.1980388,148017940.27575067,3931428.4052093653,4320000.0,148.7827279715255,156.78452655043165
869,560352973.1690791,129137241.94569097,3929431.8640507907,4320000.0,134.99102237451655,142.20472849640925
870,602637119.8825551,139939927.48690012,3930252.417919058,4320000.0,144.96657214556743,152.78364553917527
871,572597377.3656996,140561901.82444772,3905408.5431523807,4320000.0,138.78695168064934,146.1870580403233
872,557705067.2903349,132519580.13904543,3923390.3885123786,4320000.0,134.6109637147653,141.83935393541935
873,606744737.8039893,140857612.75746888,3938949.285813012,4320000.0,145.92487067851434,153.74251678992832
874,593918670.3288474,135176761.49121082,3950791.7539339964,4320000.0,142.32257433246463,149.88483796095036
875,578551005.5682008,137417058.29248473,3933000.4948258526,4320000.0,139.18957582648466,146.64527021937755
876,588610566.7994922,136827530.93343,3934114.157697279,4320000.0,141.73188121197848,149.23259867209626
877,577974321.2758248,137448908.89920488,3944658.0362921576,4320000.0,138.71305750017285,146.13502378426952
878,554491833.7006011,133854266.21476863,3921072.102948879,4320000.0,133.6587726245083,140.82304325570493
879,580257085.4473466,133099354.02271369,3952117.7779254215,4320000.0,138.88669377173144,146.38824975065546
880,588045521.8691506,139709483.65250227,3899343.277159459,4320000.0,142.7166480454937,150.3975144511386
881,593688112.8288369,138034008.02426985,3947384.970812124,4320000.0,142.35158349889255,150.07455796528444
882,609127741.4457688,143308781.38246498,3927239.9760405696,4320000.0,146.90161092543985,154.7744161185329
883,585556183.5196711,136790707.78268495,3940904.4631018303,4320000.0,140.54537317163937,148.03242722911497
884,581670625.0317922,138819699.34949362,3941457.926091769,4320000.0,139.59467442607814,146.99635541867832
885,586466690.7241257,139448566.30771458,3941979.067009984,4320000.0,140.59106317724962,148.02711449152372
886,578679791.2320294,135256677.4688689,3922596.807364936,4320000.0,139.7864603921434,147.34383360340823
887,585220242.0266597,137140617.86693388,3922892.1285854303,4320000.0,141.36024422148094,148.97937976902122
888,586925300.4120085,141617691.87182674,3908848.253986161,4320000.0,142.00149306840177,149.5903189806883
889,584307927.6724973,140653985.8142024,3944112.583311621,4320000.0,140.2538947240395,147.81498588369166
890,589345397.0424939,138218304.83419034,3937410.3034985065,4320000.0,141.2904221725736,148.83121904288558
891,581143043.058065,137287766.64790022,3927270.937016044,4320000.0,140.06949988338698,147.66546082943015
892,597741133.2436123,141995334.8712009,3930578.9474803195,4320000.0,143.75540215933978,151.51345041062703
893,602745882.1929022,141874002.6947494,3925109.7481371225,4320000.0,145.18674776547596,153.21238346231738
894,560369394.7415687,133504616.29056507,3913131.5898251683,4320000.0,135.6362139588626,142.96703786369704
895,578298403.3159547,131447851.80682194,3911708.0580825508,4320000.0,140.11853083593704,147.69863361560803
896,597478476.1788828,140276069.56723252,3947898.9255815814,4320000.0,143.08583366329376,150.66965509167133
897,593036997.0474324,141146031.6809679,3960458.6738319434,4320000.0,141.74519641670923,149.3635509427186
898,594716425.6586381,140888125.8290576,3912016.716831756,4320000.0,143.79547785182083,151.5538093071669
899,575229149.8420748,136105160.2167593,3906953.380304647,4320000.0,139.34516226967878,146.6400604527372
900,615714355.7249118,146264713.8544215,3910096.8354625143,4320000.0,149.02852223434158,157.10704617156821
901,601895976.8751884,145028059.0480099,3916169.8377382257,4320000.0,145.41798044145358,153.1114875812617
902,581525045.4357647,135343132.64147168,3933752.333214107,4320000.0,140.01039671493615,147.4878626320486
903,586635668.5900477,137593488.8050502,3940458.3988265754,4320000.0,140.81589880408097,148.27299474953548
904,634517797.886553,150202626.02934143,3936842.348833885,4320000.0,152.65048388890764,160.82317179909484
905,566926741.5740819,134695245.4993364,3914886.4822712205,4320000.0,137.06464593715026,144.3639814434885
906,584435692.1785578,140049051.9324987,3927316.5075263213,4320000.0,140.8731093759881,148.48159713335494
907,591327181.950836,142277130.05475858,3917691.060600147,4320000.0,142.75024437376882,150.52580900425156
908,578133011.29387,140628914.34563574,3926874.555439248,4320000.0,139.34687930716748,146.8566844059988
909,603972258.2364342,144038951.0775443,3921856.702296424,4320000.0,145.6739501095288,153.53741346025558
910,569270924.3650804,135780886.3707806,3922063.6561724106,4320000.0,137.16721000789573,144.46487255757648
911,622982534.176053,144017090.05996248,3936180.7190068522,4320000.0,149.90696615888103,157.8742921355428
912,613192650.3636463,145887544.33290377,3924603.8535668594,4320000.0,147.6049308967764,155.51245131024777
913,556242332.943429,130539706.57956952,3929510.3366719466,4320000.0,133.91282950487377,141.13071238469766
914,555773645.8232074,131674772.8973452,3912550.803048645,4320000.0,134.45781932648444,141.67772493505208
915,557085140.2724822,132250183.29809529,3921802.573260758,4320000.0,134.1354956113165,141.3076282756459
916,551443111.2155732,128598460.68597826,3906636.0562182614,4320000.0,133.53142164924822,140.769375440247
917,610831875.9026198,145796983.98242697,3907970.9820653833,4320000.0,147.7415456196663,155.63853579229018
918,605091377.3091298,142068037.64940938,3930814.982344634,4320000.0,145.6988054370264,153.57514547684258
919,631517495.5837611,148844291.87451178,3948173.1160232397,4320000.0,151.38939097694004,159.50524134355445
920,597016529.0392941,140625052.73101953,3928565.6142327655,4320000.0,143.87597760658971,151.51829248865346
921,582649822.3057168,135919362.26136255,3932672.949385879,4320000.0,139.97740943021407,147.45232620534264
922,599292438.1649762,144060333.7499001,3951582.3805468967,4320000.0,143.5909673102509,151.1558359824144
923,573757198.9742906,133742104.70067662,3929357.7160544964,4320000.0,138.2823927303004,145.76199646997358
924,594176315.9460573,138386820.5141692,3930418.2587170163,4320000.0,143.0131407669435,150.65745922890514
925,571444100.809516,132939291.41729136,3923938.1290890765,4320000.0,137.61418967624013,144.95315466582227
926,559864378.3358256,131061053.33097605,3922572.8682363825,4320000.0,135.00674479282915,142.2063221986142
927,641665677.6416537,147397053.99506915,3946135.8433107696,4320000.0,153.63697860753166,161.81340302000334
928,582936126.9694172,136381704.38193643,3917535.0257087345,4320000.0,140.58558106204873,148.21080634955473
929,589933517.4593372,138726953.27494678,3952189.4146184404,4320000.0,141.20509768530565,148.7645821073885
930,602067811.1692557,139147974.7686117,3932782.6131273345,4320000.0,144.76665032589443,152.4115552222041
931,580960933.9050816,140145332.09500524,3935555.8133528535,4320000.0,139.52655866357125,147.00314449224905
932,581588022.5691923,135224323.189934,3937689.683546694,4320000.0,140.00095383443838,147.50825057683525
933,636403736.3903706,149410564.2215751,3941071.4236792945,4320000.0,152.74645433906318,160.74409853753713
934,608562729.1058621,139318946.5821226,3921181.771984729,4320000.0,146.8093735882139,154.60254424902027
935,589335101.2851274,137362768.60096264,3923376.9758665054,4320000.0,142.01699805271616,149.52922572944246
936,612557165.4213766,146487286.3608663,3922947.557627281,4320000.0,147.68613096168775,155.705978619404
937,589929174.3243005,140857896.4149649,3946224.626827052,4320000.0,141.56236752148845,149.16682892507555
938,579233178.2698187,137676712.76232147,3924133.1979891155,4320000.0,139.80601594327337,147.20975286389094
939,570069728.1488147,133915814.71952172,3920860.065213973,4320000.0,137.75633231179063,145.13145038108908
940,603783010.3613666,143740457.6407854,3945714.664875219,4320000.0,144.80500601950828,152.6127776504143
941,592122089.8017474,143325798.8115424,3897135.3048088676,4320000.0,143.6748929068008,151.24484374144967
942,604517108.9248117,137512635.0199942,3933560.197420769,4320000.0,145.3697841889513,153.07200541741142
943,580129922.4311192,137737516.1267062,3928379.358862092,4320000.0,139.9717841593483,147.42284002633374
944,610243058.67171,147091152.23476848,3900485.7473244336,4320000.0,148.082105025079,156.10341416868795
945,586932292.9793491,139969410.17834842,3895551.5882631103,4320000.0,142.55426292205408,150.1775987539293
946,593074311.7707034,138054283.77397394,3932728.0985140335,4320000.0,142.71004131432997,150.2612061200061
947,621737572.2056912,146891001.30782455,3944979.843113407,4320000.0,149.21051872627268,157.254647352013
948,600057915.4192585,138903473.31692263,3935254.5505594313,4320000.0,144.23716588555862,151.914954404815
949,613754564.8724287,141391750.86963853,3952201.197445211,4320000.0,147.07221905693817,154.8896117305481
950,567847931.3832502,136694080.9954953,3922865.475927864,4320000.0,137.03286588629192,144.36936603729907
951,577276563.6002632,135298668.67432377,3917351.391297537,4320000.0,139.39333291815487,146.8421962438982
952,578922350.6239463,134636717.70109797,3923098.8579057166,4320000.0,139.58926455239833,147.03735156589136
953,584968024.3679737,139247284.2925018,3919496.726807326,4320000.0,141.1553004339582,148.7925570500287
954,594437592.6010673,140256288.2455835,3908727.498771114,4320000.0,143.8485482564376,151.67899355457772
955,575032409.1282816,134196209.40473665,3931089.5267856987,4320000.0,138.4764805242603,145.94359582867253
956,607321633.3770092,145133663.03378633,3913402.9998485353,4320000.0,146.99284194461202,155.05203402510762
957,608527170.722743,142154886.1316258,3900952.6196117294,4320000.0,147.52364949974995,155.39114414498397
958,591493637.2149537,139145664.3193523,3955108.1629834613,4320000.0,141.42681350339552,149.10408985043125
959,579148228.1771802,134491607.23620018,3937484.577920438,4320000.0,139.3505114033981,146.67598474028304
960,564206232.728696,133757976.31625247,3920985.253289494,4320000.0,136.18308788573688,143.50084185197005
961,603380762.0282514,139625923.86959535,3918019.0819373843,4320000.0,145.72211300907688,153.40683921477032
962,563683483.1903781,130177580.28270696,3947475.5939454245,4320000.0,135.12599998471802,142.34758372921186
963,580935031.5458887,136728242.9275169,3925460.6670021825,4320000.0,139.9699864016529,147.48202927607542
964,586582143.9185086,140975517.0392257,3961243.926696056,4320000.0,140.17242515960055,147.77168894544465
965,599592904.9920454,142986952.0409597,3915454.462405754,4320000.0,145.03712048582398,152.74528448913918
966,603408609.5655695,143709226.47179532,3901712.546642905,4320000.0,146.17421440405104,154.0412115444721
967,579349070.0077398,137957826.60323772,3938735.0573511273,4320000.0,139.14263100003922,146.56290647018807
968,595049370.570407,144129800.32375193,3950763.0798347583,4320000.0,142.35700233122893,150.06022860620638
969,557514912.3268057,131840217.91551095,3938100.2147169476,4320000.0,134.00371003572508,141.31417100054796
970,569131016.2682153,133917552.86963654,3921129.1347248405,4320000.0,137.1988851731766,144.54546802148798
971,589225406.3461957,139210734.40316355,3923017.5802881266,4320000.0,142.26481100751056,149.8532627664131
972,573245702.5237552,137194895.17310366,3929819.6643914627,4320000.0,137.9788711442411,145.38873233938895
973,577975028.2539377,136681433.89023313,3942207.573464577,4320000.0,138.72583892444086,146.0775358367395
974,612801003.2244569,145486060.66739297,3922963.0774938557,4320000.0,148.0758052780358,155.9281973091801
975,575775122.2046497,134344750.67640835,3924834.922185897,4320000.0,138.74042179536724,146.27393729471274
976,580258757.9882532,136786897.66397658,3916579.4476622515,4320000.0,140.2525036842502,147.73498465996562
977,610576617.7704349,144434157.78160954,3944952.942312438,4320000.0,146.48961863338639,154.3065394919718
978,532843446.4791124,125390064.05816302,3924415.9590679626,4320000.0,128.4891187277955,135.33014466611718
979,609977037.1568675,148772380.15081987,3930629.9850408575,4320000.0,147.0328457473881,154.77196951662145
980,610065187.8017337,144088687.67221346,3910659.696419908,4320000.0,147.41572322838658,155.3310465723189
981,599642014.2176287,141406626.92851043,3929272.1650693878,4320000.0,144.44169257744107,152.2553189683834
982,609889376.703332,145246995.38076058,3920831.5357192713,4320000.0,147.10736147648558,155.01799707851583
983,577183341.41855,134950861.3337816,3929916.6771776513,4320000.0,139.12236213190545,146.5351617583795
984,611255425.24122,144533406.35305792,3945158.1510044304,4320000.0,146.67128782895216,154.58216576784483
985,596957301.2103038,140326124.36424205,3905306.13492631,4320000.0,144.80096751685582,152.4956284757563
986,549903526.3371263,128526148.61981687,3903729.634589631,4320000.0,133.24149069850222,140.42053996859582
987,593357760.7483478,141704164.20881596,3911902.267217988,4320000.0,143.8029755685125,151.44930699112746
988,572701499.749217,137595508.88821,3927186.229341188,4320000.0,137.8872202509785,145.24388685933494
989,579771053.1732585,133396780.70793562,3932367.7056634948,4320000.0,139.6699411559926,147.11310834546018
990,586695327.7185031,137503142.35439414,3924323.7726171967,4320000.0,141.48851486900367,149.16574349190736
991,606171986.0956731,144774122.95966184,3945185.025701109,4320000.0,145.6010289599373,153.3858073064215
992,606715613.5003448,140216108.60557777,3891154.6169115985,4320000.0,147.43132752025545,155.29997484912164
993,577704132.8658901,138277571.0787136,3948080.4623618578,4320000.0,138.38117391585033,145.90800244554893
994,574010198.2338891,132325665.63269223,3945275.4576345873,4320000.0,137.70937849593216,145.09841579243553
995,578933385.8860655,137108339.2499469,3935829.663012485,4320000.0,139.16879643318373,146.60597001299436
996,592343467.6581138,135416882.42079902,3943632.2306956784,4320000.0,142.42100678432948,149.9314601663991
997,606069547.890128,144374300.69101992,3946123.6738439235,4320000.0,145.31528681254534,153.07059206264967
998,569847116.8558431,134980045.11739835,3909570.8349379534,4320000.0,138.24837585044568,145.6174970991069
999,601978719.018265,144893758.92549467,3921862.3216815833,4320000.0,145.01220142393885,152.71754205167966
1000,575371214.9243885,137788765.62328032,3920757.3959227116,4320000.0,138.69550051655162,146.16689479964106
1001,609800277.9266295,145726565.43347648,3931684.3995483546,4320000.0,146.65978681376464,154.4682629573139
1002,578263037.9166079,134227096.13347763,3916416.006944101,4320000.0,140.02153119249868,147.52935460570808
1003,600729843.6100811,142184405.76137948,3938450.004419236,4320000.0,144.53524862932662,152.3051946221628
1004,580515934.307446,134136977.43560804,3934050.5149465785,4320000.0,139.71682963918337,147.2244401905153
1005,593180369.6084175,138971001.70438054,3914855.043701644,4320000.0,143.42803516899735,151.0793366810379
1006,604457168.413996,139461605.9321599,3930047.572053965,4320000.0,145.51561361733732,153.16531559903953
1007,589677804.9161425,140773755.73175156,3928229.3588934364,4320000.0,142.06589343517942,149.6562352021423
1008,613788988.9055253,149023092.31246388,3934318.6932943095,4320000.0,147.74881378715415,155.6972135600407
1009,601314862.4083428,138765097.08910698,3931167.527914481,4320000.0,144.70032523091223,152.4804201897699
1010,573438158.5438225,136466307.58338934,3943729.0795225967,4320000.0,137.54805957256843,144.91622454391214
1011,572140507.685228,135348840.15589184,3949501.9465289046,4320000.0,137.04031786329864,144.3207936929968
1012,572063737.9746909,135499959.11706874,3921188.060630005,4320000.0,138.10242104350334,145.44317270622307
1013,606868988.3328556,146012055.32563618,3934421.084147124,4320000.0,146.12196953357528,153.94661668663065
1014,602900595.8418046,143121014.76136786,3940682.57039774,4320000.0,144.9432797895846,152.75951388927396
1015,586254412.7098969,138982359.3569613,3906790.571781632,4320000.0,141.98927252688748,149.5672711077399
1016,580900026.6843369,139251909.00900188,3917327.314785012,4320000.0,140.26241754268042,147.71422530700508
1017,569992944.968513,134121436.69151968,3926461.5439425437,4320000.0,137.1772978347811,144.5989860018447
1018,580522982.8395197,134448036.47109303,3927369.195484559,4320000.0,139.83623318324985,147.3221460103224
1019,594792759.7784013,137480297.07401055,3916474.4819076895,4320000.0,143.7297756230536,151.48295761154003
1020,584537897.3095826,140156707.50933602,3924213.3988850145,4320000.0,141.25282940720857,148.81696160527818
1021,613163296.6956809,145102168.40744522,3937393.646035893,4320000.0,147.16705482663983,155.03634038622357
1022,589006461.7945307,139300343.35718635,3950626.224746598,4320000.0,140.91477754656253,148.5007669650557
1023,589403965.6746147,136974083.1455481,3920954.3729520123,4320000.0,142.04809524059596,149.65519674784113
1024,592736241.7401257,141093992.47907266,3938378.474296785,4320000.0,142.48287075991863,150.05403331871244
1025,588372072.1593571,138590079.2805887,3941170.2962315967,4320000.0,141.42859725905674,148.95033265322348
1026,571927756.3443478,136948917.18911338,3937376.99618831,4320000.0,137.36597627014837,144.60297863833412
1027,604203807.9829558,142302254.776218,3921888.848802737,4320000.0,145.90577084402904,153.68279682531428
1028,615301836.3138903,146622746.4873875,3929988.7386489417,4320000.0,148.1057614850546,155.93189343136862
1029,572014885.2642959,134893518.00119126,3931790.0124880793,4320000.0,137.68684513246234,144.99424493643335
1030,564524401.4614536,131154111.79246643,3934020.9973309026,4320000.0,135.89229159021434,143.18447497770129
1031,576010725.6730645,135207360.79524064,3928465.041998629,4320000.0,138.8290906214958,146.17554066146837
1032,634114047.7588356,147231643.78705955,3911740.220757197,4320000.0,153.33963235170722,161.4514712278463
1033,607947671.7211018,144096937.42702368,3909661.8060636846,4320000.0,147.2036567265485,155.12210004719375
1034,594688406.3893863,136763981.1250414,3907459.8897591117,4320000.0,144.01498917603413,151.63863307060407
1035,570089971.2966168,136005702.7464504,3917669.308102244,4320000.0,137.8620428064031,145.30029295883605
1036,583283656.0166615,140846889.59238335,3914130.793218252,4320000.0,140.9737871681781,148.5764482352947
1037,584274720.9557023,139605644.6475022,3941573.1730444496,4320000.0,140.3563231497116,147.85505263722777
1038,601933867.2093616,138673380.49503246,3950026.9589380557,4320000.0,144.1885355732987,151.8708991437111
1039,517117949.0035954,121022318.21417874,3886325.1459692838,4320000.0,125.94289841917687,132.5962576840998
1040,611832329.8423887,145897668.8590944,3948857.0434811725,4320000.0,146.7030268520478,154.62675406823877
1041,608582415.4784688,139993624.081881,3928624.904144053,4320000.0,146.5309892367808,154.33136290305066
1042,609313685.6882529,145362123.5527834,3914013.239398474,4320000.0,147.08258063841987,154.84703328260028
1043,591704191.2081003,142289944.85600516,3922485.245270459,4320000.0,142.7644960630848,150.26396056454467
1044,589212111.8949564,137147075.74397916,3929603.9781921916,4320000.0,141.8137939737388,149.37757305318507
1045,572004031.6318505,137453389.61651695,3925286.1362904673,4320000.0,138.05127600339745,145.4236844706981
1046,600737221.6568159,138351496.17587888,3924452.37761737,4320000.0,144.69533737453457,152.3506621073775
1047,577672334.3340983,137037823.7235797,3930566.2713056393,4320000.0,139.0249041116986,146.52701053155
1048,588463466.7316923,137248150.53960767,3925298.6361125,4320000.0,142.04746287358788,149.58431660833588
1049,603870618.0316229,139458837.42680717,3936471.3990994487,4320000.0,145.25230222317597,153.03864120713214
1050,606630652.8736346,148247834.26493308,3928779.1101341816,4320000.0,146.28995824711376,154.00169671117314
1051,580848207.8515844,139089185.55925062,3950809.2559446865,4320000.0,139.13989947644222,146.58022142107583
1052,625649534.2450658,146699827.65352207,3948983.838993258,4320000.0,149.70425745908426,157.7709222733429
1053,596473689.8693287,139203963.68052956,3927473.9772090046,4320000.0,143.52575645054924,151.13822176125652
1054,544773545.2588221,129802258.81441067,3949963.3883826993,4320000.0,130.55829770314105,137.54543584733133
1055,581123369.9073262,137598805.67755184,3935504.754745164,4320000.0,139.8598052883418,147.35906303308033
1056,596727827.502081,140282710.67422593,3944528.772947118,4320000.0,143.03734326821532,150.68495116785428
1057,560717135.0995884,131487699.94914165,3941587.014248241,4320000.0,134.55156946873348,141.71669845258438
1058,601467853.7948303,140102370.91445526,3949707.695205427,4320000.0,143.98395775941967,151.6226296498623
1059,622113022.3444211,144999394.33552092,3911909.0882368586,4320000.0,150.516841052995,158.60572879000654
1060,612083813.6516714,144882740.58995894,3947205.912930432,4320000.0,146.79399680126568,154.57381459515642
1061,579298860.3171469,135664682.99666813,3919657.160511758,4320000.0,139.8827292953034,147.45599684443692
1062,601514982.154017,141379109.7201365,3938944.7096050796,4320000.0,144.38593407342458,152.15909714746164
1063,582197342.244294,136365292.1122874,3925973.77259945,4320000.0,140.166240813651,147.6350997592712
1064,564776316.1046859,135848281.67921743,3920254.114125623,4320000.0,136.3310017654882,143.52570279346705
1065,588491264.0179486,138187660.20457754,3947637.1500912015,4320000.0,141.06510184885093,148.73765955104065
1066,577092984.8408948,131338981.64426434,3912869.4588750196,4320000.0,139.3603372384276,146.72818245744838
1067,603070383.1484224,142167222.6928597,3946115.9261734467,4320000.0,144.54051060445008,152.26332819025282
1068,576673234.891746,134019482.78902963,3934290.922624401,4320000.0,138.67981675865389,145.98634845735086
1069,575858040.6490482,133204526.99429227,3942070.978096665,4320000.0,138.24943261736462,145.5966982866832
1070,565367468.1917751,129147692.82636906,3920737.5318118962,4320000.0,136.4114028312419,143.6207473027779
1071,580367135.3090434,136251230.633409,3930535.1910268627,4320000.0,139.71460035003682,147.20676949842627
1072,625516114.4736627,146974793.46882072,3932595.535415125,4320000.0,150.53953091410844,158.55075613273675
1073,563509098.2987772,132454119.1355359,3939122.768895351,4320000.0,135.37005160350608,142.6140324112932
1074,599150703.0384986,143125599.48910022,3913496.7316958825,4320000.0,144.74405778218824,152.48076930814534
1075,567362514.7837785,135364774.86858058,3916567.623335937,4320000.0,137.0362661693354,144.34036721615547
1076,597228382.5061911,141815331.24254918,3903334.911143398,4320000.0,144.70964730365588,152.4770278932917
1077,562314728.2375311,132951459.06401597,3920895.466348649,4320000.0,135.89232545035094,143.09948789121103
1078,591497556.0470726,138951096.74551198,3908872.6751968893,4320000.0,143.4333962101351,150.9569226782298
1079,556368141.5379442,132579490.73903485,3950373.161728422,4320000.0,133.28667620596352,140.43583336688454
1080,573956793.3549676,136679023.46784934,3940502.988983024,4320000.0,138.00080313736697,145.3211888490313
1081,546696147.6361022,128181914.84270208,3930604.656438919,4320000.0,131.81645423518935,138.80488784198334
1082,591573556.0781809,135113227.9644191,3924464.8360678954,4320000.0,142.51491685332712,150.25421794314713
1083,577968139.4808033,136773072.06205758,3921633.8669063086,4320000.0,139.32010467126813,146.69597761626392
1084,577842386.6642195,136040012.4390897,3926548.9433782757,4320000.0,139.37155087726248,146.7585889923049
1085,603485417.300142,144408959.52072296,3928649.269144594,4320000.0,145.48127857684725,153.17919788768864
1086,587369896.8077539,139449725.88835627,3909863.397189261,4320000.0,141.84491852677687,149.3838474519046
1087,565824117.3617557,133679952.95951587,3932635.6701548793,4320000.0,136.0532918342504,143.30559467854948
1088,569872674.0178753,133664631.46820447,3934269.064771235,4320000.0,137.07936532628,144.39503472647078
1089,582426394.5428337,138492430.69795933,3929428.4231877006,4320000.0,140.05452125882786,147.4805071664362
1090,609473634.1412424,145165840.40771753,3935344.487932247,4320000.0,146.5026641577598,154.37950053695334
1091,612536145.7438917,139110394.35110927,3917012.8636256824,4320000.0,147.83247417731351,155.89649184493842
1092,571735902.4523743,133551665.64577052,3936394.178836413,4320000.0,137.36908573010564,144.68059860292513
1093,572031753.7548058,135406933.6503275,3916358.697324341,4320000.0,138.11512205549505,145.35726981437682
1094,582074820.0114627,137149463.24043375,3925317.4185529314,4320000.0,140.29355869526924,147.73608937559004
1095,591272096.2314315,141150909.1415838,3941490.198973124,4320000.0,142.0252286635281,149.7254703367018
1096,596891299.8341769,138728514.80094635,3926353.8626425974,4320000.0,143.62753864752662,151.3457456603828
1097,602188080.9237086,142082028.32257533,3962878.843788887,4320000.0,143.67965097680846,151.27122370193953
1098,616133545.9748416,145748502.92551127,3921655.847569903,4320000.0,148.66496837171118,156.6302757997706
1099,587696319.505768,137878174.76301634,3932195.1339983093,4320000.0,141.58475746865574,149.07255094795548
1100,552398908.8736333,132289271.8337286,3932515.5600055302,4320000.0,133.0231390249558,140.11941540587404
1101,590090492.8516372,139407339.42859372,3933353.3883210802,4320000.0,141.98710704580557,149.63574704219295
1102,564919119.0916452,130297243.46959494,3925141.9546674034,4320000.0,135.95240384240026,143.1667647901068
1103,562998472.752732,134903364.4131554,3945033.2856691456,4320000.0,135.02680887577176,142.28321150233077
1104,590038500.8124533,138954411.95808718,3937669.181955638,4320000.0,141.78648262175338,149.391342890761
1105,583018309.3831784,135818762.73880285,3939422.377407703,4320000.0,139.95049927017772,147.39560246181514
1106,583929877.7059686,141324005.7266294,3922319.2079394846,4320000.0,141.05467188436668,148.54605147530717
1107,573867573.9564558,137358711.46428066,3917730.4021759,4320000.0,138.6008115014286,146.09831753981888
1108,614943900.2746909,144426766.91429526,3935462.588940524,4320000.0,147.7506169134992,155.73102996987797
1109,550297429.0415632,129267431.89576858,3932170.564034116,4320000.0,132.31778566407544,139.4059378959793
1110,598899830.3896835,138625861.32254317,3926549.057231679,4320000.0,144.54573652756136,152.21942350459236
1111,570476783.3154622,136049940.91248885,3926267.97021712,4320000.0,137.46634736533787,144.79648753453543
1112,590829009.0387323,140574874.7870709,3940870.4663369684,4320000.0,141.97208095914363,149.61326566924464
1113,557615148.560506,133346605.12608905,3926809.723988876,4320000.0,134.4816197577118,141.54921969009393
1114,599105340.820308,140896096.67114982,3920869.5095163146,4320000.0,144.56398240903167,152.25752275610373
1115,588274327.8633239,141329646.67226595,3927610.7238903227,4320000.0,142.05254600336428,149.55849170963063
1116,609068520.9410182,142680056.24517605,3942902.730517634,4320000.0,146.22814024369094,153.9273327715047
1117,585206997.8533862,140435243.66953957,3939622.9913669676,4320000.0,140.66486497771197,148.16429059494865
1118,608209786.1561368,140582486.9532441,3945404.094023015,4320000.0,145.72338843779573,153.61445332481966
1119,565097906.3487072,136082723.98148653,3928163.50565308,4320000.0,136.14400959814895,143.44976710986785
1120,580966612.4079362,137196614.16941097,3938707.4727070974,4320000.0,139.70156736045965,147.2397126852282
1121,601185179.8558255,141647231.74735245,3937025.873555028,4320000.0,144.4334689865672,152.21556791668638
1122,589866400.8938594,138837550.30233008,3943855.258873424,4320000.0,141.45733897061112,149.0048043986162
1123,631229499.3720192,150470044.18256852,3938996.733206105,4320000.0,151.80587237859203,159.9553009900586
1124,579569141.0015644,140163199.21643534,3949206.6034320574,4320000.0,138.81819818523508,146.2336796583257
1125,581588967.6559801,137097994.16701755,3940402.2972294064,4320000.0,139.57405242763016,147.0439227343464
1126,585791988.5149689,140841901.3228987,3936606.5677888826,4320000.0,140.9351117097245,148.52327314407634
1127,580644988.4952356,136427808.21746084,3932940.4645245913,4320000.0,139.6325568214914,147.04705626915452
1128,609717288.6109104,145900566.65773275,3904962.3202106184,4320000.0,147.77871976737973,155.66554993329171
1129,563564579.5742623,132243685.36497042,3940325.620106204,4320000.0,135.3158498859308,142.65283436224675
1130,598723365.0440702,137112777.66553685,3917061.03546902,4320000.0,144.7961159142478,152.50769093227686
1131,613529266.6866957,142905506.8779114,3914609.4059089175,4320000.0,148.46885988443893,156.41600661128908
1132,572874811.9059061,134302474.14822754,3935705.7564229807,4320000.0,137.92066680878804,145.3248682523658
1133,586649583.6860187,136677331.212509,3930941.51705835,4320000.0,141.21274758203785,148.7230531461951
1134,621977453.6943339,145412909.43963438,3919485.641102369,4320000.0,149.8983297105009,158.00620739481136
1135,586536292.2912494,137222142.12218642,3944426.6069986797,4320000.0,140.66585105699718,148.24362132419677
1136,580471496.8913236,134104365.45230116,3949903.540908181,4320000.0,139.20842869833788,146.61369340646667
1137,575644718.618555,135823487.3407087,3933958.290270732,4320000.0,138.57886535919798,145.90393062224072
1138,598657252.1733916,140482829.19919264,3906905.8591151168,4320000.0,144.73792749403188,152.46654119290977
1139,585439548.159355,136275870.34880075,3932331.2406914835,4320000.0,140.5618886553014,148.13705105124546
1140,580415843.481294,136726529.09186268,3927799.309538297,4320000.0,139.74041384117325,147.14085233446568
1141,572735128.8686767,134480867.24263617,3924678.713245134,4320000.0,138.19376306315309,145.54881054863648
1142,580294593.0351954,137810391.3180789,3907038.939834743,4320000.0,140.44581308325093,147.98021225924938
1143,639952888.6450846,149929110.20618623,3937542.500937298,4320000.0,153.9126554388486,162.1186283811967
1144,574259521.948346,131929880.54552835,3897026.780733578,4320000.0,139.367791120072,146.8768153097995
1145,581759029.1574595,137550555.16849983,3917869.819456221,4320000.0,140.25690684664414,147.66474150793687
1146,561703039.6861281,133693286.30936518,3940083.9699560204,4320000.0,134.76904241193301,141.9660729186028
1147,583346319.5534053,137444827.0808526,3915501.5503188847,4320000.0,140.99931709098271,148.49129384944425
1148,599597292.1042382,144334363.96301302,3924092.5781605784,4320000.0,144.50599017410318,152.191135889574
1149,608879235.2937304,142118057.866591,3922589.678318894,4320000.0,146.78415186148325,154.6733210006396
1150,572508929.9426666,138377623.81281424,3907278.4827679545,4320000.0,138.576628617884,145.9522427715455
1151,571291312.7261828,134154156.55961776,3935042.01680363,4320000.0,137.27098036207457,144.66142498882613
1152,580259343.042393,136756061.91862974,3954693.9272690173,4320000.0,138.75485439368737,146.16627120374113
1153,597120769.570889,140182506.39594755,3938563.060044466,4320000.0,143.6335084964357,151.24843343627117
1154,589079854.960399,136404765.41662484,3926340.1995452624,4320000.0,142.03718877812432,149.70958565852834
1155,558512629.527307,132122908.42729963,3926927.7606389862,4320000.0,134.65712384395127,141.92553606771074
1156,573734736.3727826,135071463.14114153,3940062.2078187414,4320000.0,137.6441586830074,144.95234313365864
1157,579487708.5619782,138047057.66063762,3929679.7264579353,4320000.0,139.73012665767553,147.1826277875421
1158,603920349.965252,142309671.02883545,3905092.668467072,4320000.0,146.20545200502826,153.88010943538222
1159,588301158.5560148,139531127.84374893,3951315.59437249,4320000.0,140.79706140513434,148.3407809273461
1160,615393649.2039367,146154475.28624657,3944753.80550916,4320000.0,147.53399027844517,155.48497249525718
1161,584606675.0340064,140867876.43685764,3933828.4709145967,4320000.0,140.6399089231833,148.04537770457526
1162,598057991.793877,141749994.1677584,3916179.1268737577,4320000.0,144.57768577410715,152.25335053445306
1163,589527278.9934546,140299482.90494698,3916373.7674988373,4320000.0,142.24566273650504,149.80563665608298
1164,574177819.2832918,137636738.2137941,3928071.8745999844,4320000.0,138.44827143510858,145.84708711253066
1165,580073341.872838,138281297.00875828,3932047.6866485598,4320000.0,139.54363119488136,146.9681628802546
1166,591117507.7150294,139791081.87407583,3925428.0024576136,4320000.0,142.65055209947698,150.31884571178912
1167,581887927.4977754,140695997.6170637,3912796.3009885903,4320000.0,140.92366544760048,148.41950913341648
1168,588585420.1480728,140153642.22748438,3914881.8515873323,4320000.0,142.03674719360964,149.65482979783764
1169,582369335.1511946,141480768.89688563,3951582.893842768,4320000.0,139.326755540026,146.78484237462308
1170,656687314.7319994,152849302.54916912,3927262.812498195,4320000.0,158.0968641431801,166.70886934545896
1171,589461937.7723225,139636263.50724447,3953300.9785884586,4320000.0,141.17619526467126,148.7302966454185
1172,591351358.8614655,137058209.236148,3906577.6418422298,4320000.0,143.25386134241742,151.00720692584102
1173,581510592.3750178,137195866.71087012,3918563.6234125188,4320000.0,140.59759334380567,148.10095317683195
1174,581006738.8775846,137372597.6856431,3929929.221905914,4320000.0,139.8404924613106,147.34248123549122
1175,576255188.3478528,132490187.04203913,3919285.511341749,4320000.0,139.0209286990291,146.51884145428588
1176,631681363.0951295,147825569.47454473,3925359.5863504126,4320000.0,152.35711917471934,160.5759406225634
1177,611050371.8018738,143512493.1282823,3940179.4223641255,4320000.0,146.68242669412854,154.4655223002675
1178,569964709.9509804,139724657.91241089,3925076.816247758,4320000.0,137.56132350515435,144.95114839919498
1179,577781795.9465967,138073057.33690223,3919884.1818016004,4320000.0,139.64787636843997,146.99649576291577
1180,571180504.5097998,135225092.57770103,3919927.756945963,4320000.0,137.72775733137757,145.07644806705636
1181,592701159.3970851,138689795.43136796,3950090.1938869893,4320000.0,142.06629823182337,149.75308501667442
1182,601559726.3867183,142658614.8225357,3923640.6821798705,4320000.0,144.86600597075295,152.60476557245613
1183,592973957.542815,138414642.88526237,3922338.074674313,4320000.0,143.08288633257095,150.65819338511898
1184,588815638.2301599,136523206.70422333,3926611.769215692,4320000.0,141.87078928464817,149.47821851965725
1185,613652458.970063,146676027.65798658,3932445.398150728,4320000.0,147.68157267173987,155.5149884640991
1186,606451894.0440434,145210965.34414333,3940651.070608126,4320000.0,145.55275667896345,153.36816259712077
1187,561531996.7834233,131817378.43229716,3931505.2636368596,4320000.0,135.28103124080334,142.49063696039454
1188,586253269.2048877,137702670.05037993,3916835.115144396,4320000.0,141.75693312717348,149.29549342166476
1189,590170657.1480181,139095214.79835308,3939769.6297885184,4320000.0,141.60307978003345,149.19011276312722
1190,575466046.0521313,137110611.07920787,3954165.415782772,4320000.0,137.68011147393838,144.99043316970034
1191,588666423.9086832,141521609.7782898,3903810.7542294427,4320000.0,142.57297355795706,150.1957840758183
1192,621611028.7115415,144181470.22191662,3911330.637098684,4320000.0,150.40377088854902,158.37700564428243
1193,589384322.0270989,137140880.04119122,3929138.4278063867,4320000.0,142.12787165861582,149.69509217572246
1194,590940413.0976038,140011459.8738511,3938080.9794046893,4320000.0,141.93587989471553,149.56045240267548
1195,571916790.4789393,135712095.32739317,3941676.4187201434,4320000.0,137.321712515623,144.69641749570988
1196,593082546.2133355,140702494.79061797,3911554.088830022,4320000.0,143.22053759731938,151.0372005329305
1197,585804729.6852746,137180855.3666368,3896681.167825995,4320000.0,142.1833980076411,149.66965581551267
1198,595114767.0284289,141247899.500666,3926621.6032345304,4320000.0,143.48348543951138,151.0742212846074
1199,603357681.4953783,139093374.80026308,3946195.1284810863,4320000.0,144.94286695312886,152.74434820179997
1200,587195135.6789689,139977899.62822312,3941887.2399501586,4320000.0,140.93417748165754,148.4894337129553
1201,584289489.2409629,142033189.0338695,3905313.6519353385,4320000.0,141.58392253992312,149.0663206316021
1202,605864657.7552614,146196933.41147602,3936824.2799388105,4320000.0,145.34834428523303,153.08742878687048
1203,599811805.4799001,141328948.11097845,3944694.074409149,4320000.0,143.72304604462346,151.3574437814
1204,592045393.3395997,138646171.46877742,3938319.4220756125,4320000.0,142.2396810373965,149.79157697877736
1205,567664247.2710826,136216350.96377,3925657.4470753744,4320000.0,136.66508573504623,143.96752846623613
1206,568520327.8981876,136667108.67246172,3938646.7848770088,4320000.0,136.7177074759601,144.12586721735013
1207,603041737.8148135,143948725.96584976,3902070.75162791,4320000.0,146.66905876871124,154.58028296057844
1208,575698027.4883348,134731373.50458306,3916934.2296492765,4320000.0,138.951599467126,146.35606626608558
1209,575308852.5450203,136507807.38493475,3911165.911648642,4320000.0,139.35712141841537,146.71300429206102
1210,562208694.7004391,134454274.22397014,3946007.6744585326,4320000.0,134.75878251344398,141.9841595891316
1211,579929763.6670972,137508779.84709728,3928294.815584972,4320000.0,139.7437541365314,147.17388869356563
1212,584065152.6690062,137882411.977477,3918408.1709424546,4320000.0,140.85139794834566,148.31962526870274
1213,606910871.8605311,142728228.89520356,3936040.973861856,4320000.0,145.97387353688615,153.74168636733586
1214,583706909.8180733,137789236.85772392,3924792.050149289,4320000.0,140.50828601836378,147.93438602074792
1215,583781052.327948,137591875.19650164,3933939.5287108556,4320000.0,140.3284735290617,147.90819598137423
1216,590471139.9973497,140344811.97103068,3954762.505144519,4320000.0,141.35498886816532,149.0550752606083
1217,588869141.7673831,141692684.89552143,3916921.2052868465,4320000.0,142.44008943434181,150.04665572917955
1218,597370393.2086965,143370747.19431615,3911602.216981545,4320000.0,144.64825702513534,152.4589970700431
1219,600858048.880711,142756725.86232623,3928195.2150547667,4320000.0,144.78517357065482,152.55055668190826
1220,591140289.3728918,141225712.14159733,3939275.9211015245,4320000.0,142.18110613157427,149.73574497988645
1221,588366160.7136463,136814715.7059402,3893277.5659806225,4320000.0,142.90683626959463,150.51913617343058
1222,573568758.0331074,134583781.97507405,3920525.1203681477,4320000.0,138.43968078115898,145.93972048814513
1223,587464882.8635622,140714981.1316648,3905654.2445447883,4320000.0,142.2866005720124,149.91997022455857
1224,593928331.8434484,143421047.68690524,3939316.665259069,4320000.0,142.59412912957424,150.15483793550004
1225,604804438.1279172,143300734.64138752,3921564.9863184267,4320000.0,145.8721134166506,153.76545920428842
1226,588812129.969292,139845210.3957852,3918718.9881750983,4320000.0,142.1074524288839,149.7464805086054
1227,578291867.6867299,137038150.75191185,3928924.9550459115,4320000.0,139.37546558667648,146.9287123919425
1228,591654222.5424389,142273064.2059079,3943774.5760436463,4320000.0,141.90515914942418,149.55769615634554
1229,573960474.6207588,137505094.13206553,3921770.394254739,4320000.0,138.62536158259806,146.10849225815747
1230,601011686.312552,142916728.5530235,3937186.086374635,4320000.0,144.63394828351016,152.3265097040339
1231,607539922.3005255,141649538.71974972,3930927.5374551765,4320000.0,146.3456292841168,154.2008718509702
1232,578039132.3709533,138857687.82417306,3910940.9406609163,4320000.0,139.9447581237698,147.457369093985
1233,614898265.4151489,144959046.61461315,3939717.6037386307,4320000.0,147.656985297301,155.57491867153217
1234,599305319.674871,138563592.16845587,3955818.114495049,4320000.0,143.3982629321143,151.11453687745023
1235,560602613.1216967,131971605.73183756,3952687.6148606474,4320000.0,134.37945526102257,141.45647414274666
1236,612676204.4641881,141364130.8156338,3925258.844807244,4320000.0,147.46768548784456,155.28465676422462
1237,586005157.1200417,140865112.28505796,3939094.6407221025,4320000.0,140.79105926953895,148.35308935651227
1238,615651991.7006351,145804428.53550842,3936820.741735408,4320000.0,147.84571733596516,155.83736836656368
1239,595210569.5019616,138404514.2476038,3936646.339038544,4320000.0,142.87289567804655,150.52988794359396
1240,598213111.8914596,142063542.26999405,3940576.6919123307,4320000.0,143.6646346220504,151.3292578643196
1241,599610085.3987468,140877955.87036306,3940580.9398184186,4320000.0,143.9301588101976,151.53694621916867
1242,604932905.8428694,140575243.33641645,3946896.3876176523,4320000.0,145.0090885626625,152.84670443425537
1243,591018106.6152661,142110882.41793606,3944316.7415001057,4320000.0,141.6314004989379,149.09251507573632
1244,599808633.6182799,142157710.63073406,3942087.724432518,4320000.0,144.06587886372424,151.76364522937703
1245,600909270.2628555,139614664.73881832,3948114.622153989,4320000.0,143.78030291385045,151.4081750020803
1246,595062134.7078547,137118312.69333768,3952797.4424247406,4320000.0,142.52373623636313,150.26203478142511
1247,592967673.362778,137471960.65851563,3942556.771731024,4320000.0,142.30416386342338,149.9417817673703
1248,578807585.1857028,135681804.97291633,3940922.121550142,4320000.0,138.89404151735707,146.40236670152672
1249,575736743.1478417,137000921.07759655,3932548.7477132045,4320000.0,138.72511461192758,146.14065464948754
1250,588666170.1878374,139799039.49750015,3942934.445983085,4320000.0,141.3458122066929,148.84496686413985
1251,602969287.7731686,141334548.34394562,3931344.3081997656,4320000.0,145.0306318905322,152.89759716493654
1252,598721446.8005505,139442976.08245996,3929811.0858834223,4320000.0,144.1116849232446,151.7623661932715
1253,596163409.4536673,141947683.2891913,3929114.071476774,4320000.0,143.4258230041921,151.07601449285988
1254,582802054.7682978,136535447.27587596,3920781.3443986373,4320000.0,140.8175850491896,148.4142274466632
1255,595647778.4982293,139769787.51722613,3943196.736504532,4320000.0,143.0598475911062,150.68534004224276
1256,592081618.1588868,136908266.0791108,3948131.5241872547,4320000.0,141.81565411066867,149.3445674272449
1257,600959197.2078003,140911317.00692207,3916917.372964243,4320000.0,145.26934709127207,153.10895012600471
1258,626553472.9137192,145895568.21017703,3917403.6343331994,4320000.0,151.19321433882774,159.28249084603638
1259,584190612.4780897,135579768.84705698,3918421.497881826,4320000.0,141.17314205555988,148.72291254391828
1260,612907185.6682706,145078925.69641462,3910113.085932371,4320000.0,148.44820528907374,156.4965828333457
1261,612121945.0312139,147050812.1879057,3943607.8818004644,4320000.0,147.01201815924375,154.95991712255216
1262,571288393.660181,133969303.41047333,3937742.519984176,4320000.0,137.09037552311722,144.3241128199338
1263,569107542.3889586,136766644.26026967,3926919.1629563733,4320000.0,137.08744605828647,144.40260617017918
1264,560680820.8447853,132247910.87406175,3910343.0994769433,4320000.0,135.42013816884054,142.7124941116263
1265,575167028.7453475,136969517.4026556,3923800.143991985,4320000.0,138.62605319534552,146.05309726474343
1266,549783481.1146212,132432166.12023059,3946924.1208136072,4320000.0,131.841115364259,138.90933193316292
1267,586723022.0753076,136247592.01083565,3919814.9993168535,4320000.0,141.6575210142744,149.24435178727742
1268,583325879.5079643,138994247.40574905,3924652.8919565785,4320000.0,140.69303761899155,148.22654599533703
1269,567786103.8609189,132634460.77120861,3923680.450224295,4320000.0,137.0508369840755,144.27415925536894
1270,566491472.7255628,132967177.35598382,3918167.992829336,4320000.0,136.85818069856498,144.26292558721732
1271,581507338.1853468,139069785.3212486,3930834.0986326532,4320000.0,139.9379254908358,147.4122603668777
1272,595603830.1297834,138992753.5534176,3918454.984162889,4320000.0,143.89702004505182,151.54941083120283
1273,582501009.9756416,137607020.1312817,3937146.839686953,4320000.0,140.23715297115112,147.70520396773446
1274,600182560.2204589,143574832.6302207,3925199.895061208,4320000.0,144.5971874325053,152.35829286662786
1275,600564013.9426346,142111291.05128556,3945822.730682521,4320000.0,143.92688381226378,151.7576007409901
1276,574474670.2976024,135944624.860427,3938347.310995372,4320000.0,137.94587247267407,145.3924705199547
1277,577241667.0424967,140016390.773183,3942720.313650934,4320000.0,138.34225964278696,145.74404618176342
1278,597890245.9447018,142009120.5405663,3921828.396754791,4320000.0,144.29385920587274,152.00755874861937
1279,624706856.5608649,144570550.8904385,3945524.466309059,4320000.0,149.9424172845216,157.95056208986358
1280,583302615.9532988,136341021.31999782,3938022.347097633,4320000.0,140.3728752454691,147.82519170692277
1281,590896530.5536485,141052010.5461082,3931742.618134488,4320000.0,142.20308634541846,149.65336675140037
1282,579970053.9213772,136442240.65469703,3914985.6572260656,4320000.0,140.27302583243565,147.78698353621238
1283,571255589.2911236,134510296.4413152,3941968.7871997957,4320000.0,137.1979789358623,144.54632495402583
1284,579062686.2102062,138047223.03779367,3930131.1961946497,4320000.0,139.22797925780458,146.6656719127425
1285,575261672.2012708,133607961.8511282,3939525.481608231,4320000.0,138.19317157312378,145.67355391460697
1286,585882316.0964862,136294623.04950148,3901662.027914188,4320000.0,141.94715740284084,149.50774331325115
1287,569585482.8554555,129553203.91485326,3913877.857225962,4320000.0,137.67102914131854,145.0362954011567
1288,594750512.4363207,142264826.9353862,3927814.7952838712,4320000.0,143.17422628306787,150.97301157937179
1289,576234812.9136753,135692752.16453767,3925786.036236977,4320000.0,138.75638978393943,146.13630433087803
1290,577164883.1810421,137315503.17356372,3944137.2099191896,4320000.0,138.4215882067589,145.8521304003076
1291,575122168.2577279,137234214.42241135,3922714.599655998,4320000.0,138.70490922520332,146.14267958848757
1292,562630164.7667341,132057415.26057489,3942279.2919973433,4320000.0,135.15458208770102,142.342409359267
1293,567479279.6325487,131644086.10959715,3948187.853363454,4320000.0,135.9850785973904,143.27578469853725
1294,602319426.2352849,143928265.3568629,3952141.5636095135,4320000.0,144.32670980273625,152.16855961275994
1295,596997317.194904,141608583.77184483,3943950.7082329327,4320000.0,143.20638780976623,150.98704712705407
1296,564079576.2397105,136510919.24776092,3926631.030264315,4320000.0,135.97543479313006,143.20112204537978
1297,626044982.3034627,149651056.8526909,3929683.5149870575,4320000.0,150.72610797012211,158.66134359429194
1298,601745669.7349002,141358439.6181184,3935253.036622662,4320000.0,144.82707914225725,152.49046261117886
1299,597166707.876941,143455073.07345742,3919601.7258603605,4320000.0,144.33434456528167,151.9583135223144
1300,578689571.8427079,140266803.2139245,3949664.1827413985,4320000.0,138.8417474289594,146.20342175010416
1301,598555535.6192318,143598393.64101774,3926366.6802183483,4320000.0,144.21407554222463,152.02387448785475
1302,567101128.0901355,130576876.86458772,3921174.9215417206,4320000.0,136.5899738256654,143.89783324199186
1303,587597554.1446599,136519317.75726515,3919127.7087939563,4320000.0,142.05306945809755,149.61224593199478
1304,625435613.0525512,145369616.89541677,3937105.49627478,4320000.0,150.31585149752175,158.42011925479375
1305,586877591.6910174,135132965.76723668,3933132.323695649,4320000.0,141.1614801671911,148.72278705268798
1306,627845480.0817206,147067986.7125173,3926940.7253145278,4320000.0,151.41097750596634,159.62464223681937
1307,581193825.8789443,138725700.3032039,3926718.7188133933,4320000.0,139.99411155118494,147.39002994187538
1308,593818729.8584707,138205996.90952376,3938461.9863778804,4320000.0,142.74096942848718,150.51012226657835
1309,586904041.1556029,137707363.01788715,3946521.379660331,4320000.0,140.70976099576816,148.20538175835523
1310,605861377.2773576,142965915.69147795,3950388.9180498044,4320000.0,144.9741949730811,152.68063586518028
1311,568155998.6951995,129573732.5956211,3921226.243700464,4320000.0,136.89784418950558,144.1596526801491
1312,581705284.7914506,139049176.1880225,3928821.4039487643,4320000.0,140.1308220508524,147.62507037020916
1313,582822157.7884583,139428793.29566514,3922318.964686801,4320000.0,140.6757803039787,148.1594443103629
1314,561351618.2157797,132909865.67429511,3924777.624869974,4320000.0,135.42018623836293,142.7240600458594
1315,590601267.970139,142906245.0601113,3938802.185750377,4320000.0,141.96556455676267,149.50803498955648
1316,584355865.1337693,136792243.09064016,3919661.236267831,4320000.0,141.10034003376765,148.64601711239368
1317,613144676.8500246,146115724.66432455,3919497.473542486,4320000.0,147.80810602608352,155.63218732684015
1318,576372142.5898045,135372496.14532915,3928231.4034573957,4320000.0,138.7716751180217,146.18098057471832
1319,599572088.5237439,142113940.34993672,3923392.0722926985,4320000.0,144.62239954772676,152.41506539992946
1320,592269123.6192012,137569124.79438165,3942639.6074126465,4320000.0,142.11604526021452,149.7212625660409
1321,554830550.1386003,127223260.29947661,3918641.112916518,4320000.0,133.9920585682779,141.1310060304154
1322,572011156.2706182,134836948.4017033,3932456.331759596,4320000.0,137.73595723056297,145.18959162659044
1323,570299128.7428727,139585316.26534206,3936268.9006178933,4320000.0,137.15077389001252,144.43380067877195
1324,571363950.7819394,134061829.86636497,3944925.774891101,4320000.0,137.1603268445638,144.45362214303012
1325,589267703.982238,138080562.50321886,3932501.6738031222,4320000.0,141.73081616897937,149.39133428235345
1326,595159735.1537771,141215059.94566578,3940460.4110357612,4320000.0,142.83791583475158,150.53632613058838
1327,593698870.9233497,139073312.9891226,3912846.816903646,4320000.0,143.7976523997864,151.4222688303385
1328,610724100.0423645,144006858.22239354,3914435.853785862,4320000.0,147.33851535296165,155.2288812813808
1329,620199519.3312682,146494422.399975,3951165.2855731016,4320000.0,148.47903087759823,156.426691723689
1330,638212797.5097603,147982322.6609436,3923384.2794646546,4320000.0,153.6884464208504,161.86917553577976
1331,564233735.192752,134248328.54389936,3939987.6652555754,4320000.0,135.56415349573044,142.7392061951282
1332,600493083.706134,140752860.55620876,3941028.668950526,4320000.0,144.2973657678597,151.94048315768143
1333,601288902.88723,141187644.12637562,3949863.1220283546,4320000.0,144.24508052001977,151.92620726522424
1334,595392421.7040619,140136349.30596322,3947902.51532034,4320000.0,142.70463778520235,150.26990844951618
1335,582545655.1366888,139879070.93466327,3927376.724927456,4320000.0,140.4316319332932,147.93070539909834
1336,583404576.5265195,137074037.70597702,3930358.3915839028,4320000.0,140.2432129943028,147.68358561462978
1337,555779770.8220026,131149954.22296247,3903172.8704802394,4320000.0,134.83003839021308,142.03874041042405
1338,578316682.5228039,135772230.34959415,3932981.3297015093,4320000.0,139.227819191044,146.71165985968443
1339,597043640.4108044,138263400.48510548,3909331.826852313,4320000.0,144.6260518461516,152.31801731507846
1340,614115410.332834,144157400.93290317,3940742.9159477893,4320000.0,147.65286037227827,155.482002689403
1341,576549860.0080746,137963303.12458822,3924044.00186343,4320000.0,138.81451342750603,146.2290516211325
1342,580952249.4662372,138247890.61426044,3931722.016250595,4320000.0,139.92441448454713,147.405219931228
1343,599646487.3163617,142339138.48766533,3924018.6426401883,4320000.0,144.53324274580402,152.17090697407374
1344,609011106.0536002,144106063.39182052,3919013.824452812,4320000.0,147.41679734827503,155.23444794753092
1345,621091863.4097575,145763444.96080986,3927949.139123405,4320000.0,149.62747415285492,157.71812841577562
1346,601984041.9435018,141867630.11577475,3906116.6620392352,4320000.0,145.9076390874683,153.6936012518806
1347,588951229.0527711,137061440.41016087,3947943.8090511514,4320000.0,141.08489658668452,148.72901888837936
1348,591016640.3162727,137405519.47107765,3904016.812033093,4320000.0,143.3439123660499,150.9371981188003
1349,574494568.8920662,134980362.40010238,3908387.1381219495,4320000.0,139.11321300953355,146.57142905730194
1350,611385664.3432101,147834378.99481237,3943302.0164818973,4320000.0,146.56931629392764,154.47808980022845
1351,596223799.5927846,138306253.9593504,3909463.934024476,4320000.0,144.178750647964,151.82388913739243
1352,611216587.834373,148378350.9283744,3931389.3196612755,4320000.0,147.10159386280884,155.04267911448449
1353,591299453.39565,141062218.26680425,3910765.940697334,4320000.0,142.73401301797384,150.29991635944452
1354,570023033.2907693,132790995.34797376,3932776.427751784,4320000.0,136.89696310575866,144.1969669045221
1355,602217271.2156032,143575803.06260878,3935535.841491337,4320000.0,144.6773765335201,152.36571329268045
1356,593262741.987227,142049590.92659476,3926564.474089561,4320000.0,143.04191611750676,150.59088028972013
1357,591652234.285126,141104029.85646853,3919911.711731437,4320000.0,142.72509504167817,150.3354616367245
1358,600678684.5140712,143723672.22367856,3920049.3713449175,4320000.0,145.11312782103187,152.81013307657238
1359,599710170.057468,140572615.47599304,3931333.144198071,4320000.0,144.48437004669233,152.1953336544184
1360,571442743.1595361,138607976.03028083,3917881.6146131186,4320000.0,138.10818715480642,145.4036786000189
1361,589668588.8019783,139043868.3955375,3924058.841877665,4320000.0,142.37258398797613,150.07283654782566
1362,594704030.1288104,139509820.5637874,3933081.7920724335,4320000.0,143.1564680244427,150.83871333378957
1363,597829399.1083102,142487466.46553347,3935963.7761845775,4320000.0,143.86535323822955,151.55278570155645
1364,579579431.556999,137888143.47744682,3915335.902538024,4320000.0,140.06961575530207,147.59541590159185
1365,581707269.1310852,135813799.62839282,3936673.5585847427,4320000.0,139.73086296126797,147.14609651389162
1366,603560202.5100511,142601472.0676229,3933817.369101369,4320000.0,145.0820482313623,152.77855356009
1367,561533386.3184891,133235887.54773264,3921474.390530044,4320000.0,135.4505315085092,142.6203225650011
1368,620888517.19162,145537262.71053335,3941206.374326076,4320000.0,149.07705912712572,157.04984162694245
1369,598271634.8807924,143878778.73153263,3931088.096082382,4320000.0,144.07950368933587,151.8384670903439
1370,622367264.5819241,148168465.20459086,3954325.9825441227,4320000.0,149.20751067120608,157.17083415322213
1371,609408376.9753337,141328041.0359547,3923201.135450763,4320000.0,147.2756922301133,155.224520702788
1372,582340986.7533528,138362908.00008494,3910458.480908851,4320000.0,141.05419229482933,148.61275167686344
1373,604045751.7793653,144846009.576811,3932587.343851339,4320000.0,145.03983751198578,152.9182266476043
1374,592440191.1854349,143813028.01143658,3928105.5874411273,4320000.0,142.81974756159903,150.39996551186732
1375,618266736.5967221,147083362.30095705,3924361.067255813,4320000.0,149.219943357701,157.21904405937383
1376,580570039.9325525,132495049.39593044,3929094.423528396,4320000.0,139.8399229937745,147.35212066873177
1377,590818330.5226109,137274819.51322314,3938919.7458497304,4320000.0,141.87707419521092,149.55471319637357
1378,598329227.3275647,141780093.81226122,3932111.765532533,4320000.0,143.71581398911522,151.33437840936116
1379,583859375.6299528,141459455.2202151,3915330.1909363503,4320000.0,141.3342466266534,148.90613356266113
1380,565465257.152179,132565051.84542689,3918619.1839661314,4320000.0,136.425588887777,143.7608546893826
1381,597294229.1649104,140446193.53662923,3918390.9366676444,4320000.0,144.1383547463207,152.0689743774648
1382,587907836.0782369,141054925.0663454,3918264.7102388,4320000.0,141.91466942819403,149.47008990964738
1383,562877314.8226916,134502542.5924177,3923120.9805084057,4320000.0,135.52928364838297,142.73486263188295
1384,604574498.3265854,145536690.45482638,3933899.186493469,4320000.0,145.51300896645571,153.26837878123408
1385,551491316.1692747,129567680.37745774,3908321.3759770887,4320000.0,133.6384215754706,140.77568115460306
1386,598947254.9777992,139090204.56003422,3944803.780292503,4320000.0,143.7079689129014,151.30662453976342
1387,594937187.9419223,140813192.10587785,3931050.0900961007,4320000.0,143.43382192009776,151.0803133337202
1388,564951732.0048242,134607409.75745523,3930414.607296261,4320000.0,136.07377472889442,143.22165593227766
1389,585263228.4942938,137637157.4356399,3919330.51702221,4320000.0,141.11096656355974,148.6166433989211
1390,620479309.9573153,147007960.98563617,3946324.604384848,4320000.0,148.88861380585968,156.86028440894748
1391,601475448.746593,138472901.165444,3913892.3563556033,4320000.0,145.56077102760992,153.3021018328621
1392,583180716.8911953,139272146.4690122,3929500.642311977,4320000.0,140.2711946887844,147.63020520075062
1393,597467037.262217,138613327.3263662,3925289.3286299333,4320000.0,143.73689961085125,151.34665914589831
1394,595923657.9800166,138525709.92327267,3922303.5733279176,4320000.0,143.8257834080897,151.60489208347897
1395,613133367.4575274,148391068.47001275,3919423.197908552,4320000.0,147.6455084113631,155.44890097864112
1396,583605811.5992767,136620959.86659414,3940828.113109259,4320000.0,140.09401772716149,147.48641505756206
1397,603825796.4643328,142909500.84438506,3948634.511039255,4320000.0,144.76681241814947,152.47481505861757
1398,606170693.5220649,140537458.4768324,3931515.4423580286,4320000.0,145.93450297939728,153.62541395062763
1399,598960167.3231478,142163300.74600402,3940008.415238381,4320000.0,143.71081663407725,151.41995268916907
1400,610493163.9475659,144443404.67688647,3946731.293463198,4320000.0,146.4499377634324,154.22075229547778
1401,574907101.7803487,136420043.29642743,3941996.3516917964,4320000.0,138.095890860474,145.38213898967598
1402,575096251.2778305,134357968.2107176,3919297.2945043277,4320000.0,139.140058013211,146.53624296207093
1403,608334269.1969967,141389034.47339252,3930112.5296027227,4320000.0,146.3689076340965,154.27538571209718
1404,572743645.4058625,134576280.62469995,3918898.932083082,4320000.0,138.3199306378779,145.75072510581884
1405,558667812.7024937,132158887.86460906,3916452.284946816,4320000.0,135.05288917079642,142.2335866247427
1406,597686665.8729519,143731164.56153277,3943430.8222639593,4320000.0,143.2180589147986,150.79405703489567
1407,566514057.4884264,137142805.02737668,3914212.0644747787,4320000.0,137.25530978601654,144.55840207028993
1408,597287966.2474246,140883826.39166299,3925908.714741919,4320000.0,144.063219802109,151.78612283376108
1409,620212658.5544987,149174633.65470725,3934367.730260304,4320000.0,148.9836120026485,156.93792860831311
1410,625234165.1861037,148633013.72141105,3936230.6287710373,4320000.0,150.3152970808618,158.40730668264976
1411,587538451.011332,139106625.73631853,3930590.9933984345,4320000.0,141.61273147431712,149.13985219145061
1412,563438136.6166234,133105103.97680043,3915675.655979188,4320000.0,136.24557819714627,143.608111009316
1413,595205689.1866199,141285039.9816741,3935073.5389421307,4320000.0,143.18151102858138,150.7856814301557
1414,587230249.0688894,140802533.7719649,3939115.365162502,4320000.0,141.0282337198434,148.59314532568612
1415,572172837.2273054,135705812.77727184,3908999.9422887517,4320000.0,138.3806010961086,145.78577856430832
1416,557721255.3804595,133952682.92874502,3914852.690189418,4320000.0,134.73883600354898,141.99687879770528
1417,577111262.620168,135615486.92976105,3912980.4342656326,4320000.0,139.6175852141867,147.05434435329934
1418,598581516.5438945,142065409.6218859,3907898.930160945,4320000.0,145.14863067391582,152.83745126067407
1419,598344472.6945542,140188179.66074836,3919571.8654475487,4320000.0,144.21430210917103,151.88358111015486
1420,583321194.0606288,133895078.32831267,3913630.6359883584,4320000.0,141.06898437443274,148.75677768848954
1421,592560459.278305,140229908.2302419,3912349.486295573,4320000.0,143.31391977302286,151.09344128128205
1422,587781575.6226723,143582316.82040077,3938367.546613996,4320000.0,141.1800723160514,148.63172578943377
1423,576189364.5045377,135318149.28374982,3937185.35517815,4320000.0,138.44640606761868,145.84387635211806
1424,574352425.7768093,137883929.1238905,3906069.7473414275,4320000.0,138.89496301576906,146.35766562736217
1425,581430531.8157076,139029714.87127763,3899666.3368309657,4320000.0,141.31001830534163,148.70040919023535
1426,562633764.4223893,133494302.51104906,3926196.8763527856,4320000.0,135.60504240253732,142.89537375933187
1427,579271425.7503412,135203590.42001322,3938614.8235958624,4320000.0,139.22485307870883,146.73727733202202
1428,586923837.2189511,138816688.66080055,3916631.500083155,4320000.0,141.7470969219909,149.40807938635274
1429,589653808.3728048,140785477.70798925,3929994.448954359,4320000.0,142.15961486749924,149.80801926315388
1430,597736191.5052338,138993924.51132342,3917743.87654374,4320000.0,144.5181834079013,152.3732962653271
1431,588089523.7058635,138927126.32266644,3895544.5133099803,4320000.0,142.98058968927435,150.73215604834607
1432,598866028.5962025,141030143.75115103,3935183.8009477356,4320000.0,144.02696546552366,151.66841975218162
1433,609709455.8623614,142915292.3893147,3922349.1397656207,4320000.0,146.94370027845804,154.84059088887773
1434,579899054.4697962,137738445.59203887,3935303.745835382,4320000.0,139.5694057567886,146.9553932309661
1435,589060248.5712624,137126378.65424293,3935917.9168164064,4320000.0,141.8808263497499,149.43936543125565
1436,562976509.6364307,135469299.26631832,3909530.5121323424,4320000.0,136.2357924881906,143.4674342948946
1437,587423016.2564981,137966436.39566824,3921949.9148839694,4320000.0,141.86657140260297,149.49454828355167
1438,555235040.8108716,132333575.89902453,3929015.052253339,4320000.0,133.81331689788126,140.9916642448655
1439,563127710.1511246,134589629.07960954,3939823.9521517195,4320000.0,135.373658108145,142.68054822170308
1440,614619467.0677247,147809961.97812513,3933562.0773192775,4320000.0,147.99887174750148,155.7146571818162
1441,599426059.0885134,141137235.67500687,3921905.668637731,4320000.0,144.81371254684296,152.5851775960073
1442,590603523.4530419,139393539.24433583,3936966.8231314826,4320000.0,141.93684376177515,149.54387796732206
1443,599764039.7857745,141784556.63196787,3899481.872057258,4320000.0,145.4552835389862,153.2602989358719
1444,570311779.8279551,139185793.25123528,3928364.184762743,4320000.0,137.35287536753003,144.66470145003797
1445,587812855.4385294,136669128.16072705,3914035.3484624014,4320000.0,142.1753754237219,149.76035279291324
1446,580585533.8956463,137128447.62861693,3946116.5576736066,4320000.0,139.2868892616977,146.6781395195374
1447,577701734.2423091,137883651.22591043,3923118.718333746,4320000.0,139.32363910662977,146.75178522429476
1448,589113401.5139927,137710531.05155128,3917070.4151001745,4320000.0,142.51207187692822,150.15557575730563
1449,599928144.1629143,139380837.3674123,3927536.560198315,4320000.0,144.70828093443663,152.42637801256717
1450,577123535.368251,134572532.83999953,3946840.8459387035,4320000.0,138.23522557931284,145.7104753142893
1451,572058470.748594,135268464.9431215,3902945.046065203,4320000.0,138.57066957223745,146.01211763023892
1452,613820935.5929855,139086157.3473597,3938150.1725849956,4320000.0,147.7783101186755,155.60226135684346
1453,576252276.8630838,135949444.72244272,3929282.6491544717,4320000.0,139.01473586447997,146.45244766510717
1454,588509734.2661657,136284933.6763934,3927789.79937898,4320000.0,141.81038401341567,149.4026013832528
1455,595362674.1520785,138870599.757559,3931625.2792329267,4320000.0,143.18951801297334,150.7909345967588
1456,577176893.7754827,135555247.85908023,3928771.069595426,4320000.0,139.23628937276413,146.67722607823927
1457,583568605.3591449,138737349.9546517,3932924.0055709886,4320000.0,140.72086751055295,148.26979682779185
1458,572354917.0038673,134835645.5317359,3915103.646611668,4320000.0,138.62614851766187,146.03936743299332
1459,597240803.2867072,139929084.41226432,3933216.1111165057,4320000.0,143.8448944973385,151.5182640359793
1460,569796558.6907002,135891041.72687814,3946386.4803330717,4320000.0,136.47830461888006,143.79633175388847
1461,591923778.9795513,140815891.55529195,3920538.2970962324,4320000.0,142.9510915247444,150.6489647186568
1462,573852363.0509198,137692849.13528746,3917409.2719988776,4320000.0,138.70551723514956,146.0682533917089
1463,596164252.0446941,142557623.2592189,3949208.7176747913,4320000.0,142.76720822962335,150.42769978275194
1464,581341690.4754661,136380695.7894604,3931263.970839807,4320000.0,140.025608606034,147.56736663893454
1465,631702377.3668859,148893406.5576214,3964617.5595881026,4320000.0,150.78782808382965,158.77752198339223
1466,576021779.4150764,134449811.85991096,3949913.931659994,4320000.0,138.0319555981459,145.30826787851817
1467,591145134.4163135,141000800.3835567,3936121.4052195884,4320000.0,142.24752082129993,149.85711261594219
1468,592915064.289402,134894032.29243463,3921284.2867900077,4320000.0,142.7755902758359,150.41279232785402
1469,604262075.9768953,142285473.69110772,3920139.4737579497,4320000.0,145.71137330746765,153.60182456133964
1470,580278557.2344611,135582971.25299856,3918913.688171004,4320000.0,140.00118362791878,147.47895311394188
1471,584134970.0154427,133175970.40554129,3941412.2993376534,4320000.0,140.20295928598446,147.67899922257448
1472,566130224.3774365,135502731.5370567,3930992.4554631393,4320000.0,136.24345269734587,143.55439341516424
1473,589133440.2628752,140022058.04263628,3919747.471118336,4320000.0,141.9271310353843,149.55628149099576
1474,567996672.0080365,134344215.84905452,3919449.051631957,4320000.0,137.20459058288833,144.43946561278972
1475,617354269.3254868,148529484.4726034,3946498.0110169537,4320000.0,148.05279821042396,156.10505928161496
1476,613733477.9266306,147758886.3192103,3957135.3831798984,4320000.0,146.76137619488196,154.5903271174454
1477,575120736.8338695,131667623.28058596,3921667.8595162546,4320000.0,138.87226119252338,146.22467974929063
1478,590789817.1683147,144511672.46587437,3922763.035149079,4320000.0,142.45085032719268,150.04400029067222
1479,635665160.9405144,150139297.92321473,3935020.4581560646,4320000.0,152.74709678217275,160.9404057765602
1480,570896168.77014,135515775.84005445,3946558.537207065,4320000.0,136.96652791253538,144.13539444820432
1481,593000914.8545982,139887224.14028847,3941460.5976014817,4320000.0,142.3357499207172,149.95021298399314
1482,580659202.0946939,137257802.68783918,3912356.6864384515,4320000.0,140.48366719380354,148.03636831677358
1483,586937964.1162939,138594999.67844155,3936399.1632459527,4320000.0,141.1344567623074,148.71463263546636
1484,565532309.2355804,135429928.70536938,3918738.1410138155,4320000.0,136.6841236573804,144.041347866835
1485,641275089.6846514,151032814.03693882,3933989.7349051596,4320000.0,154.17998940834104,162.448536853791
1486,604974258.0519303,145264962.26153627,3939466.5809787554,4320000.0,145.21801006310932,152.88255342349646
1487,618743117.418242,144438347.5071477,3927569.0672216513,4320000.0,148.919536832918,156.8411581837268
1488,597992717.7565514,138650118.27119553,3946001.869022564,4320000.0,143.42006480024625,151.0601474221688
1489,579028370.0585455,137236691.44678196,3913539.263851646,4320000.0,140.09290467003365,147.66899612350906
1490,589722403.1498265,139339346.83272675,3942834.393751532,4320000.0,141.60617641714728,149.05019937784837
1491,579126056.3394419,138106495.87667426,3929893.2988266586,4320000.0,139.39524225033603,146.82844192498004
1492,583979830.2651294,137235760.9386133,3941373.1008323682,4320000.0,140.27938921830366,147.82445015763102
1493,590507896.640681,138902139.21568272,3917985.313887397,4320000.0,142.25399486969573,149.74076180663863
1494,582723011.1644552,136837450.3491002,3926838.8732533,4320000.0,140.30637177752425,147.75549285351988
1495,604899833.6706811,140183512.33748543,3950071.02099848,4320000.0,145.02322648617007,152.6422245596581
1496,619339284.0394133,146232625.7828243,3924774.7136804294,4320000.0,149.42993403791897,157.43483497624277
1497,598427231.5129756,139150939.48837397,3924171.9067878043,4320000.0,144.39711459818994,152.23078358168064
1498,587084936.2480636,137974524.93821067,3934268.1306231376,4320000.0,141.2768727356144,148.74633217255135
1499,574388435.7409563,135503949.09132215,3927321.8450198285,4320000.0,138.31396757892395,145.71530537293194
1500,603589584.0313612,142952401.85569423,3942258.0201985673,4320000.0,144.76569066450827,152.4249126166844
1501,571188408.1671505,136188060.56794184,3898881.734554356,4320000.0,138.6601390457945,146.1419696666826
1502,596154572.7713633,139687716.09854388,3907495.646548122,4320000.0,144.2796402594973,152.09736542229982
1503,576552144.1787132,138927075.05920026,3927596.308394334,4320000.0,138.82479783782443,146.28794796392702
1504,552597036.7745593,125762544.11951046,3912520.126240462,4320000.0,133.71901318511317,140.94721979121013
1505,600383549.9304183,138323732.24156314,3948992.281689561,4320000.0,143.95183787449167,151.56920966163477
1506,596479239.6620167,136929936.1129527,3940521.7456930596,4320000.0,143.1482715161225,150.85099147714885
1507,575464158.3438212,135462774.2081313,3935106.2074312535,4320000.0,138.45895293615055,145.80441183359338
1508,602479829.5530195,140669274.04988346,3929171.4461683175,4320000.0,145.10359672645237,152.84252056073876
1509,609996276.2023746,142517127.92721522,3939192.149117526,4320000.0,146.50570203783883,154.29669950853074
1510,562193289.737276,133514031.48540002,3933729.037758653,4320000.0,135.17379068773718,142.44109914016298
1511,582533121.7958405,137168383.71102244,3923297.280991232,4320000.0,140.5616013583169,148.08621564653745
1512,574246649.6616963,134071467.44642165,3943692.632965872,4320000.0,137.9352427555518,145.32792949717071
1513,593599542.1208779,141325338.86542085,3935119.5357763185,4320000.0,142.76948723874892,150.44953835671978
1514,581920277.9421481,136413122.9650822,3931811.2239290504,4320000.0,139.91969087658984,147.36290848617418
1515,566683805.1367722,133919223.60366294,3921063.4846417415,4320000.0,136.7007986426781,143.96779078821226
1516,583782923.8911552,139333014.03491545,3906405.898597935,4320000.0,141.30358205932723,148.74962576470256
1517,588280605.8632003,138958327.9087865,3945617.4028780987,4320000.0,141.1114226535601,148.7711829445132
1518,572817974.2681164,134916106.8021263,3945996.743305321,4320000.0,137.41612076543726,144.742093260603
1519,590008500.0047585,136487240.85276628,3927155.5840227134,4320000.0,142.43170079533542,149.9212177715689
1520,574445544.6512861,138023695.4937404,3933906.4646221264,4320000.0,138.1275169220392,145.434169327873
1521,602841919.1230285,147531165.62663424,3920959.2769090855,4320000.0,145.4205722692942,153.13357531942057
1522,600153952.9985565,144754612.35776582,3922691.1631693235,4320000.0,144.75240290773564,152.46913054565297
1523,567835903.1451092,134941819.86626548,3934100.668665081,4320000.0,136.6341224969538,143.84564515976024
1524,584536373.2582257,134404430.9370979,3938642.0902044205,4320000.0,140.47604668016103,148.01507572896148
1525,583532075.2817268,136736620.67318138,3922964.930091113,4320000.0,140.91185397710737,148.53415894955543
1526,596003752.9639916,138289863.48365003,3930310.715022096,4320000.0,143.33530063778892,151.1960409916647
1527,597289347.6914423,139919907.17236802,3957021.061721729,4320000.0,142.79559471714092,150.4754567191905
1528,554669616.5257344,131239026.78985126,3937278.126558285,4320000.0,133.31330737948812,140.44699298993822
1529,598225556.7352382,141048826.1829664,3940654.8255567863,4320000.0,143.5778263164493,151.23964466179595
1530,582201086.1270447,138357868.0012516,3921758.116856978,4320000.0,140.56937248921673,148.05746881443412
1531,590142670.8846073,137328549.5659866,3935462.725023384,4320000.0,141.70330771434107,149.28359242176006
1532,579515658.1948203,137160998.81261796,3920899.9491598825,4320000.0,139.8867760575611,147.4501279350806
1533,582243515.9520729,140577840.52069464,3912294.491304345,4320000.0,140.90597301059495,148.37961262845278
1534,577653756.2364056,133425263.13516136,3930268.4186280663,4320000.0,139.1683240383766,146.65494683399524
1535,575935006.6416844,135391677.20182505,3929660.0263107885,4320000.0,138.57073518860173,145.939651778179
1536,587429377.986847,140376697.5708837,3922930.7030977085,4320000.0,141.65731180497622,149.14777624351532
1537,577343528.5302668,139654613.61894605,3925496.0190557884,4320000.0,139.28258296710177,146.65966518940698
1538,586369193.9063324,139549866.59122688,3919902.8042353145,4320000.0,141.3371376327313,148.96771693994106
1539,602522674.8461556,142678037.67595065,3936926.7335011507,4320000.0,144.7840995039199,152.50320551449195
1540,614143338.1610018,142676131.70175153,3922758.4209536933,4320000.0,147.99440447607702,155.84687990545453
1541,596824297.079132,139491259.1170648,3916228.651567167,4320000.0,144.22046149457984,152.0087070259874
1542,585431560.3267907,137826846.29530534,3924209.101997214,4320000.0,140.97986052577755,148.51162452769273
1543,582586777.084694,137865459.4931251,3921076.477457255,4320000.0,140.72453246168416,148.12181441524936
1544,582436919.2488451,135481672.3477927,3925291.4350974034,4320000.0,140.43791944774688,147.89328122027118
1545,572037675.5030032,139396743.06572443,3936013.7774139736,4320000.0,137.7101654046878,145.03517751536535
1546,578382600.0593,134409467.24546924,3945933.609176676,4320000.0,138.78551253776865,146.1141341834844
1547,600585455.0768157,139972067.335138,3949593.192756222,4320000.0,144.0173862480218,151.63466891303526
1548,597942347.7025654,142841715.17028263,3921617.838825745,4320000.0,144.23678715033097,152.0448277454644
1549,570605657.6040581,134663378.7764992,3917491.0436601373,4320000.0,137.9677271321829,145.27036704358824
1550,595653471.6104164,139933062.398138,3921974.625985812,4320000.0,143.6475513407673,151.29142958433184
1551,578677123.0923091,139864562.2747297,3951050.251534354,4320000.0,138.65618321426933,146.06491531657736
1552,573864801.5988348,135296645.72353232,3938140.2794367755,4320000.0,138.00234279256009,145.3901550938925
1553,605926144.6587117,142765639.1191036,3932310.2657811865,4320000.0,145.56182676031713,153.42554285705822
1554,610044695.0665581,148806883.72550416,3934012.1690604365,4320000.0,146.42982834323902,154.13859883294177
1555,574059032.7739807,138151506.99399504,3947200.0602145265,4320000.0,137.7319845831533,145.14542713096643
1556,574189194.8262055,132649348.52943106,3903087.6727708867,4320000.0,139.19189029348507,146.65015791006422
1557,588957784.5961889,140081156.3387226,3937590.4124946934,4320000.0,141.64260196943388,149.1738028392029
1558,593202530.8716435,142696794.71056375,3928562.949578106,4320000.0,142.95131807684507,150.61589540549636
1559,582030075.6007504,140761658.32120666,3921409.733579926,4320000.0,140.33069019406318,147.96063145013483
1560,579934571.9681967,138329414.43001384,3939152.8600838636,4320000.0,139.50652969633458,146.91351285317822
1561,580709294.9631008,135514685.56502804,3936897.125695947,4320000.0,139.66042921732054,147.03864801743734
1562,590377553.4103545,140086676.408385,3958781.4021987254,4320000.0,141.0983583206597,148.6522914721603
1563,593953871.3813617,141177491.4323281,3925882.185873977,4320000.0,143.10770592945158,150.80685803089239
1564,573933642.4327315,134520545.82836044,3932564.418591463,4320000.0,137.98262709686338,145.3572139042457
1565,574026245.2438607,136826996.31252837,3933247.0078555127,4320000.0,138.27896956812603,145.61961468747285
1566,615674408.2045459,145378743.97819605,3943483.877968612,4320000.0,147.64096581688625,155.48068811767754
1567,592897533.1745143,141802748.30588102,3959047.2564221234,4320000.0,141.64123158411448,149.25010545928413
1568,576386000.2326634,135393636.44504532,3950323.4642253555,4320000.0,137.84205796881986,145.21584048201106
1569,581138074.2032787,135164306.19138938,3947039.7452037106,4320000.0,139.2762143264127,146.79235681561684
1570,570997827.2379334,137348256.52331832,3931599.0767404903,4320000.0,137.38457572579773,144.6458268622051
1571,607570387.0362923,143532567.46496356,3927142.0999208083,4320000.0,146.39653283119392,154.28077247624566
1572,581491774.5266625,134699661.3399423,3923603.639898539,4320000.0,140.08406360524097,147.5693226240224
1573,609315801.3653101,141506506.26585084,3946543.3361867517,4320000.0,146.0173763077305,153.729970423494
1574,617107142.5240793,145104091.21554887,3945506.2628865074,4320000.0,147.93496600082366,155.96023820133996
1575,599513583.3621895,139384820.92733058,3921671.1564741572,4320000.0,144.691238070987,152.32458084952353
1576,568710183.5832562,134985288.39124072,3927277.9191261902,4320000.0,137.16892980838813,144.53151810404069
1577,594087223.0618371,137714378.47924984,3926729.2638426763,4320000.0,143.18545054684324,150.95541029130047
1578,552435927.9180747,128920747.78247073,3920846.2368023642,4320000.0,133.36536108882854,140.44592198174036
1579,597265843.7673346,141408688.60203776,3927462.511095517,4320000.0,143.68223479108462,151.36097856534153
1580,571352617.7684292,135339664.41326392,3959775.6774956896,4320000.0,136.50769957268696,143.74565262553878
1581,597949516.5679002,139939402.8174364,3928435.5756933414,4320000.0,143.9925063627656,151.6857002179554
1582,581038167.198079,137056740.88586828,3909658.7953658802,4320000.0,140.5090387665219,148.13711563372024
1583,559168727.4707375,131794916.56587917,3933144.8790691565,4320000.0,134.6443038592618,141.7737743339679
1584,595897187.7036513,138724036.40235955,3918306.270738781,4320000.0,144.18509934798232,151.896835392776
1585,609970859.7543058,141699614.71133333,3916243.542235404,4320000.0,147.1133487274109,154.95472248031516
1586,588556731.6375259,140526712.95805955,3924803.376803257,4320000.0,141.96938897839038,149.39991986783988
1587,614263139.3712441,146988279.59419447,3926846.0257374234,4320000.0,147.89893663706727,155.72917720860104
1588,578465018.146739,138934672.69446385,3937389.245432301,4320000.0,139.07184230076206,146.53261850087034
1589,612529218.6971462,148150918.26300204,3944137.2800657167,4320000.0,146.89963596211433,154.75538956804024
1590,576035894.3787462,137629399.5538121,3933416.0781307537,4320000.0,138.5707531979985,145.86350335282884
1591,590785809.6894813,140623903.2811912,3928587.4203859214,4320000.0,142.28756466501116,149.81736085450385
1592,592510227.6806675,140936614.20053458,3953257.8973573106,4320000.0,141.96898912141134,149.6489841778239
1593,567630790.8315645,132964155.92432661,3932432.004707018,4320000.0,136.71406494655986,144.06187250272893
1594,570991971.8189412,138264492.960034,3915719.6666011256,4320000.0,137.7648607863974,145.09488183818698
1595,594171334.1505642,142040388.4568477,3941163.800118323,4320000.0,142.65939223904007,150.31003518021305
1596,562885386.8300623,132513176.8346165,3939494.085505004,4320000.0,135.19641044783987,142.38529935836635
1597,595884323.3011421,137984249.56647593,3930707.057290116,4320000.0,143.49064317970434,151.1416372688332
1598,586764587.1770256,136177457.96069625,3924066.501568612,4320000.0,141.31267303263948,148.93410372685975
1599,586194530.7226912,140414096.75492293,3918237.488438343,4320000.0,141.89004534793997,149.4942533834783
1600,603636578.3447121,143641330.56205836,3936493.1815283624,4320000.0,145.1924547228862,153.13781121851585
1601,563961860.519429,135772290.84740543,3939990.316273232,4320000.0,135.41677729964553,142.60922237438095
1602,618060544.8031498,146073784.6018123,3927673.6453736047,4320000.0,148.83199021111346,156.71443280495123
1603,583233481.7695705,136964549.95648327,3931097.2398838303,4320000.0,140.35348148634088,147.93123740666357
1604,587743122.5216519,140406075.86102748,3945153.197631295,4320000.0,140.9118193246437,148.35503395948697
1605,593511072.6565661,139242685.23489723,3935166.99445143,4320000.0,142.4919484401859,150.1202382419459
1606,584828517.005042,138813439.45175016,3945592.285365458,4320000.0,140.157688693209,147.64500622771314
1607,602268573.1498593,138405967.76381478,3933310.8237059284,4320000.0,144.86560449253224,152.63625793321236
1608,616797161.8139173,144584590.95957398,3912737.6961741396,4320000.0,148.98105289369866,156.78487903211933
1609,596616536.8098696,143174299.69796127,3936539.615322632,4320000.0,143.2695768927737,150.9684690801672
1610,605005909.2189091,146159493.0620028,3924068.1835675575,4320000.0,145.84423221481123,153.61300189780775
1611,577641876.7801539,138457107.6286111,3913839.5277137645,4320000.0,139.49054460059324,146.98322722051336
1612,594214774.650485,141188666.31730986,3935631.620316577,4320000.0,142.59888567832687,150.16395971266567
1613,592324414.44203,140668647.91414285,3931331.9378406084,4320000.0,142.40787636841495,149.9178642859527
1614,586693853.8453386,141175608.90933853,3940612.5638500056,4320000.0,140.64754404297997,148.24273532515815
1615,611531325.1543059,145579580.9656265,3936032.1983451536,4320000.0,146.95245958330642,154.78230686060962
1616,587218244.359435,139074534.3448813,3913990.3986737835,4320000.0,142.0336485747095,149.60443585582834
1617,573341700.7318532,135037621.53575283,3916020.442865887,4320000.0,138.5530185373944,145.92588015093344
1618,585923374.7617183,141528315.47706768,3922212.2195574767,4320000.0,141.14526833570335,148.84037580390444
1619,598148282.5226737,143622136.60664266,3945435.0361789763,4320000.0,143.3331726830334,151.05524064910563
1620,558931928.7360868,132514155.16428164,3924397.2531606685,4320000.0,134.84884544146104,142.03911821665227
1621,612238663.8100554,149308623.3152935,3916394.3794438583,4320000.0,147.82166454064225,155.75547059158222
1622,597174359.7152554,135166761.69185168,3929605.3971755565,4320000.0,143.73049030283443,151.32951777321892
1623,577418145.5918783,135150202.94347763,3914116.511871371,4320000.0,139.63069373036942,147.07304328134913
1624,601726921.2353462,140080737.39164785,3924116.6232121363,4320000.0,144.98586964430953,152.71346738112123
1625,567816271.0455987,133900276.908106,3929093.062116515,4320000.0,136.85930488222795,144.11755053069908
1626,592348056.2762457,138402570.79842758,3920706.0803483236,4320000.0,142.89674121110815,150.46271813023768
1627,580793490.1407806,138804112.30092195,3928226.0687132925,4320000.0,139.81345263534843,147.4320463395654
1628,580246523.1894912,134726071.2322373,3952990.6037580576,4320000.0,138.82748224770725,146.28008122440664
1629,620769968.7227426,145438531.55977902,3920114.004292131,4320000.0,149.51157132630667,157.64473918841165
1630,593085466.7681696,140638327.10856158,3943026.6108766133,4320000.0,142.24151902874226,149.77142775128382
1631,571421624.5063503,137379539.88588375,3940176.492864615,4320000.0,137.28434074026652,144.60714170082716
1632,580205398.3086884,135757653.18107185,3927015.617204737,4320000.0,139.66656792679996,147.09863985937284
1633,584116114.4254274,134940622.18021867,3959305.5121297305,4320000.0,139.6185807508893,147.07715529791145
1634,592064757.4999241,141899627.3487334,3921259.787672365,4320000.0,142.84702093211314,150.4569728658754
1635,619202503.6443132,146386505.1057038,3932384.161411472,4320000.0,148.93742918409492,156.9108525530069
1636,552854759.2323071,131546507.42518862,3940391.089932425,4320000.0,132.85567065752764,140.01861458463893
1637,576141134.174316,134313882.74939632,3944269.790941253,4320000.0,138.2118997840074,145.74353958332773
1638,626625947.2318928,145558326.02878654,3916705.230304205,4320000.0,151.39617124005588,159.45673211143205
1639,585216797.9399182,137338170.2979934,3912469.929125784,4320000.0,141.38269576295954,149.09044278350933
1640,601672951.4472852,144178756.98632485,3952733.407222473,4320000.0,143.83205052326437,151.58854533198019
1641,583280256.0521445,138285616.16917717,3923269.1003085244,4320000.0,140.49640505999278,147.982287457534
1642,579443208.6468475,137092746.4682144,3935749.5562689533,4320000.0,139.55949585841276,147.0017286540614
1643,579963135.4066939,140066864.83036548,3939443.2745400877,4320000.0,139.38944708240751,146.8168943749489
1644,579698984.2890806,137450310.75354224,3927521.9101997567,4320000.0,139.53942296423008,147.00934166276733
1645,583498908.6748903,135650294.65221643,3932087.853603953,4320000.0,140.55941796962432,148.05702689542238
1646,625345799.2066063,149504897.7692926,3893957.394370462,4320000.0,151.7118076820046,159.83142590321904
1647,600198455.3368504,142795168.9142356,3901983.8357518557,4320000.0,145.55331012354765,153.3189390441702
1648,586075282.953682,137776286.2223637,3953762.174200748,4320000.0,140.23587363616687,147.75193214283854
1649,605242318.2317997,141092151.0043719,3929735.9632662917,4320000.0,145.5355428845858,153.24823772769494
1650,581761361.7663902,138250098.32236364,3945883.1870045816,4320000.0,139.55194805130566,147.01539563190772
1651,559901506.0731173,133530480.14324297,3941212.1466442086,4320000.0,134.3217663429328,141.4742494486203
1652,598105190.7269694,140085912.61363468,3928468.670584478,4320000.0,144.03315587994044,151.85919726568088
1653,550807179.9340409,132801597.99626434,3927170.473115705,4320000.0,132.7146073636408,139.78672848554467
1654,582720427.5607568,138276544.69821048,3923533.007163071,4320000.0,140.61320175093206,148.08042469255219
1655,573562209.3445421,133848108.77587453,3920709.79576819,4320000.0,138.47874970904644,145.89862297771444
1656,600796708.8815901,140585873.99274665,3932006.1101447158,4320000.0,144.6567473203302,152.36670178366458
1657,623199153.8382298,146329634.1180575,3943906.5036304863,4320000.0,149.4571861701192,157.5156803215204
1658,586453010.7706599,140720436.09472778,3915397.931548007,4320000.0,141.9034238279639,149.3529402320077
1659,584626391.9112349,139531833.3727271,3928485.5299039646,4320000.0,140.7318651655482,148.202263246851
1660,557042846.7735608,130922691.60198525,3920545.498366543,4320000.0,134.50064875587407,141.71420109263153
1661,580677922.540274,139009749.15239877,3915222.3898505983,4320000.0,140.49923464158425,147.9458371320519
1662,600342080.7544372,140952423.1286529,3939309.1477818796,4320000.0,144.1840156663698,151.86054595455013
1663,583600506.357654,137096882.78926185,3943637.7709370865,4320000.0,140.0553067794303,147.44020666736054
1664,617057635.9038248,150019489.98379233,3936756.6892763823,4320000.0,148.25513004982562,156.1098702332434
1665,563474750.5040483,134690353.93745857,3925965.8089436167,4320000.0,135.58214544818696,142.78113475468828
1666,574207500.7350729,132982322.13753021,3924708.3729527057,4320000.0,138.42443841614153,145.7162161840285
1667,600379645.276403,143517181.86642876,3936951.7638471522,4320000.0,144.01729506888483,151.77550397150193
1668,557497077.773726,129842257.1805876,3927948.5036250497,4320000.0,134.09339824458036,141.2567684960556
1669,582488299.384432,140054183.3646123,3924277.4482898787,4320000.0,140.43434390167923,147.95784852320767
1670,590930062.2680166,141129682.97436535,3955147.7639918034,4320000.0,141.445074080235,148.98690066188075
1671,578343378.5498068,136394321.74283004,3922367.9197734827,4320000.0,139.5711302497507,147.05145271522287
1672,593464702.2764776,140935548.76338023,3923926.602910631,4320000.0,143.45019648248697,151.11848952385103
1673,559894289.1727548,131298709.3622666,3891132.0288281236,4320000.0,136.39058233561872,143.67633889414793
1674,620443375.0123914,146826761.0525617,3921734.7298328485,4320000.0,149.62459512989506,157.55173685855107
1675,613373217.6985064,150968713.65866643,3940353.827649792,4320000.0,147.36442327522667,155.229259962218
1676,588662925.3563199,134350131.9903242,3928205.6548552536,4320000.0,141.65855485648814,149.24685989778916
1677,598315327.3634363,143211429.21471578,3934705.839362219,4320000.0,143.90604614208132,151.67313642757424
1678,595337842.8113246,142333297.9742255,3922423.7355147875,4320000.0,143.48466764523693,151.19561291138842
1679,612797465.3987083,146239638.3068725,3933265.2539243563,4320000.0,147.42356402679172,155.3573388683079
1680,628676631.9281675,146599610.52255988,3934380.564276019,4320000.0,151.6756683303301,159.71363545628677
1681,584361361.1704222,137463701.79866523,3921394.202001146,4320000.0,140.88274670497995,148.3727788553934
1682,615861737.9236506,147070793.714177,3939876.4596705907,4320000.0,148.02932993303955,155.9712237079678
1683,604254114.1197,141605968.158465,3937554.0682275314,4320000.0,145.45256791412808,153.26113057424578
1684,575631961.8273964,133521406.35092115,3925608.2961274823,4320000.0,138.56230068658172,146.0483993451514
1685,562152685.5168117,135669168.5693276,3925474.3826279445,4320000.0,135.60028831231267,142.82892047084218
1686,586010482.6724972,136779546.75890502,3912352.055981441,4320000.0,141.64982939329164,149.21444207229064
1687,554988920.949046,132042172.35491994,3927516.1021594205,4320000.0,133.83918836925625,140.9294248754033
1688,573921263.3977486,135924368.90212324,3918088.519686953,4320000.0,138.6745457137554,146.01258075300728
1689,586472433.284739,140139654.2039167,3933163.794865876,4320000.0,141.2623238807164,148.80407747241364
1690,587528531.1315006,136187963.70072186,3928212.4855339867,4320000.0,141.61334941873838,149.21870837595387
1691,578051076.6828125,135464512.13045764,3916310.5087395716,4320000.0,140.00045891906316,147.4666515652626
1692,590711186.7843618,139632926.92776513,3946633.8751286245,4320000.0,141.57441673262494,149.27254170663193
1693,581500779.3522775,141547291.00661305,3907044.8298134534,4320000.0,140.79391306689732,148.3693365618033
1694,601096462.6084157,146998175.30173767,3936753.320939916,4320000.0,144.40362437784233,152.12047831987329
1695,593936958.7842445,140118139.85962373,3895118.4401626163,4320000.0,144.3132244667349,152.08697669412894
1696,594528041.9154285,139701029.42678067,3946338.66072217,4320000.0,142.84895632456158,150.51926865772964
1697,600581211.4326637,140791296.67525065,3931370.5966859516,4320000.0,144.57249431759985,152.26670073964866
1698,582591464.0303884,139222533.11283508,3916890.3866158603,4320000.0,140.86685307658408,148.31697224501016
1699,588938241.5719754,140685794.70944545,3937381.733855229,4320000.0,141.58750557783196,149.1847947195365
1700,586204323.540753,136057379.47126657,3931198.451226365,4320000.0,141.1192892406577,148.53820184393018
1701,609715103.2923284,142574400.50385076,3909892.682461339,4320000.0,147.48130581774902,155.45303219056086
1702,605368815.0217769,144693170.2190614,3922222.7195859123,4320000.0,146.2493952191016,153.95467162812656
1703,615133325.8662457,145047847.15874106,3935310.150465936,4320000.0,148.03693590205174,155.795818547943
1704,580187539.0714953,135581132.35986343,3935958.4814539226,4320000.0,139.49925697804733,146.97561396020885
1705,592626998.5492611,137296207.05418247,3938010.654733624,4320000.0,142.4009575494379,150.05381241421193
1706,593390132.7815617,140117349.55854902,3936428.9107077415,4320000.0,142.51347933712924,150.2043086470171
1707,607889582.6320394,139486343.60253656,3917129.2359680156,4320000.0,146.54450062655647,154.50542645635917
1708,606461013.0560395,142435828.55691922,3931363.396667681,4320000.0,146.00144513564993,153.84671651330999
1709,614093501.6756867,145259643.6102757,3928382.7076117094,4320000.0,148.05176928284487,156.05798449564875
1710,577469368.0311911,136295024.80939037,3903042.5467510223,4320000.0,140.01747352431616,147.5904623212048
1711,588803315.8611044,137586270.11574453,3939798.606527255,4320000.0,141.31211753064107,148.76331519948707
1712,579594617.6968964,141137562.6239839,3929109.311625918,4320000.0,139.95676399787033,147.2889763932618
1713,588459662.347127,136540926.17509058,3942492.106653106,4320000.0,141.29804828302358,148.7883947702858
1714,552382235.8830799,133163672.75464661,3933948.4026193214,4320000.0,132.93237268308607,140.03634723079358
1715,604153483.7535203,139014619.20618027,3938556.4744336554,4320000.0,145.2051389891963,152.99038051809208
1716,592538555.8819568,135688905.79497617,3919835.848264431,4320000.0,142.79374992502832,150.43751565620047
1717,576589452.2028849,137092619.40562108,3916087.0827555424,4320000.0,139.34421257946653,146.8289192887134
1718,624890061.1004764,152534804.3830698,3921604.628438102,4320000.0,150.72774238903534,158.72902142281325
1719,585325362.3572662,138836399.61536473,3937101.399192953,4320000.0,140.5980527395168,148.09478254701844
1720,583860602.133019,136258209.5479269,3915944.5507404045,4320000.0,141.0986499622966,148.6456679598393
1721,585714026.7530942,139300381.37396526,3940319.158929776,4320000.0,140.62571055771065,148.19749789419478
1722,594289164.0759962,141638698.05100307,3940974.5168951033,4320000.0,142.607917396962,150.24675252351193
1723,602005923.3172656,141919490.1152126,3933803.0449768105,4320000.0,144.7211837498243,152.4831722434882
1724,589261089.4439759,142963058.8583475,3953739.8401387855,4320000.0,140.98517147767345,148.5541342226733
1725,576375029.1167467,136158265.33192122,3935230.012193082,4320000.0,138.64622573040634,146.09821992163353
1726,581866431.7530763,139988191.91093987,3935380.401612615,4320000.0,139.9185314873271,147.3860080646128
1727,607880505.2058598,142759267.1480237,3937669.628815764,4320000.0,146.24198890108485,154.10843131448894
1728,575140684.6419898,136259682.01908723,3903504.9739040206,4320000.0,139.33546959300764,146.84019816324505
1729,604207597.0096945,140845930.19179928,3919142.313240537,4320000.0,145.91406485924895,153.63188451923602
1730,598004994.4748685,141371622.26048794,3929581.9666584395,4320000.0,143.79605455977975,151.57432065687115
1731,603832301.4143217,143405377.90690055,3931702.631933176,4320000.0,145.4816096408231,153.28237874804393
1732,588280015.036107,135597526.0149932,3938565.6347108213,4320000.0,141.1980970639142,148.92345145066082
1733,608219378.5264004,140790925.54797634,3935603.2190976404,4320000.0,146.18187672713364,154.0810959650861
1734,587255180.8928851,137607454.78106382,3938327.5411828635,4320000.0,141.06370243970434,148.65251337419076
1735,582394365.1559542,139991809.26747394,3911367.2371958625,4320000.0,140.71536177419458,148.25760856095778
1736,576531002.1802298,136485060.0447073,3944338.4422292826,4320000.0,138.33939132085837,145.73971668479905
1737,570145869.7132279,135189040.55781102,3917517.061991261,4320000.0,137.99681135031227,145.47607662452208
1738,591685766.7286441,140192119.40738624,3954374.2113939286,4320000.0,141.52521462448212,149.0580059163223
1739,568048199.7899839,137003392.15256253,3938301.824999259,4320000.0,136.39699044381686,143.67064709146416
1740,574038993.6688287,135383767.9675926,3926413.7945472663,4320000.0,138.3867327239518,145.67656043580692
1741,641254455.3496755,154135573.09103966,3929910.280054516,4320000.0,154.60033728912376,162.93445956573748
1742,576626485.7388439,136491644.0786241,3931853.6740898057,4320000.0,138.6799165032444,146.05119640483775
1743,617625557.0169898,143916894.27406317,3926080.5632031565,4320000.0,149.2428898897924,157.17702802795094
1744,562236275.2495947,132340790.4761347,3913000.08955486,4320000.0,135.70426268486872,143.00794565316266
1745,621341087.9542824,149556502.51612416,3925087.175944683,4320000.0,149.83468597558553,157.85234647761916
1746,597898717.0813638,141536359.3128622,3929490.221083268,4320000.0,143.81728347314558,151.4510158946835
1747,569443370.6946404,131584729.83755894,3923346.5030123815,4320000.0,137.3183792777903,144.56322739392772
1748,567003841.9016856,132565484.82337804,3930065.087379466,4320000.0,136.4120273891563,143.73091716651783
1749,582466160.7457793,133472164.91335382,3930125.355148562,4320000.0,140.24744124293784,147.63696743529266
1750,594092591.3718121,141220939.08416742,3940045.9218647485,4320000.0,142.4754091779108,150.18372894979348
1751,585882202.8443298,136980847.59602234,3929552.836357334,4320000.0,140.93284872944008,148.53930454120191
1752,592597811.0852673,140486052.94129443,3931021.228665158,4320000.0,142.84407621269807,150.38836513929513
1753,582238199.0872997,139252707.70511904,3917725.634459863,4320000.0,140.53557374814605,148.0536309512907
1754,592432177.6762346,140344934.01240942,3928381.542067972,4320000.0,142.74686035510138,150.35989667721967
1755,586750293.1448617,137672402.0931167,3934460.195211387,4320000.0,140.90482250000818,148.45859574049854
1756,579702300.6558248,136346738.61592096,3933812.5150482673,4320000.0,139.32786673715378,146.71479344597296
1757,580745972.697552,138449892.46311486,3927225.1512843957,4320000.0,139.9877356541759,147.38838006594543
1758,586545032.9819508,138276228.2391372,3927485.089126751,4320000.0,141.07655572525064,148.57623718758262
1759,593282920.4040614,140721561.26622954,3922840.6939610625,4320000.0,143.22743017408067,150.8744114491165
1760,565611484.4998413,132752992.59557782,3930696.8278647433,4320000.0,136.27569603059754,143.55096111245382
1761,595676470.0760177,138644663.35505202,3928122.010074393,4320000.0,143.59328095315018,151.18236202409082
1762,584590811.0174735,137211732.1503452,3951380.4528034907,4320000.0,139.821878112598,147.2910424474716
1763,600450434.2182833,143347348.8607719,3929858.520132989,4320000.0,144.7369292009165,152.4093048891639
1764,579908314.0306448,134067316.20812407,3900548.2677928545,4320000.0,140.68148007613098,148.30283887788622
1765,574986959.2968023,134961761.0199055,3928892.3112593577,4320000.0,138.5550737908787,145.988926650989
1766,598513606.9845736,141718138.92527142,3905159.3247720907,4320000.0,144.9043772262734,152.84515030382644
1767,601850280.2810156,141755670.7509569,3919242.233685547,4320000.0,145.19774675434928,152.96054613817665
1768,605800278.1153374,147396501.77839178,3944660.8792550704,4320000.0,145.21599897964091,152.94272025887832
1769,574349504.735774,138264074.55754146,3926942.3145163893,4320000.0,138.42134280743593,145.74796323804597
1770,570014359.9133351,136146958.86850348,3935092.604905327,4320000.0,137.18910681613048,144.48012589152043
1771,607008121.3938342,144831396.78545874,3944890.8052866743,4320000.0,145.92046565759443,153.77341596585637
1772,581618874.8685163,137275465.71168515,3933384.7918818523,4320000.0,140.15512461338508,147.60068133995955
1773,569280101.6489608,132858534.47854866,3954833.587536091,4320000.0,136.08107169953055,143.3274079343852
1774,600910490.8487138,140761793.8367886,3932330.341326798,4320000.0,144.6682406479077,152.4045378535893
1775,581553305.1479694,137607756.9555945,3915787.600241658,4320000.0,140.6121979344184,148.05331645857987
1776,579577732.1354449,134061873.96170543,3940227.6253239303,4320000.0,139.29442313305466,146.7332466690875
1777,605861416.8614372,141492507.0544988,3931215.2651007157,4320000.0,146.01100585173154,153.83539868292013
1778,571533736.3298924,136152858.61846745,3922543.137921516,4320000.0,138.070999179313,145.52058417880502
1779,576424912.7654229,136786840.5176234,3925714.900377788,4320000.0,138.70772952206056,146.20683522272253
1780,600970226.6724985,137432464.9599693,3918611.686083514,4320000.0,145.08935551407572,152.95074540923778
1781,558554723.6686738,127884078.4607915,3919293.4583702665,4320000.0,134.93854651646552,142.15663449827403
1782,580204920.4743761,135533921.0601425,3931973.2352649695,4320000.0,139.46476924215582,146.89506308781802
1783,584677035.4203951,137975867.66192523,3941700.5142731154,4320000.0,140.12232804232048,147.50115898345913
1784,599409867.6821835,144729348.9003639,3939179.0575284436,4320000.0,144.11565114889754,151.95428009867095
1785,622806268.9281104,149731949.21353507,3935352.963791537,4320000.0,149.52835946481554,157.58278895418127
1786,588756096.7272692,136500163.21880007,3942240.0644304003,4320000.0,141.44417187870675,148.96580648266644
1787,611004646.0573555,145097508.0262341,3922757.3920377474,4320000.0,147.12928527248417,155.09131212442054
1788,606938195.4797742,142629810.8917296,3932589.173299163,4320000.0,146.1222761520325,153.8883273853216
1789,595480872.0228779,137948042.69903463,3919827.7898211596,4320000.0,143.72566491645753,151.4983717198893
1790,603427294.4344977,146032010.3332912,3927314.341897863,4320000.0,145.1411160949754,152.9140776257342
1791,567655972.6210777,131916208.70762378,3927674.8351125247,4320000.0,136.75193280980244,144.11855680998048
1792,607873368.3330222,143074963.9160611,3947444.9967413647,4320000.0,145.67733873393658,153.41018604702782
1793,602094693.1922876,145260516.7170952,3946846.4468267267,4320000.0,144.31752995690812,152.10175579424984
1794,596259611.7691249,141125548.59254158,3935920.005102655,4320000.0,143.181578971054,150.84209109152872
1795,599466251.7467129,140450014.09987476,3921282.774715974,4320000.0,144.77908332101975,152.51597219549504
1796,578322427.001258,132903312.94706874,3927857.8851795066,4320000.0,139.28633857951294,146.78376216769385
1797,603698374.036379,143174532.3281245,3914383.1955595845,4320000.0,145.95782542088105,153.7623237448677
1798,579510610.7911024,139768313.09292784,3947390.7609614655,4320000.0,138.93999692960816,146.4982213109215
1799,565683892.1200604,133119599.26736271,3930148.7124573784,4320000.0,135.95856547223852,143.1785883319149
1800,607080454.82624,139819793.3162173,3936917.3509558695,4320000.0,145.8690576971351,153.57206192148115
1801,585490007.1894484,138100144.0746253,3932477.5827057585,4320000.0,141.32442139072697,148.81014210728785
1802,607991205.9075127,142047128.4721865,3914523.04700491,4320000.0,146.91460355431494,154.70667340658136
1803,587802796.0308751,139462605.20055842,3928054.1983078453,4320000.0,141.72832409845478,149.21334244712574
1804,599936486.7513697,141342832.77790168,3920609.9908620217,4320000.0,144.77496847219902,152.59164485596798
1805,564988193.1209612,130383778.09101549,3897443.584346229,4320000.0,137.27643593895033,144.6466121627335
1806,572376544.4353656,132906957.96158503,3909763.7944505555,4320000.0,138.4488580328425,145.8334464485771
1807,561224528.9137537,133671764.35772116,3929003.0421612314,4320000.0,135.41348997371315,142.58635384610506
1808,604506244.905061,137713153.7597475,3924392.1700267293,4320000.0,145.48539009638606,153.23431471027962
1809,574422517.7390128,134949698.3262569,3922105.9438520963,4320000.0,138.55715767577666,145.96134994026687
1810,569526371.478229,135041870.60096502,3925772.585031758,4320000.0,137.5510335976128,144.94181327204487
1811,611660862.1722354,142700949.61758226,3960249.4844574365,4320000.0,146.21548498327132,153.85629567283374
1812,583582801.3486345,137220053.0671862,3908538.1396300737,4320000.0,141.38233478464298,148.95948778190527
1813,561305148.9180987,136103453.83764267,3924645.041815305,4320000.0,135.4273755876184,142.7181578753625
1814,630076907.6757782,146704667.08522785,3946770.550312391,4320000.0,151.04244181938415,159.03960819641193
1815,569162790.8891304,134509608.77708745,3932615.0248242468,4320000.0,137.05833424945186,144.43218860715567
1816,603217015.8337052,144062003.8641711,3942476.0440940685,4320000.0,144.85776982436818,152.45961709136296
1817,609280872.9289235,145399506.01500908,3934206.870952833,4320000.0,146.60305934238554,154.31250707797867
1818,582420210.585046,138266654.32465923,3916753.179401119,4320000.0,140.61829460786632,148.1231514329415
1819,580870182.0318928,137936334.84178618,3920091.2363691395,4320000.0,139.98284475031883,147.49283443332877
1820,562212885.0866191,129335691.63272911,3930809.7714933977,4320000.0,135.21333328243776,142.5028053292576
1821,547840909.9306204,129574358.1167097,3928468.295486778,4320000.0,132.23331433111693,139.28290241308565
1822,612199515.4588984,144807510.1588054,3941749.7211192683,4320000.0,147.03325295995992,155.0440840192688
1823,601907891.2176746,139646104.4708199,3920652.1594278677,4320000.0,145.1814512903485,152.98628526386264
1824,562225868.0187738,135502970.98945254,3936284.0983778597,4320000.0,135.2188419117724,142.4690179927252
1825,567999667.2795066,134132079.78161228,3932691.6830672505,4320000.0,136.65878514734038,143.9556237952417
1826,572379749.7511792,138043961.46581012,3924899.3466462377,4320000.0,137.9481901757772,145.28996527136505
1827,599179626.4032364,140454532.2527618,3934993.4905456165,4320000.0,144.1553873908883,151.86784989715483
1828,590433801.7193907,142125954.8113413,3940426.0962697663,4320000.0,141.6599791790795,149.22473185777383
1829,616311212.1746328,145900114.07208726,3937940.6269835103,4320000.0,147.91833966522466,155.95666895267226
1830,591507157.5465535,136546719.44080204,3933361.5693640076,4320000.0,142.0881881531824,149.56734541247343
1831,580215324.7066852,135405523.4618649,3932849.91021557,4320000.0,139.72064325421888,147.20008745217055
1832,599250563.6709713,145572973.57566774,3936335.26025848,4320000.0,143.87413627804648,151.54593600505905
1833,579055427.896303,138633511.41922623,3927465.764103796,4320000.0,139.57064402862702,147.2159607387622
1834,611606067.2726787,145261756.84238806,3931600.050884992,4320000.0,147.06078855273802,154.99127451111406
1835,570465720.4972436,136687273.1995683,3910854.7824925063,4320000.0,137.7760254542914,145.03830165125964
1836,581613136.2594293,139466369.52904674,3930153.096826297,4320000.0,139.8985253933726,147.39764369148955
1837,569622691.7639593,131871669.94206184,3942863.291648539,4320000.0,136.7446767893603,144.11492354762453
1838,584637942.2581478,141716725.9735406,3945742.3903974434,4320000.0,140.1194529451568,147.53240679869336
1839,583418742.4368694,140663335.18640444,3931019.501837962,4320000.0,140.7294610288603,148.21394640500685
1840,574586438.6276603,137456416.20947367,3925178.349118869,4320000.0,138.40887078032225,145.70528297432736
1841,604328546.7067974,140744558.03188637,3940629.5724841054,4320000.0,145.0413533707294,152.86255586054324
1842,566531870.994566,133538080.28016578,3941528.738358247,4320000.0,135.8407051419335,143.00445722059965
1843,597874325.0652133,140831596.75326157,3937767.698096367,4320000.0,143.66827458145696,151.46483052801736
1844,567868037.6483964,132813332.1100401,3929180.1537710153,4320000.0,136.83844191719567,144.21783641020062
1845,592803620.9873806,139214576.3841262,3920333.838791459,4320000.0,143.10853791661458,150.7483849873941
1846,586223639.451014,136456997.30895123,3928759.3971126727,4320000.0,141.37733896812068,148.88474650865507
1847,609047648.1100358,142728487.3079415,3952351.4737586156,4320000.0,145.724185566649,153.4019750073862
1848,598422862.7827847,142730739.62673756,3933116.2665463323,4320000.0,144.44018284463394,152.07949266616146
1849,592903008.6860424,138391679.28345707,3940210.3303706073,4320000.0,142.46429753680383,150.27542184678776
1850,603489702.71611,142912943.9675941,3938184.11772501,4320000.0,144.83021703580226,152.59915529823544
1851,590699601.2514234,139608833.48529485,3938306.8217866966,4320000.0,141.94222003538704,149.52419115723322
1852,582349937.7091882,138792051.9819548,3908282.5690974896,4320000.0,141.1220884253443,148.6107918250009
1853,605448508.0742553,141907950.54753223,3920638.5548702255,4320000.0,145.99168904130994,153.8923473143806
1854,624320526.6000135,146852949.472673,3923439.075550765,4320000.0,150.84008932944548,158.9152811692828
1855,591084772.5181978,138588398.4268621,3945609.0351304337,4320000.0,141.78222923248046,149.4403834435478
1856,573560017.0672269,139801780.32670724,3919487.0854585427,4320000.0,138.64267325423512,146.05222844038727
1857,575713468.8385502,135312281.44780764,3930344.2744284794,4320000.0,138.60207656000975,146.0252919472829
1858,613137863.3137387,144134868.03029218,3929721.6421815464,4320000.0,147.31297538589934,155.25877409403202
1859,583544163.4258316,134343925.1830317,3942705.0175153203,4320000.0,140.11327575454152,147.62883643834897
1860,579553433.4145577,137657844.89314473,3909819.9404247664,4320000.0,139.98927369552968,147.42555886682476
1861,601229404.0095502,144068300.52526727,3941711.816655025,4320000.0,144.25125326446107,151.9067076414812
1862,563505880.8260577,133789944.42088918,3911643.603247577,4320000.0,136.04100095077376,143.20782002687767
1863,616844304.8416272,143595414.504386,3934274.6360317,4320000.0,148.4405429139426,156.61881376177678
1864,583123834.680359,138602346.01840967,3930807.4563721153,4320000.0,140.47834258289066,147.9782876919753
1865,569454575.4207624,130464794.4992389,3932783.4980969783,4320000.0,137.285297284428,144.51939361414918
1866,580702371.4265673,135574808.37618968,3930551.6161205377,4320000.0,139.95437466250192,147.497546010583
1867,573962566.0317966,135187854.02642384,3928657.5970016643,4320000.0,138.41194890750407,145.8201536518805
1868,591920766.9772916,136007424.72709492,3927273.066992714,4320000.0,142.43275030356617,150.02840422578757
1869,566800333.2089146,131694608.71746698,3905209.7586526326,4320000.0,137.4048771189984,144.76054669693912
1870,576724899.0474405,134952685.08146876,3931097.350004999,4320000.0,138.78856921164908,146.11003844616428
1871,561951411.5795051,130187558.63365658,3929573.5164538454,4320000.0,135.33573108409448,142.5258667339746
1872,576226065.6815752,137386536.03141358,3943723.127283893,4320000.0,138.29949661537628,145.635572779942
1873,573851432.9997598,132053541.7148873,3934760.340184544,4320000.0,138.03121365045382,145.4228427975672
1874,611986188.870657,144951562.47504997,3952756.22479425,4320000.0,146.5660345434717,154.4117877369047
1875,584991670.2535536,141654785.95311275,3924254.721142135,4320000.0,141.15365452806256,148.79320489752078
1876,581923839.860625,137095278.2127548,3931427.841401657,4320000.0,140.09150885618283,147.59101450516087
1877,583690816.3532295,140192286.53945005,3924012.689224314,4320000.0,140.6846306234324,148.292129737305
1878,563979936.1813412,134646791.18082824,3935966.2808992025,4320000.0,135.832144558013,143.14114178856
1879,589484909.9527478,141288722.07561997,3938168.3623513747,4320000.0,141.570108855279,149.09310151894667
1880,619011001.4112372,144008609.58120182,3931018.675224206,4320000.0,148.91513162646453,156.8373699835506
1881,561201932.1349562,130820198.42748393,3944376.0489878715,4320000.0,134.61707286823298,141.90008955576448
1882,583422165.9117185,136963906.3819975,3920036.0119894277,4320000.0,140.79471973895892,148.301988521651
1883,602950908.6488684,144607294.98485264,3935058.161599078,4320000.0,144.91921434816288,152.7498094206589
1884,559109685.8448591,131895791.49440661,3955514.573554072,4320000.0,133.9154708740972,141.00816594505764
1885,590569147.5884289,139920942.45961577,3913232.2935117595,4320000.0,142.85084120840722,150.46667071770287
1886,567554167.3520925,133260467.31760019,3942798.808204106,4320000.0,136.1828657369487,143.43329091714762
1887,600907806.4576421,140058846.42942366,3934046.802552288,4320000.0,144.63574072685884,152.24255701133308
1888,582330457.0531089,137794864.81409794,3944704.0762807922,4320000.0,139.7076751776747,147.07629290254528
1889,602877827.5578218,144556555.9982428,3943203.3061053534,4320000.0,144.63332428694113,152.2745053337493
1890,555718416.2496871,132938078.10693783,3926818.6915656733,4320000.0,134.06720273241098,141.22253913592016
1891,606487030.8684801,143865628.0585827,3931505.634917728,4320000.0,146.08553663136115,153.95447979938803
1892,595622242.9810451,139294405.82312822,3936864.752475909,4320000.0,143.22986292735834,150.82855517934016
1893,589000062.498273,142888599.46757096,3925720.9453497347,4320000.0,142.2135342652104,149.76640123775988
1894,579761102.5640935,136918384.39050165,3897804.2618333106,4320000.0,140.68193802867637,148.17057293324936
1895,582488993.16345,138289289.26289305,3939605.7030143477,4320000.0,139.9290586680448,147.4064991305043
1896,608579835.5036757,144716176.77503398,3913675.0019474477,4320000.0,147.15418851531982,154.97939327108568
1897,585742803.9981506,139774044.7194053,3945373.1064262674,4320000.0,140.59443801139042,148.01779380927715
1898,632555918.953388,147436339.14871824,3908790.4934553313,4320000.0,153.1249268754454,161.34815883080907
1899,605877336.042782,143466352.79663134,3931800.1460264805,4320000.0,145.65120873813342,153.37804723643475
1900,602732133.8099229,141573093.1236329,3924165.735364838,4320000.0,145.30166330870227,153.16959748521515
1901,595183747.4769683,140238360.65811577,3937697.710017371,4320000.0,143.0367714263215,150.68934442811363
1902,585404914.6523218,139085871.19990492,3932864.5899926135,4320000.0,141.12735063227822,148.66866555368446
1903,574686944.0767845,133160888.51671763,3933451.186235412,4320000.0,138.3181968030863,145.6817043325836
1904,599433416.4918997,144497803.32581425,3943945.431764635,4320000.0,143.9818045690592,151.6966773490886
1905,579578783.2427682,136766411.7653693,3939600.002477966,4320000.0,139.0201144777758,146.50428743399024
1906,591699603.50521,139668537.7721739,3932205.2278468157,4320000.0,142.3020175746896,149.9184320726665
1907,610658530.5627532,143486294.67876783,3933524.4289432783,4320000.0,146.80505170075833,154.6234685926046
1908,605488288.5051225,140336436.47091374,3934737.917136899,4320000.0,145.67553330982773,153.52506155173256
1909,574905693.1872332,135171138.8905457,3927722.712249274,4320000.0,138.34072585482377,145.8111303575598
1910,584371422.0892944,139120827.06399265,3923899.664726562,4320000.0,140.90439153611518,148.37376439665803
1911,571051014.5054632,134744539.8476306,3937911.1591298846,4320000.0,137.17915040168276,144.54638598164303
1912,580728495.7095948,139777371.2718602,3925004.02439318,4320000.0,140.11671482798357,147.67514549255853
1913,560912635.8304338,132968070.92195094,3926282.1782897995,4320000.0,135.2611054137369,142.55066109892834
1914,590166966.1036325,139620055.6005515,3914205.776056408,4320000.0,142.77971363181663,150.3338144383839
1915,593859041.9187071,141042190.80990022,3936945.812305097,4320000.0,142.89186532458842,150.54288838110378
1916,606180484.4936743,144234491.51952228,3937765.9312045416,4320000.0,145.5727329654066,153.28625175372886
1917,589392739.9037199,141279481.3488834,3914862.635192479,4320000.0,142.2718118071761,149.76577559320796
1918,551838628.8106202,130651738.21923193,3932918.437119493,4320000.0,132.83482863268026,139.8415331371439
1919,611323581.7611219,142610316.52997735,3928140.1567748603,4320000.0,147.09389089060977,154.9239898443619
1920,597541709.0431471,140946718.07669964,3935597.261785631,4320000.0,143.75689824943368,151.3993125002792
1921,555367251.4671084,130115290.32359177,3922067.7301005023,4320000.0,134.00623410439601,141.17775051516725
1922,584464647.5747586,140132234.17753467,3949912.883632506,4320000.0,139.8597513647116,147.2831013313835
1923,581888622.8323615,139270621.15644148,3930551.946742265,4320000.0,139.97820487509435,147.48426095031593
1924,603443642.1890147,142112725.6578348,3933154.900044286,4320000.0,144.94086494851067,152.7301320653225
1925,584805360.8027796,136737526.41025,3915939.4583554105,4320000.0,141.43220157858642,149.02932264897106
1926,598083848.4205679,139245343.97604737,3918006.2129461095,4320000.0,144.50207262081278,152.2348050710433
1927,576521741.115619,136136000.1744808,3927982.7151769795,4320000.0,138.85548062985475,146.31769025852591
1928,597552836.9020386,144521999.88213614,3936749.204057759,4320000.0,143.67228021251145,151.43935630233153
1929,575264636.2941104,134653906.78583336,3914449.9562851926,4320000.0,138.97651188423134,146.4132708980099
1930,607093988.9942175,145662464.92985305,3951995.638606418,4320000.0,145.3058034684679,153.0335644356745
1931,569231887.2256622,136659416.79531774,3923614.6580633195,4320000.0,137.04575048728836,144.4156613695764
1932,595664416.6334858,140558602.37553352,3930385.3626902513,4320000.0,143.37103285788024,151.04190494813867
1933,576800311.5792996,136340674.98010132,3936325.6468805694,4320000.0,138.50651644214545,146.06697412387334
1934,580408260.323221,137209874.07843608,3938674.4720962225,4320000.0,139.41756725019513,146.89550494043982
1935,558595804.8397099,133957332.98234023,3914439.0359283127,4320000.0,135.10931530631126,142.2566992964854
1936,577291565.7439127,134653309.2013085,3936036.87212421,4320000.0,138.88796043181281,146.34751185472985
1937,627346019.1695677,146473995.123889,3922549.6256463258,4320000.0,151.48461361439414,159.55292485007843
1938,614920521.4940369,146340862.3717447,3938720.505181491,4320000.0,148.07467553515556,155.92268582910984
1939,570436697.2535753,135948508.17655942,3922597.82387925,4320000.0,137.64490865725813,144.9424882923038
1940,619230823.1573888,147123915.4495142,3926331.7471208572,4320000.0,149.269619501084,157.32612266303124
1941,593140414.1519874,141848885.3509706,3939939.393077318,4320000.0,142.70700636236737,150.39965719798673
1942,577629604.3945695,142160359.00558692,3927614.0135899303,4320000.0,138.99887843254865,146.50262884022598
1943,570653675.0060401,134920034.788681,3916205.936825125,4320000.0,137.90411763802183,145.22840793652142
1944,589789436.912699,141158504.3829547,3946247.7370981774,4320000.0,141.33602739286417,148.78993466269475
1945,594767245.4980536,139931318.05950248,3924847.5040465877,4320000.0,143.28428288450218,151.0021619732658
1946,570083501.8043156,133658924.3537339,3956218.124887224,4320000.0,136.4437896761926,143.78008822326237
1947,572102839.1128666,137518370.65539175,3949125.6253414727,4320000.0,137.0370517566063,144.3902288687908
1948,592749461.3388255,139645840.8883118,3934877.0952829155,4320000.0,142.46790148673864,150.04662157699437
1949,577690951.2049476,133658571.24129339,3938324.6065334477,4320000.0,138.78769285537848,146.18027642637318
1950,590985520.6211622,138529109.66702893,3937108.9654060137,4320000.0,142.1363656506348,149.81906854870243
1951,574159389.7341645,136441983.02210775,3915474.994700233,4320000.0,138.5641368488966,145.9593321552649
1952,594248972.2291278,138501520.35681027,3911592.4459629995,4320000.0,143.73106752060846,151.5108659188071
1953,570427993.5401522,137689464.6968376,3914881.3848034907,4320000.0,137.86592453823826,145.2837232407183
1954,594520259.8042368,141872873.1484193,3930366.601840593,4320000.0,143.16663800201715,150.86393717766143
1955,585734562.7510856,137882644.66578054,3935706.848402975,4320000.0,140.83658018759746,148.26873948705412
1956,588261274.1591874,140457382.26414892,3952857.163986406,4320000.0,140.73357740372407,148.29433042105592
1957,610177434.4161998,144138492.2039823,3926099.5836189007,4320000.0,146.98381459198447,154.82868450128018
1958,575113025.2305851,133289591.22445953,3924259.6535239364,4320000.0,138.6738579559049,146.06447116411482
1959,614684941.9299301,144714489.44570842,3953807.585929714,4320000.0,147.15323147607754,155.09633238438872
1960,596398924.6194925,142624835.77523112,3923785.372706425,4320000.0,143.8504608955947,151.51280648397443
1961,590947862.2089969,141456856.16882935,3932931.4087550645,4320000.0,142.07454068374994,149.60407364543366
1962,592616813.0513322,141011725.27390656,3934822.7358465944,4320000.0,142.55472595893607,150.19775245194685
1963,583038990.8033826,140843086.03671628,3942453.526272739,4320000.0,140.01345081762108,147.56106073047133
1964,626908682.6107899,149690170.19626185,3941856.863845501,4320000.0,150.54902954504365,158.69672245084587
1965,563942623.5387836,130953776.26511298,3920172.873935738,4320000.0,136.10727540041057,143.42683806669027
1966,598894924.2298642,140982945.85066196,3947347.8506672075,4320000.0,143.5259998469186,151.0786741900868
1967,577824274.1710324,140670393.9587119,3909046.882719165,4320000.0,140.00404263720074,147.5155609018228
1968,601600154.2294852,142580890.11846074,3954920.35273077,4320000.0,144.0669966718098,151.69470497759582
1969,607578608.465212,142055342.69929576,3934779.914566979,4320000.0,146.2659768885322,154.10079490355218
1970,594446807.8767915,139680913.07210165,3933546.9469575444,4320000.0,142.98901563007172,150.6533148618552
1971,622949180.5375603,148662274.69690213,3935484.606344803,4320000.0,149.62022481697866,157.66562830538598
1972,583621632.5544156,138711249.2734913,3954210.833776131,4320000.0,139.53144087515236,147.04382349880095
1973,597227887.0749699,141834635.88133743,3915694.397895466,4320000.0,144.32737401950166,152.00345958474813
1974,610848927.2331343,141261776.73509544,3913723.7832613937,4320000.0,147.74531992539562,155.69861888056974
1975,558222114.0166711,133400917.52874784,3936272.066924842,4320000.0,134.2615991057483,141.37017472477115
1976,591743798.8815151,138077676.3316446,3934602.7964666793,4320000.0,142.2642380088324,149.91629461798428
1977,599848497.344988,138616008.48713323,3920966.1618609014,4320000.0,144.9324490490908,152.5411512150478
1978,569511707.0490855,131277037.31765287,3950559.4324480896,4320000.0,136.39809411922948,143.76756416195482
1979,575319631.401585,133833162.57638045,3932638.2910409775,4320000.0,138.61450365547978,146.12927317723125
1980,578567498.6860082,137972295.76894036,3935106.6544696502,4320000.0,139.0831449952842,146.50974406056912
1981,589888673.7847301,140256578.39783072,3932137.009633766,4320000.0,141.87742850136047,149.50419826079997
1982,566499881.8735139,135729503.67319006,3916313.912079624,4320000.0,136.97928263449188,144.2507018979892
1983,584419000.348203,140699001.6225623,3920406.661837917,4320000.0,141.1993747827618,148.7314164855994
1984,580252628.4410508,135848621.37582538,3938113.0999177545,4320000.0,139.46818141674126,146.97517038156968
1985,597556552.6438138,137265991.08786032,3917668.120118198,4320000.0,144.62830941054602,152.25239999958333
1986,606228595.3845581,142988795.5258805,3932732.6881395336,4320000.0,145.5031096566874,153.1890526149168
1987,589859040.1681654,139706184.618203,3916267.7024140367,4320000.0,142.61265671780433,150.13484232957794
1988,585675399.2249573,141007880.99490717,3951750.9126034644,4320000.0,140.26528647743459,147.78305193244083
1989,587646185.1749511,138902612.0961443,3931087.567020028,4320000.0,141.52390258563798,149.17114074226896
1990,592015303.91493,139054233.81837115,3924880.4750773115,4320000.0,142.46036401173802,150.03932484676315
1991,623102125.5521574,146975318.45880768,3921064.438237604,4320000.0,150.22685097200363,158.19816498227436
1992,604169773.5323601,138985974.3916226,3932494.524462517,4320000.0,145.27773189919105,152.92636073362652
1993,589948584.2785736,136323093.58150423,3930713.704858844,4320000.0,142.1501298229097,149.75508879138476
1994,599418692.0279409,142714684.64148462,3914283.4801028823,4320000.0,144.7289845063956,152.48948904101954
1995,592577423.2233751,138936203.88418078,3902021.5484733,4320000.0,143.48332800247877,151.11638549894764
1996,594153479.9879556,138754989.25386542,3917513.777417684,4320000.0,143.45958132612486,151.1482210416976
1997,571586799.6889933,136081711.44062677,3911938.0603564656,4320000.0,138.23654151659304,145.7016750793089
1998,593876436.668263,138401347.21349764,3923959.050517683,4320000.0,143.21634483691406,150.9588883338561
1999,589221812.4938587,139203392.1011831,3942035.7741990057,4320000.0,141.23392983874203,148.83938929352593
2000,572966057.159167,136320296.75604177,3923274.0215363614,4320000.0,138.01902907168275,145.45102215018935
