phase,weighted_mean_eur_per_kw,projects_used
Planning,29.03921568627451,204
Permitting,29.986486486486488,148
Total_to_Permit,70.06849315068493,146
