phase,mean_eur_per_kw
Vorpruefung,11.042790977923932
Planung,29.03921568627451
Genehmigung,29.986486486486488
Total_bis_Genehmigung,70.06849315068493
