Start date;End date;Biomass [MWh] Calculated resolutions;Hydropower [MWh] Calculated resolutions;Wind offshore [MWh] Calculated resolutions;Wind onshore [MWh] Calculated resolutions;Photovoltaics [MWh] Calculated resolutions;Other renewable [MWh] Calculated resolutions;Lignite [MWh] Calculated resolutions;Hard coal [MWh] Calculated resolutions;Fossil gas [MWh] Calculated resolutions;Hydro pumped storage [MWh] Calculated resolutions;Other conventional [MWh] Calculated resolutions
Jul 1, 2022;Jul 2, 2022;21,960.00;1,144.25;4,928.75;89,072.50;32,353.50;0.00;157,589.00;11,625.00;10,759.25;9,244.50;10,976.50
Jul 2, 2022;Jul 3, 2022;21,408.25;1,127.00;8,846.50;34,499.00;91,924.25;0.00;139,649.00;5,217.75;7,563.00;9,852.25;10,579.50
Jul 3, 2022;Jul 4, 2022;21,827.50;1,120.00;12,031.50;72,499.50;88,185.50;0.00;145,635.75;99.25;7,380.25;6,270.50;10,660.00
Jul 4, 2022;Jul 5, 2022;21,591.75;1,137.25;8,560.75;44,531.75;86,841.75;0.00;152,220.25;228.50;9,953.25;14,384.75;10,839.00
Jul 5, 2022;Jul 6, 2022;21,579.25;1,151.75;12,893.50;39,219.75;82,253.25;0.00;150,615.00;14,997.75;10,430.25;14,851.75;10,670.00
Jul 6, 2022;Jul 7, 2022;21,682.00;1,176.25;13,981.00;64,309.75;64,912.50;0.00;151,946.75;16,934.25;10,760.50;12,126.75;10,761.50
Jul 7, 2022;Jul 8, 2022;21,246.75;1,170.75;12,287.50;117,442.00;34,548.25;1.00;152,689.25;14,354.50;11,525.00;6,479.50;10,720.25
Jul 8, 2022;Jul 9, 2022;21,813.25;1,175.25;11,978.50;122,962.25;52,613.25;0.00;146,603.75;17,183.25;11,574.50;15,609.25;12,564.75
Jul 9, 2022;Jul 10, 2022;21,296.75;1,139.25;21,020.25;106,868.25;53,820.25;0.00;130,846.25;8,875.00;8,878.50;5,770.25;17,028.75
Jul 10, 2022;Jul 11, 2022;21,752.75;1,120.50;16,642.75;135,797.00;58,713.75;0.00;110,202.00;6,611.00;8,132.50;7,178.00;17,087.50
Jul 11, 2022;Jul 12, 2022;21,976.00;1,167.00;7,574.75;53,267.25;80,672.00;0.00;151,502.75;18,693.25;14,932.50;14,013.25;17,072.25
Jul 12, 2022;Jul 13, 2022;21,442.25;1,114.75;8,804.00;46,803.00;92,641.75;0.00;149,157.00;16,515.75;14,847.50;9,873.75;16,307.25
Jul 13, 2022;Jul 14, 2022;21,199.25;1,093.00;15,435.75;84,845.75;61,530.75;0.00;152,070.75;14,463.25;14,794.50;10,153.75;15,761.25
Jul 14, 2022;Jul 15, 2022;21,593.00;1,143.25;19,313.00;77,537.00;70,290.25;0.00;147,534.75;19,105.75;13,013.00;8,606.25;14,970.00
Jul 15, 2022;Jul 16, 2022;21,723.75;1,186.50;21,196.00;104,728.25;62,359.50;0.00;129,885.25;13,726.75;11,955.25;8,622.00;15,480.25
Jul 16, 2022;Jul 17, 2022;21,894.75;1,169.50;13,811.75;143,019.50;67,254.50;0.00;100,906.75;6,351.00;9,647.25;6,690.75;16,830.00
Jul 17, 2022;Jul 18, 2022;22,037.75;1,154.50;11,291.25;38,454.25;88,409.00;0.00;125,741.00;6,401.25;9,693.50;10,954.00;16,862.00
Jul 18, 2022;Jul 19, 2022;22,087.50;1,155.00;6,309.25;7,516.00;77,175.50;0.00;151,639.00;15,453.75;12,302.75;10,673.75;10,953.75
Jul 19, 2022;Jul 20, 2022;21,962.25;1,123.25;1,857.50;25,836.50;90,241.00;0.00;161,156.50;17,072.50;11,339.75;9,902.75;13,845.25
Jul 20, 2022;Jul 21, 2022;20,395.25;1,089.75;7,116.25;73,973.25;86,180.00;15.50;158,332.50;16,501.00;11,277.00;10,278.00;16,117.75
Jul 21, 2022;Jul 22, 2022;20,915.75;1,089.25;12,445.50;89,014.50;58,961.00;55.00;164,354.75;13,447.50;10,382.00;11,670.00;16,631.25
Jul 22, 2022;Jul 23, 2022;21,328.00;1,104.75;9,840.25;37,260.00;62,006.50;0.00;164,706.50;16,874.50;9,397.50;12,604.25;14,445.00
Jul 23, 2022;Jul 24, 2022;20,992.00;1,116.75;14,317.00;42,024.75;61,001.75;0.00;156,440.50;16,779.00;7,689.75;8,197.50;14,606.75
Jul 24, 2022;Jul 25, 2022;20,745.00;1,118.75;6,127.50;15,990.75;92,078.75;0.00;139,274.25;11,681.25;6,267.50;8,892.00;16,497.00
Jul 25, 2022;Jul 26, 2022;20,452.25;1,097.50;14,305.25;113,031.00;75,554.25;0.00;146,714.00;16,026.00;8,458.50;7,475.50;15,756.50
Jul 26, 2022;Jul 27, 2022;20,041.25;1,078.75;17,161.50;91,414.75;58,735.25;0.00;142,350.50;17,102.25;10,066.25;13,607.25;16,314.75
Jul 27, 2022;Jul 28, 2022;20,992.00;1,106.25;19,277.75;63,801.50;62,249.50;0.00;155,819.50;14,578.75;10,418.75;7,040.25;16,426.00
Jul 28, 2022;Jul 29, 2022;20,906.00;1,123.50;3,320.75;26,831.25;86,215.25;260.00;172,026.50;15,860.50;10,382.00;6,565.25;12,976.25
Jul 29, 2022;Jul 30, 2022;21,107.50;1,146.00;5,306.25;64,135.25;69,164.50;0.00;174,692.00;16,900.75;9,397.50;11,952.50;6,668.50
Jul 30, 2022;Jul 31, 2022;21,637.25;1,166.00;5,839.75;35,139.75;46,943.25;0.00;158,504.25;15,837.75;7,689.75;10,548.50;7,269.25
Jul 31, 2022;Aug 1, 2022;21,949.75;1,158.00;1,032.25;21,155.50;72,742.25;0.00;160,727.75;14,427.25;6,287.50;7,269.00;6,912.25
Aug 1, 2022;Aug 2, 2022;21,554.25;1,138.50;1,569.25;49,690.00;50,515.50;0.00;162,104.25;16,473.25;10,369.50;13,583.00;6,889.00
Aug 2, 2022;Aug 3, 2022;21,556.00;1,131.25;754.50;11,019.25;85,086.00;0.00;165,598.75;14,121.00;9,928.25;7,757.00;6,933.25
Aug 3, 2022;Aug 4, 2022;20,869.25;1,123.75;4,051.25;18,559.50;85,581.50;0.00;161,379.75;14,706.75;10,295.75;11,570.50;7,134.50
Aug 4, 2022;Aug 5, 2022;21,102.50;1,121.50;3,101.50;33,130.75;79,609.75;0.75;159,434.50;15,929.25;9,445.25;8,548.25;7,717.00
Aug 5, 2022;Aug 6, 2022;21,002.00;1,140.75;3,768.25;68,102.75;48,661.75;0.00;163,980.75;15,680.75;9,414.50;6,596.25;7,399.50
Aug 6, 2022;Aug 7, 2022;21,116.00;633.75;15,461.00;49,384.75;81,612.00;0.00;151,070.50;14,075.75;7,590.50;7,339.25;6,992.25
Aug 7, 2022;Aug 8, 2022;21,331.00;334.50;1,702.00;12,966.00;82,043.25;0.00;148,641.75;10,241.50;6,160.50;5,540.00;6,922.75
Aug 8, 2022;Aug 9, 2022;20,447.25;321.75;109.25;16,333.00;79,095.75;0.00;163,595.75;16,372.25;9,343.75;9,864.75;11,352.50
Aug 9, 2022;Aug 10, 2022;20,838.25;312.25;20.50;26,743.75;74,923.75;0.00;160,018.25;16,561.00;9,425.50;8,227.75;16,815.50
Aug 10, 2022;Aug 11, 2022;20,540.25;1,518.00;26.25;26,056.50;81,697.75;0.00;163,243.50;16,052.50;10,694.25;10,069.50;16,705.50
Aug 11, 2022;Aug 12, 2022;20,754.50;2,329.50;95.25;32,342.50;86,091.00;0.00;160,141.50;16,740.50;11,804.50;10,405.00;16,246.00
Aug 12, 2022;Aug 13, 2022;20,878.25;2,403.25;603.00;44,760.75;80,941.50;0.00;138,761.75;16,243.75;11,202.25;9,341.00;16,130.25
Aug 13, 2022;Aug 14, 2022;20,522.75;2,400.25;1,780.50;35,154.50;51,635.50;0.00;138,654.25;15,715.25;10,524.25;7,885.75;16,243.00
Aug 14, 2022;Aug 15, 2022;20,263.50;2,337.25;8,633.50;33,300.50;70,906.75;0.00;136,411.25;14,668.50;8,618.00;5,494.00;16,164.50
Aug 15, 2022;Aug 16, 2022;19,823.50;2,319.00;7,947.25;38,364.00;60,136.75;0.00;146,783.75;15,760.75;13,612.25;7,171.75;16,172.50
Aug 16, 2022;Aug 17, 2022;20,629.25;2,307.50;1,391.25;17,528.00;73,298.50;0.00;141,355.50;16,068.00;13,900.75;7,403.75;16,407.50
Aug 17, 2022;Aug 18, 2022;19,719.25;2,265.50;185.75;14,661.75;67,266.00;0.00;140,986.75;16,087.00;14,588.00;7,100.25;11,766.25
Aug 18, 2022;Aug 19, 2022;20,704.75;2,324.25;5,697.75;44,194.25;47,482.75;0.00;141,228.00;16,030.50;13,266.50;3,435.00;8,115.00
Aug 19, 2022;Aug 20, 2022;20,653.25;2,346.25;1,892.75;44,007.75;22,142.50;0.00;133,551.00;16,379.75;11,462.75;7,086.75;7,771.25
Aug 20, 2022;Aug 21, 2022;20,442.00;2,325.00;3,459.75;24,683.75;24,033.25;0.00;136,281.75;15,951.50;9,866.25;6,667.50;8,695.50
Aug 21, 2022;Aug 22, 2022;20,419.25;2,400.50;937.75;19,832.50;60,321.75;0.00;136,762.75;13,701.50;8,438.50;4,608.75;8,186.50
Aug 22, 2022;Aug 23, 2022;20,446.00;2,411.25;1,279.00;18,637.25;54,132.00;0.00;154,401.50;16,137.00;9,936.75;10,599.00;13,782.00
Aug 23, 2022;Aug 24, 2022;20,226.25;2,389.00;1,751.75;22,757.75;60,934.25;0.00;146,901.75;16,031.00;9,546.00;9,785.50;16,641.50
Aug 24, 2022;Aug 25, 2022;20,418.25;2,366.50;2,685.25;21,914.25;66,228.25;0.00;146,450.75;16,222.75;9,475.75;9,228.25;16,617.00
Aug 25, 2022;Aug 26, 2022;20,605.25;2,325.50;7,552.25;35,881.50;61,222.75;0.00;148,045.25;16,149.00;9,807.25;9,070.50;16,299.25
Aug 26, 2022;Aug 27, 2022;20,880.25;2,358.75;2,724.25;21,781.25;48,724.75;0.00;142,003.75;16,322.00;10,485.25;9,585.75;16,385.00
Aug 27, 2022;Aug 28, 2022;20,738.50;2,298.00;3,072.50;42,862.75;22,404.00;0.00;142,510.00;16,538.25;9,532.75;4,358.00;16,451.75
Aug 28, 2022;Aug 29, 2022;19,755.75;2,340.25;7,355.75;63,412.75;59,873.50;0.00;120,808.50;14,653.25;8,438.50;3,032.00;15,893.25
Aug 29, 2022;Aug 30, 2022;19,989.75;2,340.25;6,760.25;41,138.25;55,945.00;0.00;128,082.25;16,405.75;9,936.75;9,034.50;15,926.50
Aug 30, 2022;Aug 31, 2022;20,334.75;2,380.50;3,302.75;24,312.75;54,842.00;0.00;128,574.50;16,871.75;9,546.00;7,419.75;15,850.25
Aug 31, 2022;Sep 1, 2022;20,328.25;2,378.50;1,140.75;43,136.25;54,739.25;0.00;134,881.50;17,243.25;9,495.75;8,612.00;15,782.00
Sep 1, 2022;Sep 2, 2022;19,333.50;2,263.75;2,022.25;39,940.50;61,416.00;0.00;141,978.75;17,284.00;7,293.75;9,580.75;15,355.00
Sep 2, 2022;Sep 3, 2022;19,578.50;2,292.00;2,344.50;64,679.75;66,364.00;1.00;147,538.50;17,307.00;5,630.25;6,294.00;15,321.25
Sep 3, 2022;Sep 4, 2022;19,318.25;2,263.00;13,912.50;104,480.00;67,825.50;0.00;133,182.50;4,700.50;4,206.75;6,874.50;15,621.00
Sep 4, 2022;Sep 5, 2022;19,214.75;2,249.25;16,759.75;71,306.50;68,544.25;0.00;139,846.00;5,274.75;4,455.50;6,164.00;15,574.50
Sep 5, 2022;Sep 6, 2022;19,179.50;2,245.25;15,747.00;94,826.00;67,068.50;0.00;145,805.00;6,645.25;7,223.50;12,134.25;15,741.25
Sep 6, 2022;Sep 7, 2022;18,917.75;2,214.25;14,514.75;97,871.00;46,470.25;0.00;144,228.50;8,034.50;7,572.00;9,818.00;16,048.75
Sep 7, 2022;Sep 8, 2022;19,293.00;2,259.25;14,856.50;54,340.75;50,424.50;0.00;135,649.50;11,591.50;10,312.75;7,711.00;16,004.50
Sep 8, 2022;Sep 9, 2022;19,342.75;2,263.50;22,989.75;73,638.25;17,341.75;1.50;154,261.75;21,879.75;10,983.25;5,058.25;15,865.50
Sep 9, 2022;Sep 10, 2022;19,670.25;2,302.50;5,598.25;52,972.00;53,450.00;0.00;155,087.50;20,813.00;11,142.00;7,040.50;15,650.75
Sep 10, 2022;Sep 11, 2022;19,305.50;2,260.25;2,462.50;28,618.50;51,223.75;0.00;136,084.75;20,816.50;12,242.75;4,913.75;15,925.25
Sep 11, 2022;Sep 12, 2022;18,978.25;2,221.50;815.75;27,303.50;34,455.25;0.00;139,677.25;21,325.75;11,988.50;5,108.00;16,086.00
Sep 12, 2022;Sep 13, 2022;19,217.00;2,249.50;1,017.75;12,028.25;55,285.50;3.25;144,057.50;21,241.00;13,161.00;3,971.25;15,770.25
Sep 13, 2022;Sep 14, 2022;19,005.75;2,226.75;14,360.25;86,236.25;35,931.50;14.00;142,076.25;21,192.50;11,783.25;4,006.25;15,658.75
Sep 14, 2022;Sep 15, 2022;18,858.00;2,207.25;14,297.75;30,498.75;23,343.75;0.00;147,650.00;21,286.50;15,356.75;5,986.25;14,361.00
Sep 15, 2022;Sep 16, 2022;19,808.50;2,318.50;15,397.00;107,044.00;39,074.50;0.00;158,714.50;21,550.75;10,644.25;3,950.25;14,717.50
Sep 16, 2022;Sep 17, 2022;20,315.75;2,378.25;18,273.25;190,535.25;48,601.00;0.00;140,417.25;12,989.25;5,516.00;8,001.75;16,042.00
Sep 17, 2022;Sep 18, 2022;20,128.25;2,356.75;8,908.00;164,492.00;40,061.50;0.00;106,320.50;3,441.25;5,012.50;7,534.50;16,179.00
Sep 18, 2022;Sep 19, 2022;19,695.50;2,306.50;3,402.25;176,178.00;40,017.00;0.00;100,151.00;3,956.00;5,023.50;4,588.25;16,267.75
Sep 19, 2022;Sep 20, 2022;19,644.00;2,298.50;9,790.00;118,885.75;36,096.50;0.00;151,601.75;15,984.50;8,121.25;9,074.00;16,190.50
Sep 20, 2022;Sep 21, 2022;19,610.50;2,295.75;4,918.75;55,552.00;47,226.50;0.00;164,964.75;21,058.25;9,859.75;8,497.25;16,354.25
Sep 21, 2022;Sep 22, 2022;20,700.00;2,423.75;1,231.00;16,896.50;55,122.00;0.00;163,267.00;15,233.00;10,931.50;8,168.25;16,728.75
Sep 22, 2022;Sep 23, 2022;20,802.75;2,436.00;407.25;7,812.50;59,747.75;3.25;168,541.00;21,762.50;10,760.50;7,677.75;16,913.50
Sep 23, 2022;Sep 24, 2022;20,807.50;2,435.75;2,833.75;24,758.50;57,025.00;0.00;169,292.25;17,712.50;11,552.25;5,085.75;17,111.75
Sep 24, 2022;Sep 25, 2022;20,718.25;2,424.75;1,075.00;12,957.00;39,699.00;0.00;171,658.75;16,858.75;11,502.25;4,162.50;17,164.25
Sep 25, 2022;Sep 26, 2022;20,387.00;2,386.50;582.25;14,605.00;37,545.75;0.00;165,184.50;16,852.25;11,238.75;4,548.00;17,125.50
Sep 26, 2022;Sep 27, 2022;20,444.50;2,392.50;13,948.25;100,082.50;43,270.25;0.00;154,545.50;11,207.50;9,444.75;2,318.25;16,694.25
Sep 27, 2022;Sep 28, 2022;21,022.25;2,461.50;12,045.25;102,223.25;22,025.00;22.75;147,168.00;19,381.75;11,883.75;5,138.50;16,882.50
Sep 28, 2022;Sep 29, 2022;21,110.75;2,471.25;1,822.25;27,632.00;24,031.25;0.00;159,895.50;21,036.00;11,658.00;10,002.75;16,793.25
Sep 29, 2022;Sep 30, 2022;21,320.75;2,494.25;3,168.25;20,466.75;45,272.00;0.00;154,554.00;20,190.00;11,488.50;12,064.50;16,805.00
Sep 30, 2022;Oct 1, 2022;21,169.25;2,477.50;5,552.00;30,281.00;55,825.50;0.25;137,115.00;18,879.75;9,175.25;9,849.25;16,688.75
Oct 1, 2022;Oct 2, 2022;19,736.00;2,310.50;18,355.00;200,678.50;14,417.00;0.00;86,059.00;5,788.75;10,196.75;7,795.25;16,955.25
Oct 2, 2022;Oct 3, 2022;19,848.25;2,323.50;22,376.75;182,709.00;37,999.00;0.00;89,410.25;6,506.25;8,761.00;9,317.50;16,868.00
Oct 3, 2022;Oct 4, 2022;20,555.50;2,407.25;17,150.00;171,363.25;31,466.75;0.00;107,929.25;15,538.75;9,318.00;14,755.00;16,719.50
Oct 4, 2022;Oct 5, 2022;20,875.25;2,444.00;8,245.50;66,389.00;41,191.25;0.00;143,958.25;20,413.50;16,514.00;13,462.25;16,703.75
Oct 5, 2022;Oct 6, 2022;20,157.25;2,360.50;14,979.50;150,715.25;46,055.50;0.00;128,507.75;7,295.75;12,241.00;7,408.00;16,595.00
Oct 6, 2022;Oct 7, 2022;19,941.75;2,334.50;21,173.50;146,185.25;51,154.00;0.00;126,665.75;10,966.00;14,012.25;13,238.25;16,720.00
Oct 7, 2022;Oct 8, 2022;20,743.75;2,428.25;17,196.00;61,531.50;59,233.00;0.50;145,672.50;19,294.50;15,549.00;12,958.50;16,863.25
Oct 8, 2022;Oct 9, 2022;21,083.25;2,469.00;18,724.75;129,641.25;31,196.00;0.00;157,317.00;10,943.00;15,713.00;8,318.50;16,706.50
Oct 9, 2022;Oct 10, 2022;19,574.00;2,292.25;7,598.25;69,333.75;56,443.25;0.00;154,692.00;9,484.75;13,112.75;5,535.50;16,710.50
Oct 10, 2022;Oct 11, 2022;17,352.25;2,033.00;17,009.75;125,508.25;48,064.25;0.00;164,764.50;8,077.00;16,722.25;6,758.00;16,823.00
Oct 11, 2022;Oct 12, 2022;17,258.25;2,021.25;19,029.25;53,521.00;48,453.25;0.00;173,132.75;10,189.75;19,887.00;7,905.75;17,035.50
Oct 12, 2022;Oct 13, 2022;17,197.50;2,012.50;2,572.00;23,396.25;48,673.75;0.25;175,364.00;24,044.00;23,685.50;9,572.25;16,907.75
Oct 13, 2022;Oct 14, 2022;17,243.75;2,019.50;5,714.75;47,692.50;32,543.00;0.00;174,484.00;24,900.50;22,260.50;12,082.75;16,904.50
Oct 14, 2022;Oct 15, 2022;16,143.75;1,890.75;2,332.25;44,826.00;26,303.75;0.00;178,664.50;23,893.25;21,184.00;11,340.00;16,751.75
Oct 15, 2022;Oct 16, 2022;15,458.75;1,808.25;7,217.50;73,983.50;25,020.75;0.00;146,821.00;12,981.50;19,773.50;7,554.25;16,672.25
Oct 16, 2022;Oct 17, 2022;16,634.75;1,948.75;16,368.50;80,232.50;32,114.75;0.00;135,545.25;7,624.25;15,661.25;7,207.75;16,514.75
Oct 17, 2022;Oct 18, 2022;17,780.00;2,081.50;9,096.50;88,567.00;40,544.75;0.00;163,621.50;14,373.50;22,743.00;9,940.75;16,398.50
Oct 18, 2022;Oct 19, 2022;17,831.50;2,088.00;16,252.50;45,810.50;12,878.25;5.00;143,848.25;21,897.25;24,626.50;13,076.00;16,393.00
Oct 19, 2022;Oct 20, 2022;17,812.25;2,085.25;6,811.50;41,388.75;27,265.00;0.00;141,959.50;18,756.25;25,606.00;10,005.00;16,530.25
Oct 20, 2022;Oct 21, 2022;16,972.25;1,986.25;10,352.00;131,758.75;44,879.25;18.75;121,283.25;17,984.75;25,332.75;6,508.50;16,320.75
Oct 21, 2022;Oct 22, 2022;19,870.50;2,327.00;6,899.50;85,738.75;19,241.25;144.00;146,431.25;22,378.75;28,639.00;9,934.00;16,673.75
Oct 22, 2022;Oct 23, 2022;20,606.75;2,413.25;1,552.00;62,289.00;27,218.25;131.75;127,380.00;9,607.50;21,713.25;5,852.75;16,700.00
Oct 23, 2022;Oct 24, 2022;20,584.75;2,409.50;5,262.50;67,057.75;30,599.75;0.00;125,666.00;7,423.50;17,834.75;3,914.00;16,609.75
Oct 24, 2022;Oct 25, 2022;20,627.75;2,414.75;10,967.50;178,431.00;21,086.50;0.00;106,013.00;7,390.25;18,819.75;7,275.25;16,209.75
Oct 25, 2022;Oct 26, 2022;20,452.25;2,394.50;16,411.50;119,087.25;22,534.50;193.00;130,838.75;7,371.75;24,034.25;7,455.50;16,536.25
Oct 26, 2022;Oct 27, 2022;20,266.00;2,372.00;4,923.75;42,840.00;32,999.50;146.50;168,016.00;7,530.00;26,630.75;6,800.00;16,116.75
Oct 27, 2022;Oct 28, 2022;20,714.25;2,425.50;7,398.50;69,580.75;37,497.75;0.00;162,529.50;7,432.75;21,059.75;8,366.50;15,887.75
Oct 28, 2022;Oct 29, 2022;21,121.75;2,472.25;8,530.25;120,909.75;30,787.75;1.00;157,917.25;7,510.75;17,017.25;8,384.25;15,745.00
Oct 29, 2022;Oct 30, 2022;20,781.50;2,434.25;12,708.75;55,134.25;24,305.00;218.25;157,424.75;7,299.75;16,831.75;5,171.25;15,771.25
Oct 30, 2022;Oct 31, 2022;21,624.00;2,531.75;1,683.50;36,369.75;34,596.25;475.50;160,695.25;7,711.75;18,955.25;5,875.00;17,048.25
Oct 31, 2022;Nov 1, 2022;20,729.50;2,427.00;286.00;35,393.00;24,297.75;732.50;165,833.75;7,724.00;23,071.25;9,699.50;17,118.25
Nov 1, 2022;Nov 2, 2022;20,223.75;2,367.75;9,820.00;92,913.50;15,864.25;558.00;118,129.25;7,411.50;26,680.75;5,380.25;17,097.00
Nov 2, 2022;Nov 3, 2022;20,793.50;2,434.50;15,263.50;169,428.25;29,387.25;565.25;125,279.50;8,125.25;29,550.50;7,528.75;17,755.25
Nov 3, 2022;Nov 4, 2022;21,629.00;2,532.50;17,561.50;137,579.75;25,885.75;643.25;158,825.25;8,559.00;32,590.75;6,444.25;17,304.50
Nov 4, 2022;Nov 5, 2022;21,783.25;2,550.25;7,229.25;68,856.50;7,535.25;730.25;170,195.00;9,765.75;35,547.75;14,265.25;17,019.00
Nov 5, 2022;Nov 6, 2022;21,710.25;2,542.50;14,265.00;76,316.00;30,099.00;560.75;142,754.00;8,404.50;29,756.00;3,757.00;16,447.25
Nov 6, 2022;Nov 7, 2022;21,498.00;2,517.75;20,872.75;152,357.75;33,581.50;334.00;62,829.25;8,025.00;21,554.00;3,974.00;16,364.25
Nov 7, 2022;Nov 8, 2022;21,091.50;2,469.75;22,598.50;178,421.25;20,080.75;615.00;123,011.00;8,078.50;32,228.50;10,807.25;17,298.75
Nov 8, 2022;Nov 9, 2022;21,584.00;2,526.75;17,997.00;155,098.50;30,453.25;799.25;122,514.50;8,379.75;34,797.25;7,673.50;17,563.75
Nov 9, 2022;Nov 10, 2022;21,186.75;2,480.50;17,332.50;163,578.00;14,586.50;733.75;147,110.25;8,805.00;31,639.50;8,025.50;17,385.25
Nov 10, 2022;Nov 11, 2022;20,924.50;2,449.25;20,452.00;152,267.50;23,711.25;680.25;151,200.50;8,561.00;28,761.75;8,793.50;16,969.00
Nov 11, 2022;Nov 12, 2022;21,399.25;2,504.75;23,539.00;121,946.75;18,166.75;675.75;166,562.25;9,503.00;35,061.75;10,545.75;16,651.25
Nov 12, 2022;Nov 13, 2022;21,569.25;2,525.75;10,849.00;28,699.00;24,034.50;932.50;184,240.25;17,105.00;35,083.50;9,667.00;17,260.50
Nov 13, 2022;Nov 14, 2022;21,099.75;2,469.25;2,912.50;68,625.25;15,610.00;912.00;164,397.25;22,896.50;35,998.25;4,873.00;16,325.75
Nov 14, 2022;Nov 15, 2022;19,650.25;2,301.00;7,100.00;108,469.25;25,713.00;784.00;177,711.50;22,329.50;42,874.00;11,846.25;11,732.50
Nov 15, 2022;Nov 16, 2022;19,823.50;2,320.75;9,656.25;74,161.75;25,570.25;511.00;178,474.75;23,086.25;34,672.00;13,323.25;10,932.25
Nov 16, 2022;Nov 17, 2022;17,811.50;2,084.75;18,862.25;125,252.50;3,828.50;659.75;180,380.25;11,009.25;32,851.75;11,447.75;11,271.00
Nov 17, 2022;Nov 18, 2022;16,204.75;1,895.75;11,150.75;233,670.75;4,278.75;653.00;121,588.25;10,272.00;30,753.75;8,357.00;15,013.75
Nov 18, 2022;Nov 19, 2022;16,561.75;1,939.25;18,132.75;88,218.75;8,173.75;889.75;185,385.00;15,762.50;43,856.25;13,918.25;18,727.50
Nov 19, 2022;Nov 20, 2022;16,618.00;1,946.50;14,641.25;46,017.75;15,799.75;968.50;173,450.00;23,284.50;48,126.50;10,697.00;18,837.00
Nov 20, 2022;Nov 21, 2022;16,754.50;1,960.50;3,035.50;36,596.25;14,080.75;977.00;166,162.75;23,517.75;46,940.75;6,250.50;18,944.50
Nov 21, 2022;Nov 22, 2022;17,092.75;2,001.50;7,170.25;36,134.25;7,649.50;1,161.50;177,554.50;25,176.75;50,637.75;13,986.50;19,476.25
Nov 22, 2022;Nov 23, 2022;16,827.25;1,969.75;16,283.50;102,500.75;6,006.75;1,210.25;167,468.75;23,564.50;49,363.75;11,861.75;19,590.00
Nov 23, 2022;Nov 24, 2022;19,112.50;2,237.00;11,245.75;86,251.00;14,862.50;1,089.00;172,851.25;23,377.00;48,409.00;8,028.75;19,154.75
Nov 24, 2022;Nov 25, 2022;18,363.75;2,149.25;3,278.25;37,567.75;7,634.25;1,151.25;171,152.25;23,767.50;49,133.50;11,807.75;18,648.75
Nov 25, 2022;Nov 26, 2022;18,479.00;2,163.25;5,090.75;42,421.50;12,061.50;1,061.25;146,679.75;25,259.25;50,972.25;11,815.75;19,335.25
Nov 26, 2022;Nov 27, 2022;18,093.00;2,117.75;479.25;42,073.75;8,079.25;557.25;156,084.25;23,741.25;54,108.75;6,651.00;17,959.25
Nov 27, 2022;Nov 28, 2022;17,733.00;2,075.50;5,983.50;80,538.00;18,728.00;540.75;147,723.25;17,842.75;43,219.75;4,683.75;17,573.75
Nov 28, 2022;Nov 29, 2022;17,952.50;2,101.25;21,362.25;121,340.50;6,994.25;895.75;166,061.25;20,436.00;58,117.25;9,932.75;18,731.00
Nov 29, 2022;Nov 30, 2022;17,960.25;2,102.50;10,998.75;37,143.00;4,273.00;1,758.00;170,779.00;26,067.25;68,110.75;10,138.00;20,807.75
Nov 30, 2022;Dec 1, 2022;17,860.50;2,091.25;2,855.00;27,894.75;7,620.25;1,686.25;172,788.50;25,950.50;70,609.50;10,257.75;20,863.00
Dec 1, 2022;Dec 2, 2022;15,460.75;1,809.25;1,192.75;13,722.75;2,647.75;1,697.50;171,630.00;22,836.00;73,729.25;13,051.50;20,968.75
Dec 2, 2022;Dec 3, 2022;16,740.50;1,960.25;5,576.00;63,560.75;1,402.50;1,894.50;172,679.00;14,506.00;72,545.00;8,913.00;20,830.25
Dec 3, 2022;Dec 4, 2022;17,402.75;2,038.50;12,550.25;31,545.75;1,263.75;1,847.25;155,203.50;23,437.25;70,323.00;6,549.25;20,867.50
Dec 4, 2022;Dec 5, 2022;17,318.25;2,028.75;12,943.50;46,810.25;1,269.50;1,867.75;150,693.75;24,903.25;67,117.00;1,601.25;20,966.50
Dec 5, 2022;Dec 6, 2022;16,919.75;1,981.25;7,946.00;25,045.00;1,562.25;1,632.75;186,708.50;24,693.25;67,184.25;11,989.25;20,590.25
Dec 6, 2022;Dec 7, 2022;16,246.50;1,902.25;3,031.75;37,824.00;1,771.00;1,784.00;186,651.75;25,706.25;69,183.00;9,020.25;20,659.00
Dec 7, 2022;Dec 8, 2022;16,036.25;1,878.00;5,624.75;132,152.75;6,547.50;1,836.25;176,841.25;27,736.00;67,194.00;5,272.00;20,803.75
Dec 8, 2022;Dec 9, 2022;14,364.00;1,681.75;955.00;63,098.00;5,722.50;1,840.00;181,141.25;25,068.75;69,472.75;10,300.75;20,705.75
Dec 9, 2022;Dec 10, 2022;17,372.25;2,034.00;2,356.50;6,575.00;4,040.25;1,885.50;183,291.25;28,301.50;71,888.25;13,142.75;20,815.50
Dec 10, 2022;Dec 11, 2022;21,153.00;2,476.00;1,958.00;7,298.25;2,326.25;1,899.00;181,512.00;28,837.75;72,177.75;5,608.25;20,617.00
Dec 11, 2022;Dec 12, 2022;20,890.75;2,446.00;9,100.00;18,863.75;2,334.75;1,872.00;176,417.00;28,773.75;70,129.50;7,496.25;20,618.25
Dec 12, 2022;Dec 13, 2022;20,411.75;2,389.00;9,227.50;57,107.75;2,769.75;1,865.25;183,665.00;28,617.50;75,084.50;11,669.50;20,888.75
Dec 13, 2022;Dec 14, 2022;19,921.75;2,332.25;13,693.25;38,110.75;4,607.00;1,859.25;179,886.50;28,125.75;78,953.50;12,533.50;20,807.50
Dec 14, 2022;Dec 15, 2022;21,116.75;2,472.25;15,175.50;59,826.00;4,306.50;1,369.00;182,097.50;28,266.00;79,350.50;13,565.50;19,886.75
Dec 15, 2022;Dec 16, 2022;21,280.75;2,491.50;5,123.25;35,507.75;6,608.50;957.25;185,439.00;27,640.00;79,251.00;10,022.75;19,207.00
Dec 16, 2022;Dec 17, 2022;21,301.50;2,493.75;514.75;16,148.25;4,644.75;989.25;188,990.50;27,195.75;76,991.75;12,022.50;19,087.00
Dec 17, 2022;Dec 18, 2022;21,386.75;2,502.25;5,039.75;12,009.75;3,327.00;1,014.25;185,063.25;27,325.50;69,139.25;4,601.75;18,313.75
Dec 18, 2022;Dec 19, 2022;21,289.00;2,491.75;19,430.75;82,133.25;5,497.75;1,014.00;141,144.75;26,945.50;61,468.00;3,385.50;18,409.50
Dec 19, 2022;Dec 20, 2022;21,093.75;2,470.00;23,029.25;201,245.50;1,622.50;946.50;127,537.25;22,039.75;57,212.00;5,863.25;18,527.00
Dec 20, 2022;Dec 21, 2022;20,693.00;2,423.25;21,007.50;199,108.75;4,383.25;770.75;132,113.50;22,345.00;52,103.50;10,306.50;18,427.50
Dec 21, 2022;Dec 22, 2022;20,911.75;2,449.00;6,176.25;120,848.50;3,060.00;916.25;155,684.75;26,455.50;55,184.25;9,113.75;18,575.75
Dec 22, 2022;Dec 23, 2022;20,935.50;2,451.25;11,277.50;124,100.75;3,202.00;1,397.50;158,909.75;26,183.00;50,466.25;6,335.00;19,618.25
Dec 23, 2022;Dec 24, 2022;21,364.50;2,500.00;8,662.50;73,434.50;4,090.75;1,561.00;158,534.75;24,368.50;54,965.25;14,202.75;19,956.50
Dec 24, 2022;Dec 25, 2022;21,456.25;2,512.00;1,602.00;112,989.75;6,369.50;1,124.00;158,579.75;13,196.00;40,130.25;12,713.25;18,681.75
Dec 25, 2022;Dec 26, 2022;21,582.75;2,528.25;7,271.00;101,613.00;7,373.75;555.50;106,266.75;13,249.25;29,340.25;11,613.00;17,634.75
Dec 26, 2022;Dec 27, 2022;21,397.50;2,505.25;16,258.75;193,680.75;3,477.00;527.00;66,377.00;8,725.75;27,429.25;7,369.50;17,566.25
Dec 27, 2022;Dec 28, 2022;21,163.25;2,476.25;24,343.25;206,498.75;10,434.75;546.00;77,678.75;10,080.75;32,093.00;12,382.50;17,594.25
Dec 28, 2022;Dec 29, 2022;21,035.75;2,463.00;21,848.00;217,718.50;5,288.50;543.25;52,850.75;11,015.00;29,840.00;12,702.00;13,171.25
Dec 29, 2022;Dec 30, 2022;19,495.75;2,282.75;21,733.50;242,592.50;9,051.50;520.75;52,711.50;9,522.50;28,464.75;11,974.00;18,342.50
Dec 30, 2022;Dec 31, 2022;19,281.00;2,257.00;22,588.25;210,395.75;15,454.00;528.00;53,164.00;9,544.75;28,276.00;11,424.00;18,307.50
Dec 31, 2022;Jan 1, 2023;19,370.75;2,268.25;19,229.25;240,139.00;6,910.00;386.25;55,031.25;9,510.50;23,664.25;6,854.50;17,360.00
Jan 1, 2023;Jan 2, 2023;19,550.75;2,289.00;13,955.75;180,006.75;7,276.25;266.50;61,211.50;10,592.25;10,881.00;7,547.50;16,990.50
Jan 2, 2023;Jan 3, 2023;20,861.50;2,443.25;19,606.00;204,683.00;6,411.75;417.50;146,475.25;12,135.25;16,133.00;7,776.25;17,299.75
Jan 3, 2023;Jan 4, 2023;21,761.00;2,546.75;18,432.50;105,305.25;15,892.75;821.50;182,808.50;19,232.25;23,351.50;16,090.25;16,405.00
Jan 4, 2023;Jan 5, 2023;22,740.75;2,661.75;22,100.00;306,383.75;2,005.00;264.00;68,473.75;11,233.00;12,983.75;8,188.25;10,558.50
Jan 5, 2023;Jan 6, 2023;24,388.00;2,856.75;11,556.50;246,333.25;6,517.00;714.75;108,496.75;16,991.75;21,287.75;15,931.75;11,240.25
Jan 6, 2023;Jan 7, 2023;25,059.75;2,933.75;18,993.25;143,502.25;4,705.75;832.00;125,429.50;13,243.00;23,103.75;9,988.50;18,650.00
Jan 7, 2023;Jan 8, 2023;24,867.25;2,911.50;10,912.50;116,804.25;9,175.00;349.00;101,040.50;9,760.75;16,102.75;8,154.00;17,467.00
Jan 8, 2023;Jan 9, 2023;24,410.75;2,857.00;15,239.00;146,195.25;4,226.00;495.25;81,251.00;9,528.75;16,738.50;10,916.25;17,934.75
Jan 9, 2023;Jan 10, 2023;24,062.75;2,816.50;7,955.75;124,529.25;8,002.50;666.00;149,876.25;19,727.75;23,925.00;15,285.75;18,719.00
Jan 10, 2023;Jan 11, 2023;24,085.00;2,820.00;10,457.50;127,072.50;8,218.00;747.75;170,046.75;19,983.75;23,681.25;10,005.50;18,612.25
Jan 11, 2023;Jan 12, 2023;22,832.50;2,671.75;19,903.00;209,261.75;3,063.25;631.75;132,662.50;15,600.50;20,221.00;13,780.75;18,144.50
Jan 12, 2023;Jan 13, 2023;23,365.75;2,735.50;22,799.50;326,496.25;4,936.75;414.00;79,760.50;9,242.00;15,578.50;12,154.00;17,355.00
Jan 13, 2023;Jan 14, 2023;23,688.00;2,771.75;21,114.00;288,233.75;11,672.50;378.00;58,725.75;7,474.50;16,751.00;11,946.25;17,137.00
Jan 14, 2023;Jan 15, 2023;23,331.00;2,731.25;24,209.50;277,645.50;9,568.75;287.00;51,411.50;6,965.75;12,370.00;6,540.75;16,979.50
Jan 15, 2023;Jan 16, 2023;23,288.50;2,726.25;24,060.25;296,829.00;8,059.75;271.50;53,897.50;9,399.00;12,336.75;4,293.75;16,954.00
Jan 16, 2023;Jan 17, 2023;23,382.75;2,736.75;20,089.50;212,266.25;19,144.50;711.25;120,519.00;20,587.25;25,523.25;11,359.00;17,037.50
Jan 17, 2023;Jan 18, 2023;23,608.00;2,764.75;21,654.75;166,218.75;11,321.00;747.50;139,080.75;25,699.00;31,149.75;10,323.25;16,802.50
Jan 18, 2023;Jan 19, 2023;24,376.00;2,855.00;7,003.50;41,982.00;6,516.50;897.00;175,344.50;25,842.75;38,563.00;8,715.25;17,207.75
Jan 19, 2023;Jan 20, 2023;24,040.00;2,813.25;17,546.00;126,516.25;13,023.00;924.25;154,458.25;25,873.50;38,111.00;7,191.25;16,814.75
Jan 20, 2023;Jan 21, 2023;24,309.00;2,845.00;4,732.00;19,565.25;7,769.25;957.50;181,308.25;26,621.00;41,843.25;15,777.75;17,620.25
Jan 21, 2023;Jan 22, 2023;24,598.75;2,880.00;11,951.25;151,552.00;5,456.25;947.25;140,097.00;23,272.50;38,441.75;3,086.25;18,055.75
Jan 22, 2023;Jan 23, 2023;24,624.75;2,883.25;17,050.25;71,405.00;1,907.25;960.00;159,771.50;23,868.50;37,044.25;7,269.75;18,212.00
Jan 23, 2023;Jan 24, 2023;24,377.25;2,854.25;995.00;18,883.75;3,175.25;960.00;188,999.00;26,125.75;41,246.50;12,961.00;18,271.50
Jan 24, 2023;Jan 25, 2023;24,968.50;2,923.50;1,716.50;10,521.25;3,512.75;965.50;189,736.50;26,530.50;39,945.25;11,342.50;18,609.50
Jan 25, 2023;Jan 26, 2023;25,396.75;2,973.00;9,531.75;8,677.00;2,582.50;1,112.25;186,632.00;25,523.25;43,902.75;7,684.75;19,371.25
Jan 26, 2023;Jan 27, 2023;25,509.00;2,985.75;7,363.25;3,831.00;3,030.75;1,440.75;198,597.50;25,736.75;45,670.50;6,161.75;19,989.25
Jan 27, 2023;Jan 28, 2023;24,987.00;2,925.00;10,388.25;68,978.50;5,936.75;1,675.00;191,910.50;24,096.25;46,496.25;8,908.25;21,015.00
Jan 28, 2023;Jan 29, 2023;24,989.25;2,924.75;11,850.25;26,090.00;7,354.00;1,783.00;182,767.00;22,930.75;44,054.00;2,493.75;20,987.00
Jan 29, 2023;Jan 30, 2023;24,645.25;2,884.50;23,608.50;153,774.50;6,972.75;1,728.25;106,200.25;17,585.25;39,068.00;1,943.50;20,606.25
Jan 30, 2023;Jan 31, 2023;24,832.00;2,906.75;15,120.00;317,672.00;10,237.00;881.00;85,415.75;11,954.00;34,240.75;4,696.75;18,738.75
Jan 31, 2023;Feb 1, 2023;24,207.75;2,834.75;13,782.00;301,806.50;5,404.75;1,077.50;76,019.50;17,381.25;35,966.75;5,998.25;19,157.00
Feb 1, 2023;Feb 2, 2023;23,974.25;2,805.75;13,298.00;331,902.50;8,862.00;1,396.25;62,898.50;11,552.75;34,707.50;5,326.50;19,649.50
Feb 2, 2023;Feb 3, 2023;24,848.50;2,910.00;15,099.00;210,015.75;15,617.25;1,486.25;131,689.50;19,230.75;39,021.50;12,157.75;20,030.00
Feb 3, 2023;Feb 4, 2023;23,845.75;2,791.25;13,676.50;319,213.75;6,573.25;970.25;97,922.75;17,755.00;32,312.75;1,855.25;18,978.25
Feb 4, 2023;Feb 5, 2023;24,955.75;2,922.00;8,818.75;79,088.50;24,467.50;950.75;163,810.00;22,643.25;38,423.75;14,215.25;17,940.00
Feb 5, 2023;Feb 6, 2023;24,188.25;2,831.75;6,547.50;30,534.50;17,870.75;956.75;177,587.25;23,250.25;38,230.75;4,106.00;12,535.50
Feb 6, 2023;Feb 7, 2023;24,414.25;2,857.50;1,404.75;31,764.00;9,652.50;961.75;193,486.00;23,751.75;43,100.25;12,332.00;19,226.75
Feb 7, 2023;Feb 8, 2023;25,170.25;2,947.75;4,772.75;9,685.50;31,314.50;979.50;194,133.50;23,740.75;44,200.00;12,230.00;19,231.00
Feb 8, 2023;Feb 9, 2023;25,432.75;2,976.50;11,391.25;74,667.25;37,946.00;966.50;181,161.00;23,549.50;43,651.75;9,318.25;18,839.75
Feb 9, 2023;Feb 10, 2023;25,132.25;2,942.50;21,573.50;130,698.00;37,619.25;1,215.00;159,522.25;18,664.00;44,383.25;10,699.00;18,879.25
Feb 10, 2023;Feb 11, 2023;24,603.25;2,881.00;22,590.25;159,220.00;19,731.50;1,588.25;151,870.25;18,720.50;42,922.00;6,914.50;19,746.75
Feb 11, 2023;Feb 12, 2023;24,246.50;2,839.00;21,162.25;245,176.25;6,532.50;1,203.50;118,227.00;14,336.25;32,881.75;4,046.75;18,955.75
Feb 12, 2023;Feb 13, 2023;24,801.50;2,903.50;12,512.50;41,788.50;10,668.50;1,158.75;190,901.25;21,920.25;34,266.75;6,113.50;19,483.75
Feb 13, 2023;Feb 14, 2023;24,483.75;2,866.25;19,859.50;34,980.00;10,943.50;1,474.25;203,586.00;24,072.25;39,551.75;8,863.75;19,986.75
Feb 14, 2023;Feb 15, 2023;24,765.00;2,899.00;1,770.00;15,015.75;20,034.75;1,469.25;205,155.75;24,220.75;39,993.50;8,551.00;20,449.75
Feb 15, 2023;Feb 16, 2023;24,606.25;2,879.75;1,967.50;41,337.00;35,598.50;1,650.50;203,328.25;23,975.00;40,997.75;6,001.75;20,894.00
Feb 16, 2023;Feb 17, 2023;24,661.00;2,888.00;8,431.50;113,827.25;34,149.25;1,491.00;190,816.25;20,608.00;37,044.00;5,056.00;20,435.00
Feb 17, 2023;Feb 18, 2023;23,603.25;2,763.75;16,998.50;303,913.25;7,321.75;461.75;72,252.25;9,803.25;20,676.50;3,198.75;18,384.00
Feb 18, 2023;Feb 19, 2023;23,965.75;2,805.75;20,366.50;242,140.50;8,058.25;144.00;80,105.00;7,739.50;22,158.50;8,754.00;17,651.75
Feb 19, 2023;Feb 20, 2023;24,010.50;2,812.00;20,059.25;119,201.25;29,223.25;144.00;92,598.00;10,202.25;26,070.75;9,596.25;17,370.25
Feb 20, 2023;Feb 21, 2023;23,462.75;2,747.25;20,064.75;312,255.00;16,618.25;144.00;69,195.50;10,540.00;19,952.50;7,219.75;16,581.00
Feb 21, 2023;Feb 22, 2023;24,239.25;2,837.75;17,949.50;198,914.00;17,028.00;161.75;137,227.75;21,604.25;23,927.75;8,004.75;16,592.25
Feb 22, 2023;Feb 23, 2023;24,572.50;2,877.00;12,172.50;47,653.50;22,958.50;823.50;185,355.50;25,467.00;31,719.00;8,361.00;18,654.00
Feb 23, 2023;Feb 24, 2023;24,427.00;2,860.50;10,738.50;49,528.00;16,484.75;1,294.75;192,729.00;26,998.25;33,888.50;5,492.00;19,425.50
Feb 24, 2023;Feb 25, 2023;24,755.50;2,898.00;17,921.00;176,225.25;11,226.75;1,692.25;137,993.00;16,946.25;36,136.75;4,373.75;20,425.50
Feb 25, 2023;Feb 26, 2023;24,623.75;2,883.50;23,823.50;231,985.25;13,552.50;1,008.25;98,699.50;11,584.25;29,564.25;7,391.50;19,235.75
Feb 26, 2023;Feb 27, 2023;24,765.00;2,899.50;11,294.25;92,730.00;28,382.25;1,540.75;129,930.75;15,387.00;35,924.00;3,766.75;20,359.25
Feb 27, 2023;Feb 28, 2023;23,572.25;2,760.00;437.50;18,663.75;30,157.50;1,857.00;181,778.50;25,459.75;43,351.00;8,425.75;21,219.50
Feb 28, 2023;Mar 1, 2023;24,795.50;2,902.50;2,295.50;19,307.75;53,686.50;1,762.25;176,794.25;26,822.50;42,978.00;9,415.00;21,149.50
Mar 1, 2023;Mar 2, 2023;24,696.25;2,891.25;936.00;23,018.50;55,017.50;1,680.25;176,369.50;25,447.25;39,469.75;8,182.25;20,942.25
Mar 2, 2023;Mar 3, 2023;24,909.00;2,916.50;1,037.25;22,425.25;41,745.75;1,720.75;182,634.50;26,739.75;38,004.50;9,584.25;20,909.50
Mar 3, 2023;Mar 4, 2023;24,964.00;2,922.75;12,898.25;46,616.75;17,709.75;1,795.50;157,196.50;23,750.75;42,686.50;7,868.75;20,991.25
Mar 4, 2023;Mar 5, 2023;24,600.50;2,880.75;12,521.00;164,097.25;15,979.25;1,680.00;130,920.75;13,201.00;37,966.00;6,326.25;20,532.50
Mar 5, 2023;Mar 6, 2023;25,263.00;2,958.00;8,185.25;119,179.25;23,227.00;1,680.00;139,335.50;20,664.75;39,271.00;6,395.50;19,910.25
Mar 6, 2023;Mar 7, 2023;25,179.75;2,948.25;2,153.75;59,268.25;21,538.25;1,791.75;183,175.00;25,028.50;41,458.75;11,615.50;16,424.00
Mar 7, 2023;Mar 8, 2023;21,591.50;2,528.25;16,059.00;227,938.25;18,218.50;1,718.50;145,918.00;17,693.00;39,993.00;4,992.50;13,517.00
Mar 8, 2023;Mar 9, 2023;22,228.50;2,602.75;8,176.00;41,100.25;14,799.50;1,650.00;181,161.75;26,501.25;41,658.00;13,150.50;19,823.25
Mar 9, 2023;Mar 10, 2023;24,936.25;2,920.25;3,515.00;37,645.75;10,599.75;1,788.50;174,275.75;28,024.50;42,474.50;7,307.25;20,394.25
Mar 10, 2023;Mar 11, 2023;24,771.00;2,900.00;16,223.50;141,569.25;20,528.00;1,664.25;157,072.00;21,514.50;41,115.25;4,889.25;18,427.25
Mar 11, 2023;Mar 12, 2023;26,008.75;3,045.25;13,939.50;201,248.75;21,558.50;1,652.00;112,503.75;15,890.50;39,174.50;8,388.75;18,396.50
Mar 12, 2023;Mar 13, 2023;26,363.25;3,085.50;13,788.50;122,982.75;32,626.25;1,168.00;75,506.75;13,954.25;29,256.50;4,958.75;20,125.25
Mar 13, 2023;Mar 14, 2023;25,734.25;3,012.00;23,037.25;280,448.50;19,412.75;681.75;68,060.00;11,541.50;19,398.25;6,825.00;18,180.50
Mar 14, 2023;Mar 15, 2023;25,848.25;3,024.75;20,877.75;259,662.75;25,150.75;1,054.25;82,970.00;12,876.00;25,865.75;6,915.75;18,163.00
Mar 15, 2023;Mar 16, 2023;26,200.75;3,067.50;20,186.25;114,998.00;41,811.00;1,589.25;151,906.25;18,609.25;38,654.25;13,517.50;19,446.25
Mar 16, 2023;Mar 17, 2023;23,380.00;2,737.75;13,248.50;105,974.50;65,279.50;1,438.25;149,014.00;13,194.75;33,038.50;6,791.75;19,526.75
Mar 17, 2023;Mar 18, 2023;23,107.50;2,705.25;21,325.25;174,105.25;46,024.50;1,230.00;130,810.00;12,837.50;26,439.25;9,644.50;19,423.75
Mar 18, 2023;Mar 19, 2023;25,835.50;3,024.75;9,107.50;71,349.25;48,283.25;902.25;144,219.75;12,244.00;25,051.75;7,018.00;19,166.00
Mar 19, 2023;Mar 20, 2023;25,702.25;3,009.00;1,692.00;35,556.00;39,272.75;882.00;170,476.75;15,445.00;24,472.75;6,096.00;18,616.00
Mar 20, 2023;Mar 21, 2023;23,245.50;2,721.50;15,168.00;57,576.00;17,706.00;1,099.75;184,988.50;27,784.25;27,848.25;8,197.00;18,924.75
Mar 21, 2023;Mar 22, 2023;22,268.00;2,608.50;6,966.00;40,433.50;27,303.00;1,058.00;187,485.75;18,604.00;27,209.50;6,375.75;18,620.25
Mar 22, 2023;Mar 23, 2023;24,955.25;2,922.75;20,410.00;148,266.75;46,176.75;659.00;107,490.50;11,810.25;20,480.25;9,331.75;17,588.50
Mar 23, 2023;Mar 24, 2023;22,352.50;2,616.50;18,470.00;202,652.00;25,956.25;680.00;85,219.75;11,847.75;20,356.50;11,370.75;17,712.25
Mar 24, 2023;Mar 25, 2023;21,942.75;2,568.50;23,455.75;211,852.25;27,940.50;505.25;78,937.25;11,378.75;16,608.75;10,167.50;17,544.00
Mar 25, 2023;Mar 26, 2023;22,251.00;2,605.75;17,070.00;219,235.75;37,573.25;354.50;60,393.75;11,035.50;13,171.75;3,826.25;17,664.50
Mar 26, 2023;Mar 27, 2023;21,312.50;2,494.75;19,269.75;109,434.00;35,236.25;472.75;65,667.25;11,765.25;15,422.75;9,704.75;17,292.25
Mar 27, 2023;Mar 28, 2023;23,687.50;2,772.50;16,912.25;165,393.50;54,684.00;1,266.75;87,672.50;13,671.00;27,576.50;11,296.75;19,867.00
Mar 28, 2023;Mar 29, 2023;22,107.75;2,588.50;13,182.00;131,673.50;52,737.25;1,504.00;116,616.75;14,053.25;34,287.25;14,406.00;20,066.00
Mar 29, 2023;Mar 30, 2023;23,446.50;2,744.75;5,493.25;71,635.00;37,962.75;1,097.25;156,685.75;13,824.75;30,230.75;12,388.00;18,994.50
Mar 30, 2023;Mar 31, 2023;25,400.50;2,974.25;13,810.50;165,885.50;32,011.25;687.25;95,824.50;11,970.00;23,698.75;8,286.75;18,226.25
Mar 31, 2023;Apr 1, 2023;25,224.00;2,953.50;14,812.00;112,367.50;26,337.00;1,067.25;94,866.25;12,064.00;27,734.50;11,853.75;18,725.75
Apr 1, 2023;Apr 2, 2023;25,450.75;2,979.50;24,751.00;144,158.50;22,278.00;537.25;71,999.25;12,450.25;15,682.25;7,677.00;17,465.00
Apr 2, 2023;Apr 3, 2023;25,484.50;2,983.75;14,514.00;169,692.00;33,690.00;708.75;89,528.25;13,088.25;20,737.50;9,057.00;17,425.25
Apr 3, 2023;Apr 4, 2023;25,859.50;3,028.00;6,150.75;93,267.50;55,067.75;1,180.25;152,593.75;17,767.50;32,875.50;10,729.75;18,910.00
Apr 4, 2023;Apr 5, 2023;25,525.00;2,987.75;3,887.00;19,613.75;65,021.50;1,315.00;164,902.75;23,922.75;33,362.00;12,188.50;19,506.25
Apr 5, 2023;Apr 6, 2023;26,760.50;3,133.50;1,437.75;10,794.25;54,505.25;1,273.75;177,980.50;22,164.50;29,568.75;14,284.00;19,381.00
Apr 6, 2023;Apr 7, 2023;26,288.00;3,078.75;8,298.75;38,128.75;77,506.75;1,072.75;166,967.50;20,606.25;29,138.00;11,135.25;19,138.75
Apr 7, 2023;Apr 8, 2023;26,026.25;3,046.25;14,164.50;55,262.75;47,237.50;1,228.25;153,402.75;9,202.50;30,247.50;10,252.25;14,534.00
Apr 8, 2023;Apr 9, 2023;26,030.25;3,048.50;7,796.75;32,985.25;24,558.50;869.75;170,991.00;9,702.50;27,163.00;7,903.50;19,811.25
Apr 9, 2023;Apr 10, 2023;25,679.25;3,006.00;2,575.75;9,729.75;60,393.25;774.25;134,507.00;8,490.25;23,312.00;10,835.25;20,161.25
Apr 10, 2023;Apr 11, 2023;25,545.75;2,990.00;10,714.75;85,807.50;72,248.50;484.00;61,164.25;7,984.75;15,716.25;4,226.25;19,206.25
Apr 11, 2023;Apr 12, 2023;25,576.50;2,994.50;14,744.50;170,136.00;42,651.75;792.50;70,759.50;9,008.50;23,539.00;17,757.25;20,163.50
Apr 12, 2023;Apr 13, 2023;25,813.50;3,022.00;11,000.50;129,752.75;54,565.75;1,009.75;107,401.75;9,359.00;25,769.25;10,461.00;20,622.00
Apr 13, 2023;Apr 14, 2023;25,846.50;3,026.00;9,210.25;72,585.25;48,113.25;1,048.25;129,366.25;12,799.25;26,225.50;9,303.00;20,796.00
Apr 14, 2023;Apr 15, 2023;25,708.25;3,008.00;5,761.00;48,019.25;22,934.00;1,252.00;158,503.25;21,802.50;29,462.00;12,245.75;21,245.50
Apr 15, 2023;Apr 16, 2023;25,756.75;3,015.00;21,922.50;71,568.25;18,749.00;1,133.75;135,247.50;10,471.50;27,761.25;3,698.50;20,589.25
Apr 16, 2023;Apr 17, 2023;23,002.00;2,695.25;9,097.75;48,679.00;25,325.00;916.50;149,298.25;12,480.25;25,667.00;8,082.00;20,265.75
Apr 17, 2023;Apr 18, 2023;21,532.50;2,520.25;4,306.00;66,235.00;43,302.00;1,239.50;158,874.50;22,173.75;29,043.50;12,876.50;20,897.50
Apr 18, 2023;Apr 19, 2023;21,560.00;2,524.25;10,238.75;96,080.50;36,946.25;1,213.75;160,232.50;21,763.00;28,940.50;9,099.75;20,683.75
Apr 19, 2023;Apr 20, 2023;21,738.00;2,545.00;13,449.75;165,573.50;65,689.00;1,145.50;107,720.50;19,356.00;30,705.75;11,247.25;20,568.00
Apr 20, 2023;Apr 21, 2023;21,847.75;2,557.25;22,559.25;83,611.50;43,115.25;1,129.25;107,268.50;20,454.50;35,871.00;12,564.50;20,146.50
Apr 21, 2023;Apr 22, 2023;21,878.75;2,561.00;12,549.75;148,546.50;81,737.00;678.25;89,638.00;8,323.00;27,100.75;11,288.75;19,131.50
Apr 22, 2023;Apr 23, 2023;21,722.00;2,543.00;14,896.50;115,917.25;83,936.75;677.25;94,554.00;7,532.00;23,058.00;11,281.25;19,126.00
Apr 23, 2023;Apr 24, 2023;21,644.25;2,533.50;11,599.25;66,016.25;51,372.75;482.50;103,614.50;7,427.25;20,677.00;8,475.50;18,399.50
Apr 24, 2023;Apr 25, 2023;21,035.00;2,461.50;8,347.25;158,504.75;51,558.25;522.00;116,554.50;14,155.25;22,906.00;10,612.25;18,598.75
Apr 25, 2023;Apr 26, 2023;20,210.50;2,365.75;16,958.00;153,445.00;41,598.25;906.00;114,069.75;13,235.50;26,699.25;10,888.75;19,550.50
Apr 26, 2023;Apr 27, 2023;20,184.75;2,362.25;15,044.00;122,850.50;57,990.50;810.75;139,495.50;15,653.75;28,153.00;11,670.75;18,031.75
Apr 27, 2023;Apr 28, 2023;21,012.50;2,459.50;21,282.00;38,864.25;67,578.25;915.00;166,997.50;8,952.25;31,840.00;11,760.75;16,169.50
Apr 28, 2023;Apr 29, 2023;21,764.25;2,549.25;5,337.00;55,961.75;50,532.00;1,070.25;180,186.25;9,213.00;32,393.75;10,419.50;19,783.50
Apr 29, 2023;Apr 30, 2023;21,904.00;2,564.75;8,663.00;90,781.00;37,009.25;644.75;144,181.00;7,646.25;27,341.00;8,357.50;18,871.00
Apr 30, 2023;May 1, 2023;22,007.25;2,576.00;9,512.75;39,723.75;91,302.75;589.50;96,246.50;7,323.75;22,672.00;10,260.75;18,590.25
May 1, 2023;May 2, 2023;23,307.50;2,727.75;3,645.50;39,701.75;81,156.50;515.75;98,775.50;7,299.00;20,502.75;7,505.25;18,139.75
May 2, 2023;May 3, 2023;23,754.75;2,782.50;11,355.25;91,718.50;50,396.00;568.25;133,668.75;7,527.75;23,902.25;13,286.00;18,445.25
May 3, 2023;May 4, 2023;24,011.50;2,811.00;6,146.00;24,189.75;90,545.50;721.50;135,075.50;7,897.00;25,895.50;12,020.00;18,554.00
May 4, 2023;May 5, 2023;24,005.00;2,810.25;4,539.00;35,088.75;84,734.50;719.25;122,366.25;7,223.25;29,729.75;11,140.75;18,064.25
May 5, 2023;May 6, 2023;23,862.75;2,793.75;24,038.50;141,456.25;75,043.50;556.00;104,460.25;6,768.00;28,259.50;11,708.25;17,534.00
May 6, 2023;May 7, 2023;23,963.75;2,806.25;27,499.75;74,027.00;35,215.00;674.50;118,081.75;6,945.25;25,035.25;9,874.00;18,186.00
May 7, 2023;May 8, 2023;23,916.25;2,800.25;13,894.25;96,613.75;57,192.50;517.00;92,354.75;6,558.00;21,788.75;5,375.25;17,589.25
May 8, 2023;May 9, 2023;23,601.50;2,762.00;9,681.00;139,312.25;92,202.25;617.75;89,619.00;6,771.50;24,824.00;11,422.25;16,142.25
May 9, 2023;May 10, 2023;23,516.75;2,754.00;18,203.75;181,169.00;94,395.25;522.50;90,027.50;6,633.75;21,080.50;7,355.00;15,234.00
May 10, 2023;May 11, 2023;23,425.00;2,742.50;22,038.50;117,357.50;67,008.25;509.75;128,952.25;11,257.25;21,905.00;9,426.75;15,273.50
May 11, 2023;May 12, 2023;24,265.75;2,841.00;18,717.00;59,171.50;63,551.50;532.00;152,697.75;16,451.75;23,774.00;10,791.25;15,086.25
May 12, 2023;May 13, 2023;25,162.00;2,945.25;14,411.25;87,001.50;84,022.25;510.00;131,672.75;6,344.75;23,335.50;8,701.00;15,157.50
May 13, 2023;May 14, 2023;25,715.50;3,010.75;7,621.00;77,472.75;83,020.25;385.25;90,220.00;5,953.50;21,072.25;7,751.75;15,598.25
May 14, 2023;May 15, 2023;25,498.25;2,984.75;3,952.50;32,250.75;66,370.50;415.25;94,769.50;5,796.50;20,982.75;8,103.25;15,480.00
May 15, 2023;May 16, 2023;25,381.75;2,971.50;5,641.00;42,431.25;61,411.00;549.50;121,343.25;5,981.50;23,271.25;10,760.75;15,604.25
May 16, 2023;May 17, 2023;25,026.75;2,930.50;12,352.25;138,090.75;46,531.75;684.25;96,724.75;5,826.25;23,604.00;7,577.25;15,942.50
May 17, 2023;May 18, 2023;24,988.00;2,925.75;20,333.50;120,234.50;81,955.75;614.25;109,553.00;5,955.25;25,078.25;10,109.25;15,581.25
May 18, 2023;May 19, 2023;25,919.75;3,034.50;1,159.50;33,891.50;80,656.25;633.50;83,594.50;5,848.50;23,505.75;10,591.50;15,729.00
May 19, 2023;May 20, 2023;25,861.50;3,029.00;3,964.50;80,205.75;77,105.00;350.50;82,569.25;5,817.50;22,193.25;12,956.75;15,433.25
May 20, 2023;May 21, 2023;25,829.25;3,024.75;11,428.75;99,715.75;58,888.50;0.00;62,163.75;5,731.50;17,066.25;8,814.75;14,855.75
May 21, 2023;May 22, 2023;25,128.75;2,941.25;12,397.75;99,112.50;76,218.25;0.00;67,849.00;5,884.25;15,655.75;7,307.00;15,483.50
May 22, 2023;May 23, 2023;24,645.50;2,885.00;16,597.00;88,369.25;83,844.75;1.25;103,989.00;6,297.75;19,948.00;11,526.00;15,410.50
May 23, 2023;May 24, 2023;21,529.00;2,521.50;6,922.00;120,952.50;33,885.50;0.00;96,884.25;5,927.50;20,961.00;3,106.25;15,142.25
May 24, 2023;May 25, 2023;21,170.50;2,478.75;8,320.50;36,332.75;58,130.25;14.25;122,047.50;6,646.50;24,040.75;7,061.50;15,645.00
May 25, 2023;May 26, 2023;21,485.75;2,514.75;12,123.25;32,992.00;84,803.75;379.75;102,520.00;6,847.00;24,560.00;3,960.75;16,840.50
May 26, 2023;May 27, 2023;23,015.50;2,695.75;14,216.00;56,971.50;98,481.75;429.00;77,902.75;6,149.50;23,194.25;8,911.50;18,520.00
May 27, 2023;May 28, 2023;24,987.00;2,925.75;2,698.25;17,032.00;99,568.75;407.00;63,635.25;6,118.00;21,024.00;9,492.25;20,568.25
May 28, 2023;May 29, 2023;24,361.50;2,850.75;2,000.75;21,318.25;91,897.75;287.00;57,771.00;5,908.75;15,444.50;7,316.50;20,475.50
May 29, 2023;May 30, 2023;24,138.25;2,826.75;3,247.75;41,651.75;87,293.00;324.25;54,880.00;5,907.50;15,341.00;3,807.00;18,871.50
May 30, 2023;May 31, 2023;24,162.00;2,828.75;2,670.50;38,959.75;101,571.75;366.25;68,155.25;6,387.50;21,178.25;10,855.25;12,230.50
May 31, 2023;Jun 1, 2023;23,396.50;2,739.00;13,645.00;29,694.75;98,987.25;300.75;66,820.75;6,248.00;21,496.25;9,072.00;11,551.50
Jun 1, 2023;Jun 2, 2023;23,843.75;2,791.25;11,617.50;84,256.75;95,874.75;362.00;58,481.25;6,091.00;21,670.75;6,791.25;10,927.50
Jun 2, 2023;Jun 3, 2023;24,361.50;2,851.75;5,797.25;74,787.50;81,395.25;424.00;63,237.50;5,805.50;22,493.00;8,020.00;10,588.75
Jun 3, 2023;Jun 4, 2023;23,550.25;2,757.50;1,584.25;45,621.00;106,136.25;136.50;63,307.00;5,620.00;17,695.25;6,948.75;9,494.25
Jun 4, 2023;Jun 5, 2023;24,236.25;2,837.00;804.75;21,066.25;103,174.00;0.00;62,596.50;4,751.00;14,936.50;5,981.50;9,358.00
Jun 5, 2023;Jun 6, 2023;23,686.25;2,773.25;70.50;33,106.00;96,333.50;0.00;73,801.50;5,314.25;22,315.00;10,225.75;9,149.00
Jun 6, 2023;Jun 7, 2023;23,552.75;2,756.50;178.50;25,113.75;57,025.25;0.00;88,634.00;6,456.50;23,191.00;9,865.00;9,000.00
Jun 7, 2023;Jun 8, 2023;23,742.50;2,779.75;160.75;23,812.00;74,269.75;0.00;96,603.50;6,788.25;21,748.00;10,056.00;9,101.25
Jun 8, 2023;Jun 9, 2023;23,956.00;2,804.00;97.75;29,852.75;77,978.50;1.00;69,267.50;5,227.25;21,322.75;6,480.75;9,197.75
Jun 9, 2023;Jun 10, 2023;24,163.50;2,830.00;15,639.75;65,014.00;95,660.00;0.00;65,693.50;4,644.75;19,911.75;7,292.75;9,951.75
Jun 10, 2023;Jun 11, 2023;23,866.25;2,793.50;28,607.75;83,244.00;90,314.25;0.00;58,157.75;3,858.50;17,038.50;7,835.25;9,990.25
Jun 11, 2023;Jun 12, 2023;23,892.75;2,798.50;18,663.00;67,844.25;97,181.00;0.00;54,848.00;4,840.50;14,523.25;5,641.25;9,583.25
Jun 12, 2023;Jun 13, 2023;23,830.75;2,789.50;13,928.75;80,319.75;99,407.25;0.00;80,223.25;5,403.50;20,990.50;9,017.25;9,508.00
Jun 13, 2023;Jun 14, 2023;23,801.50;2,785.50;14,464.00;75,257.75;92,188.50;5.00;91,183.50;5,087.50;22,041.50;5,954.75;9,941.00
Jun 14, 2023;Jun 15, 2023;23,267.25;2,724.50;5,496.25;60,553.50;82,140.00;0.50;103,830.25;5,354.00;20,039.50;5,280.00;10,267.00
Jun 15, 2023;Jun 16, 2023;23,641.00;2,769.00;2,127.00;30,768.25;77,532.75;0.00;110,035.75;5,703.00;20,664.75;5,989.00;10,193.25
Jun 16, 2023;Jun 17, 2023;23,754.25;2,780.50;1,795.25;36,889.00;46,254.50;0.00;129,363.75;5,893.25;20,168.25;5,671.00;10,278.75
Jun 17, 2023;Jun 18, 2023;23,760.75;2,782.75;433.25;22,506.25;74,483.75;1.25;105,812.00;6,060.50;15,849.75;4,885.25;10,035.75
Jun 18, 2023;Jun 19, 2023;23,575.75;2,759.50;2,394.00;8,769.50;88,614.50;0.00;104,288.75;6,687.00;15,035.00;3,424.75;10,125.00
Jun 19, 2023;Jun 20, 2023;23,474.50;2,748.00;2,357.00;43,482.00;58,820.25;0.25;124,135.75;6,352.50;18,480.25;6,892.75;10,081.00
Jun 20, 2023;Jun 21, 2023;23,265.25;2,722.50;4,712.25;20,627.25;64,177.75;0.00;133,956.75;6,017.25;18,398.00;6,866.00;10,553.25
Jun 21, 2023;Jun 22, 2023;23,005.00;2,693.25;9,084.50;58,514.75;80,143.75;0.00;134,650.75;6,149.50;20,883.00;5,274.00;10,978.25
Jun 22, 2023;Jun 23, 2023;23,190.25;2,715.00;1,646.75;55,061.75;82,379.75;0.00;151,000.75;6,439.25;20,451.00;5,422.00;11,131.00
Jun 23, 2023;Jun 24, 2023;23,199.00;2,716.00;5,037.50;103,745.00;26,697.75;0.00;151,335.75;6,213.00;20,153.75;5,972.00;11,274.75
Jun 24, 2023;Jun 25, 2023;23,206.00;2,716.00;6,984.00;35,601.00;95,573.25;0.00;94,517.00;5,496.25;17,238.00;5,476.75;11,619.50
Jun 25, 2023;Jun 26, 2023;22,938.50;2,685.25;423.25;4,228.25;78,831.75;2.25;83,866.75;5,499.50;15,693.00;5,926.25;11,985.50
Jun 26, 2023;Jun 27, 2023;22,664.50;2,654.50;8,997.75;90,412.00;80,847.00;9.00;108,164.00;5,572.50;18,090.50;4,355.75;11,882.75
Jun 27, 2023;Jun 28, 2023;23,434.50;2,743.50;11,394.75;128,115.75;72,265.25;11.50;110,386.75;5,756.25;18,492.00;5,937.00;11,710.50
Jun 28, 2023;Jun 29, 2023;23,965.75;2,805.75;11,310.75;85,788.25;80,432.50;13.50;122,674.50;7,226.00;20,003.50;6,826.25;12,645.75
Jun 29, 2023;Jun 30, 2023;23,673.00;2,770.00;2,571.75;8,402.75;69,753.25;1.00;157,142.50;8,917.50;21,485.50;6,202.50;13,479.00
Jun 30, 2023;Jul 1, 2023;23,769.00;2,782.75;7,054.50;19,921.25;37,893.25;0.00;151,184.25;8,311.25;20,443.00;5,873.50;13,333.75
Jul 1, 2023;Jul 2, 2023;23,652.25;2,769.25;11,779.75;96,277.75;60,641.75;19.25;56,146.75;5,395.00;14,475.00;5,424.00;12,676.50
Jul 2, 2023;Jul 3, 2023;23,607.75;2,763.50;18,761.75;147,704.50;66,869.75;24.00;54,173.25;3,755.75;12,254.00;4,359.00;12,470.25
Jul 3, 2023;Jul 4, 2023;24,119.00;2,823.50;25,021.25;151,157.25;69,278.25;23.75;56,333.00;5,008.75;16,729.50;8,121.75;12,641.50
Jul 4, 2023;Jul 5, 2023;23,796.75;2,786.25;21,875.50;141,342.25;79,834.00;24.00;75,372.75;6,221.75;19,101.75;5,534.25;12,588.00
Jul 5, 2023;Jul 6, 2023;23,921.75;2,800.50;11,571.25;186,029.75;64,124.75;24.00;89,925.50;5,889.25;17,536.25;5,570.75;12,418.50
Jul 6, 2023;Jul 7, 2023;23,915.75;2,799.25;15,333.25;58,976.25;80,310.75;8.00;117,058.25;9,864.00;20,274.25;2,823.75;12,396.50
Jul 7, 2023;Jul 8, 2023;23,761.50;2,781.00;1,483.50;14,368.00;99,718.75;0.00;122,944.75;13,467.75;17,636.75;6,164.75;12,238.75
Jul 8, 2023;Jul 9, 2023;23,649.75;2,769.00;106.25;35,291.00;98,014.25;0.25;86,012.00;5,210.50;15,340.25;3,512.50;12,055.00
Jul 9, 2023;Jul 10, 2023;23,311.75;2,728.75;135.75;34,826.25;94,408.25;0.00;87,485.25;5,155.75;14,441.00;8,318.50;12,484.75
Jul 10, 2023;Jul 11, 2023;23,522.50;2,753.00;3,730.00;74,148.00;66,619.75;0.00;130,084.75;9,861.50;19,694.00;10,238.00;12,398.00
Jul 11, 2023;Jul 12, 2023;23,324.00;2,729.25;5,910.75;37,087.50;94,482.00;0.00;131,078.50;15,388.75;17,196.50;6,101.50;12,242.00
Jul 12, 2023;Jul 13, 2023;22,658.25;2,653.50;15,856.00;141,612.75;73,518.75;0.00;115,385.75;7,811.00;15,312.50;5,258.75;13,791.00
Jul 13, 2023;Jul 14, 2023;23,501.50;2,750.25;8,239.75;57,966.50;74,796.75;0.00;122,715.50;7,203.75;16,047.25;5,216.75;17,486.75
Jul 14, 2023;Jul 15, 2023;23,361.00;2,734.00;5,026.50;28,796.00;84,372.50;0.00;102,755.25;6,614.75;15,836.25;7,665.00;13,947.00
Jul 15, 2023;Jul 16, 2023;22,447.50;2,628.50;17,733.75;94,241.00;79,494.25;0.00;65,548.50;3,931.00;9,924.25;8,408.00;18,219.50
Jul 16, 2023;Jul 17, 2023;22,175.00;2,597.50;9,358.25;97,866.25;80,842.00;0.00;68,069.00;3,964.00;9,355.50;5,671.25;17,526.25
Jul 17, 2023;Jul 18, 2023;22,531.50;2,636.75;10,928.50;104,521.00;78,143.25;0.00;78,382.00;4,637.25;15,117.00;6,620.75;18,781.75
Jul 18, 2023;Jul 19, 2023;23,353.50;2,734.00;20,856.75;41,037.75;84,702.25;0.00;102,757.75;8,639.50;17,452.75;8,726.00;18,903.75
Jul 19, 2023;Jul 20, 2023;23,158.00;2,710.50;3,831.75;34,377.50;58,408.00;0.00;105,414.50;10,137.25;20,520.25;7,988.75;19,305.50
Jul 20, 2023;Jul 21, 2023;23,239.75;2,720.25;12,842.50;52,256.50;66,053.00;0.00;95,566.75;4,705.25;19,838.75;7,320.50;18,840.75
Jul 21, 2023;Jul 22, 2023;23,300.00;2,728.50;6,514.50;19,115.00;47,320.50;0.00;104,009.00;5,145.00;19,975.25;8,773.00;17,754.00
Jul 22, 2023;Jul 23, 2023;23,429.75;2,742.50;9,590.25;75,876.00;66,442.50;0.00;78,640.00;4,350.75;13,408.75;7,550.00;19,341.75
Jul 23, 2023;Jul 24, 2023;23,381.25;2,736.75;12,221.75;108,411.00;49,555.25;0.00;59,137.00;4,416.25;11,148.50;2,771.25;19,182.00
Jul 24, 2023;Jul 25, 2023;23,414.25;2,741.00;9,798.50;115,218.75;58,213.25;0.00;80,253.25;5,116.00;16,818.50;10,357.25;18,800.75
Jul 25, 2023;Jul 26, 2023;23,355.50;2,733.75;14,103.25;60,981.00;50,287.25;0.00;91,014.75;4,981.75;18,453.50;7,970.75;19,418.50
Jul 26, 2023;Jul 27, 2023;23,446.00;2,744.75;13,925.00;77,493.25;70,716.75;0.00;84,928.75;4,698.50;18,469.25;6,736.75;19,656.75
Jul 27, 2023;Jul 28, 2023;23,396.50;2,738.25;8,878.00;90,464.25;40,000.75;0.00;96,601.50;4,863.50;20,278.50;6,704.00;19,649.00
Jul 28, 2023;Jul 29, 2023;23,329.25;2,729.75;476.50;91,419.50;56,436.75;0.00;98,392.50;4,740.25;20,149.75;10,215.50;18,323.50
Jul 29, 2023;Jul 30, 2023;23,624.50;2,766.00;3,311.50;56,673.25;50,960.50;0.00;76,016.25;4,181.00;15,841.25;7,449.25;14,673.25
Jul 30, 2023;Jul 31, 2023;23,665.75;2,771.00;8,179.25;82,505.25;62,147.75;0.00;67,047.50;4,125.00;11,998.00;4,021.25;18,930.25
Jul 31, 2023;Aug 1, 2023;22,630.25;2,648.50;13,300.25;163,968.00;34,611.75;0.00;60,380.00;4,591.00;14,588.25;6,782.25;18,962.00
Aug 1, 2023;Aug 2, 2023;23,013.50;2,692.50;8,642.00;145,528.50;45,525.50;0.00;63,633.50;4,531.25;13,937.25;7,588.00;12,011.50
Aug 2, 2023;Aug 3, 2023;23,316.00;2,729.50;15,789.50;164,284.00;43,830.00;0.00;51,102.75;4,618.50;17,446.50;8,101.25;12,004.50
Aug 3, 2023;Aug 4, 2023;23,385.50;2,737.25;11,164.75;250,145.75;53,911.25;0.00;41,373.50;4,583.50;18,769.25;4,376.00;11,844.50
Aug 4, 2023;Aug 5, 2023;23,452.50;2,744.75;11,634.00;53,421.50;59,168.00;0.00;63,675.50;5,260.00;19,290.50;13,094.00;12,041.75
Aug 5, 2023;Aug 6, 2023;23,782.75;2,785.00;2,571.25;21,564.75;56,187.25;0.00;59,282.50;4,790.25;15,803.50;7,977.50;12,084.00
Aug 6, 2023;Aug 7, 2023;24,102.50;2,821.75;15,144.50;38,890.75;35,706.75;0.00;55,090.00;4,476.25;11,979.75;8,430.75;18,592.75
Aug 7, 2023;Aug 8, 2023;23,569.00;2,758.00;16,904.00;231,495.50;46,633.75;0.00;46,786.25;4,415.00;13,953.00;9,380.75;18,613.25
Aug 8, 2023;Aug 9, 2023;22,809.25;2,670.50;13,971.50;219,436.00;51,096.25;1.25;47,485.00;4,831.25;16,091.50;9,347.75;18,668.50
Aug 9, 2023;Aug 10, 2023;23,516.50;2,753.50;22,945.75;76,518.50;69,163.25;0.00;59,641.25;8,085.75;21,638.50;9,215.50;12,702.75
Aug 10, 2023;Aug 11, 2023;23,701.50;2,775.00;17,916.75;29,187.50;75,604.75;0.00;83,237.75;15,209.25;20,726.25;10,739.25;18,599.00
Aug 11, 2023;Aug 12, 2023;23,786.25;2,784.25;2,895.50;12,311.50;79,394.50;0.00;90,466.25;13,878.00;20,551.50;10,612.00;18,435.00
Aug 12, 2023;Aug 13, 2023;23,822.25;2,790.25;12,286.75;69,845.00;47,398.25;0.00;68,011.50;4,654.00;15,242.25;6,791.00;18,338.50
Aug 13, 2023;Aug 14, 2023;23,544.50;2,756.50;6,879.75;27,395.50;66,397.50;0.00;56,289.75;6,134.50;13,717.25;5,544.00;18,576.75
Aug 14, 2023;Aug 15, 2023;22,968.50;2,688.25;1,953.00;31,526.50;71,977.50;0.00;86,829.25;10,879.00;17,922.00;11,916.25;19,051.25
Aug 15, 2023;Aug 16, 2023;22,214.75;2,600.75;8,514.00;40,475.50;66,182.00;30.00;91,140.00;9,036.00;19,436.25;7,553.25;18,911.00
Aug 16, 2023;Aug 17, 2023;22,740.25;2,662.25;1,094.50;18,958.50;62,274.25;278.00;102,550.25;14,975.00;21,397.75;10,619.75;19,260.25
Aug 17, 2023;Aug 18, 2023;22,894.50;2,679.75;4,394.50;54,135.25;49,484.25;404.75;105,834.25;15,797.25;21,360.25;10,435.25;19,514.50
Aug 18, 2023;Aug 19, 2023;22,107.75;2,588.75;10,946.75;23,008.25;74,886.25;0.25;107,142.25;5,510.25;18,743.75;8,457.75;19,067.25
Aug 19, 2023;Aug 20, 2023;23,150.50;2,710.75;8,499.00;22,046.00;78,697.75;0.00;80,817.25;4,927.75;14,718.25;7,127.75;18,244.25
Aug 20, 2023;Aug 21, 2023;23,243.50;2,720.75;2,923.75;25,189.75;69,175.75;0.00;88,012.75;8,265.00;14,622.00;9,411.00;18,572.25
Aug 21, 2023;Aug 22, 2023;23,310.75;2,729.75;4,232.75;19,397.50;71,864.75;0.00;137,452.00;17,943.25;19,151.75;13,884.50;18,752.25
Aug 22, 2023;Aug 23, 2023;23,166.50;2,712.50;2,420.75;21,272.00;62,492.25;11.25;144,365.75;19,782.00;20,470.25;10,568.75;19,332.75
Aug 23, 2023;Aug 24, 2023;23,033.50;2,697.75;4,131.75;12,546.50;75,667.50;11.50;139,620.75;17,368.75;19,506.50;11,634.00;19,243.75
Aug 24, 2023;Aug 25, 2023;23,612.50;2,765.25;1,483.50;13,354.50;66,861.25;0.00;154,758.50;18,485.75;18,760.50;12,811.25;19,400.00
Aug 25, 2023;Aug 26, 2023;23,648.00;2,768.00;9,023.50;51,658.00;46,881.00;0.00;153,869.75;18,163.75;20,422.50;8,645.00;18,774.75
Aug 26, 2023;Aug 27, 2023;23,729.50;2,778.00;9,714.50;70,668.00;56,441.50;86.25;132,494.50;2,904.25;19,513.50;6,845.00;18,474.25
Aug 27, 2023;Aug 28, 2023;23,700.75;2,773.75;2,579.25;25,874.50;27,082.25;144.00;127,622.50;1,383.75;20,260.25;5,972.25;18,953.75
Aug 28, 2023;Aug 29, 2023;23,505.75;2,751.75;6,392.50;39,514.75;37,809.25;98.25;143,235.75;12,076.25;25,265.25;5,828.00;19,090.75
Aug 29, 2023;Aug 30, 2023;23,665.75;2,771.25;437.00;22,940.50;23,768.50;0.00;153,285.00;14,660.25;28,122.75;7,630.75;18,809.00
Aug 30, 2023;Aug 31, 2023;23,786.50;2,784.50;495.50;18,813.75;50,845.25;0.00;151,700.50;12,704.50;24,811.25;6,409.25;19,047.50
Aug 31, 2023;Sep 1, 2023;23,664.75;2,769.25;6,384.00;103,685.75;54,000.75;0.00;134,554.00;2,609.75;23,960.00;4,875.25;19,130.00
Sep 1, 2023;Sep 2, 2023;23,480.50;2,748.75;16,654.75;60,606.25;55,871.75;0.00;136,850.50;2,996.50;24,783.25;8,043.75;19,640.25
Sep 2, 2023;Sep 3, 2023;23,190.50;2,714.75;7,881.00;11,923.75;56,915.25;0.00;117,126.25;2,428.75;25,062.75;6,375.50;19,059.50
Sep 3, 2023;Sep 4, 2023;22,825.50;2,672.75;9,991.25;35,220.75;48,826.00;0.00;106,726.00;2,649.50;20,660.00;5,181.00;19,850.25
Sep 4, 2023;Sep 5, 2023;22,592.50;2,644.00;6,547.75;13,803.50;70,057.75;0.75;127,110.00;3,109.00;22,315.75;10,250.75;19,891.00
Sep 5, 2023;Sep 6, 2023;22,386.00;2,622.00;780.75;41,983.00;67,757.25;0.00;135,607.00;2,542.50;22,629.50;9,118.50;19,914.50
Sep 6, 2023;Sep 7, 2023;21,752.75;2,547.25;2,634.25;22,068.25;69,116.00;0.00;143,109.25;5,083.75;23,966.50;9,464.00;19,899.25
Sep 7, 2023;Sep 8, 2023;21,433.25;2,508.75;5,364.25;62,838.75;77,822.25;195.50;134,526.00;2,414.75;23,634.50;6,244.75;19,920.00
Sep 8, 2023;Sep 9, 2023;21,638.75;2,532.00;3,636.25;54,713.25;78,156.75;413.00;135,191.25;8,321.00;25,514.50;10,575.25;20,253.75
Sep 9, 2023;Sep 10, 2023;22,062.75;2,583.75;4,497.50;28,762.00;76,340.50;468.50;139,791.75;10,504.75;21,085.00;7,417.50;20,709.25
Sep 10, 2023;Sep 11, 2023;22,109.00;2,589.25;1,132.00;6,921.50;73,385.00;486.00;130,202.25;9,928.25;20,188.25;5,089.00;20,413.50
Sep 11, 2023;Sep 12, 2023;22,265.00;2,606.25;178.00;2,022.75;71,067.75;539.00;139,128.75;14,377.75;24,865.25;10,051.50;20,499.50
Sep 12, 2023;Sep 13, 2023;22,608.25;2,647.25;2,689.75;19,360.75;57,643.25;581.75;148,838.00;20,927.25;24,577.75;10,512.25;20,347.75
Sep 13, 2023;Sep 14, 2023;21,609.75;2,530.00;7,114.75;67,390.50;34,435.00;572.50;150,281.50;19,870.00;25,167.00;6,172.50;20,634.75
Sep 14, 2023;Sep 15, 2023;19,465.25;2,278.50;2,752.75;19,425.25;64,031.50;575.50;148,123.25;13,321.50;27,200.25;8,757.00;21,232.50
Sep 15, 2023;Sep 16, 2023;20,495.75;2,399.75;4,230.00;52,450.75;72,364.00;602.75;140,099.75;6,582.50;24,446.50;8,107.25;21,720.00
Sep 16, 2023;Sep 17, 2023;20,604.50;2,411.75;6,522.25;49,764.25;72,144.25;438.00;127,073.75;6,825.25;21,986.25;5,343.75;17,878.50
Sep 17, 2023;Sep 18, 2023;20,381.50;2,386.75;9,844.75;28,461.00;61,783.25;338.25;110,246.00;6,742.75;19,925.00;5,587.50;19,640.75
Sep 18, 2023;Sep 19, 2023;20,295.25;2,375.25;21,225.50;126,749.00;34,904.50;420.75;107,914.50;6,499.00;21,412.50;8,283.50;19,533.50
Sep 19, 2023;Sep 20, 2023;20,618.50;2,413.00;13,809.25;186,354.00;50,497.00;350.00;69,639.50;6,972.75;19,150.50;9,708.25;19,793.75
Sep 20, 2023;Sep 21, 2023;20,297.25;2,375.50;12,304.25;134,988.75;57,555.75;390.00;73,719.50;7,469.00;19,331.00;10,016.50;17,445.50
Sep 21, 2023;Sep 22, 2023;20,231.75;2,367.75;15,625.75;88,477.50;59,863.75;468.00;125,541.00;7,154.75;21,326.50;11,847.00;19,373.50
Sep 22, 2023;Sep 23, 2023;20,528.75;2,402.75;14,269.50;86,388.75;20,475.25;545.75;148,512.75;7,750.75;22,908.75;10,534.00;20,524.75
Sep 23, 2023;Sep 24, 2023;20,802.75;2,436.25;10,112.25;109,042.25;45,682.75;502.75;124,320.75;7,210.75;16,066.25;7,281.25;20,295.00
Sep 24, 2023;Sep 25, 2023;20,644.75;2,416.25;5,375.75;31,025.50;48,848.75;407.00;83,900.75;6,366.75;13,703.50;6,795.25;20,509.25
Sep 25, 2023;Sep 26, 2023;21,272.25;2,490.75;9,481.25;57,072.75;63,650.75;590.50;112,657.25;6,948.50;18,514.75;11,810.50;20,606.75
Sep 26, 2023;Sep 27, 2023;24,731.75;2,894.25;1,734.75;12,438.25;61,187.75;617.25;161,120.50;10,115.00;26,698.50;10,642.25;21,171.75
Sep 27, 2023;Sep 28, 2023;24,523.25;2,871.00;1,548.75;19,961.50;59,070.75;592.00;156,913.25;11,191.25;26,771.00;10,291.00;20,203.75
Sep 28, 2023;Sep 29, 2023;24,462.75;2,863.25;5,222.00;39,747.75;55,642.00;508.50;150,720.75;9,033.50;25,091.00;9,565.50;18,532.75
Sep 29, 2023;Sep 30, 2023;24,137.25;2,825.50;5,733.75;78,598.75;27,856.25;511.75;156,155.50;8,512.50;22,392.50;9,353.75;20,738.50
Sep 30, 2023;Oct 1, 2023;24,437.75;2,860.25;23,366.50;90,979.25;51,601.50;448.25;122,071.25;2,708.75;19,765.50;8,508.25;20,210.75
Oct 1, 2023;Oct 2, 2023;24,511.00;2,869.00;8,185.75;43,965.00;35,384.75;486.25;109,081.50;2,625.50;20,909.00;6,791.25;20,848.00
Oct 2, 2023;Oct 3, 2023;24,554.75;2,876.50;7,020.25;46,187.00;47,747.50;541.50;156,287.75;3,167.25;24,817.75;12,391.25;20,837.75
Oct 3, 2023;Oct 4, 2023;24,424.50;2,859.00;12,018.25;209,722.00;27,407.25;320.50;47,094.25;2,314.00;18,673.75;5,199.50;19,503.75
Oct 4, 2023;Oct 5, 2023;24,409.75;2,856.75;18,047.75;203,722.25;37,604.75;579.00;71,503.50;5,415.75;22,705.50;13,057.00;19,926.25
Oct 5, 2023;Oct 6, 2023;24,760.00;2,898.25;14,081.00;176,857.00;32,948.50;630.00;112,089.25;10,977.50;26,421.75;14,632.25;21,064.00
Oct 6, 2023;Oct 7, 2023;22,805.25;2,670.50;13,765.50;174,173.50;33,298.00;642.75;88,531.00;9,359.00;25,133.75;10,911.25;21,007.25
Oct 7, 2023;Oct 8, 2023;20,578.75;2,410.25;12,534.25;240,468.00;14,816.25;389.75;52,558.50;6,470.75;19,749.50;8,963.75;20,375.50
Oct 8, 2023;Oct 9, 2023;20,542.00;2,404.00;6,234.50;38,139.50;39,561.25;777.25;96,618.75;9,144.75;23,394.75;8,356.75;21,821.50
Oct 9, 2023;Oct 10, 2023;20,796.75;2,433.75;973.00;45,676.00;10,828.50;819.25;145,100.00;13,186.50;26,511.25;13,806.50;21,873.75
Oct 10, 2023;Oct 11, 2023;20,546.25;2,406.25;7,104.00;51,836.00;26,804.25;752.50;148,124.50;14,101.25;26,382.75;8,348.00;21,641.50
Oct 11, 2023;Oct 12, 2023;19,942.50;2,334.75;15,981.25;225,554.50;39,241.25;264.00;73,217.75;10,531.00;19,138.25;8,762.50;19,876.25
Oct 12, 2023;Oct 13, 2023;20,295.50;2,376.00;24,741.75;105,965.75;17,472.00;685.00;110,696.50;14,038.75;26,996.50;16,450.75;21,074.25
Oct 13, 2023;Oct 14, 2023;18,599.25;2,177.50;9,495.50;194,075.25;18,940.00;507.75;78,263.25;10,944.00;22,490.50;8,422.75;20,736.25
Oct 14, 2023;Oct 15, 2023;16,603.25;1,943.25;12,274.00;234,926.00;34,779.25;283.00;45,398.00;8,057.75;18,379.50;13,724.75;20,506.50
Oct 15, 2023;Oct 16, 2023;16,222.75;1,899.00;16,271.25;226,850.00;33,625.50;273.50;57,276.50;10,316.25;20,214.75;5,587.00;20,594.25
Oct 16, 2023;Oct 17, 2023;14,892.25;1,742.50;15,879.00;86,952.25;31,501.75;493.00;141,864.25;24,903.25;30,792.50;11,304.00;20,761.50
Oct 17, 2023;Oct 18, 2023;14,991.50;1,755.00;10,999.50;10,013.50;32,845.50;852.75;163,995.50;25,827.00;37,736.75;10,217.25;21,901.25
Oct 18, 2023;Oct 19, 2023;15,058.00;1,762.00;10,425.50;66,232.75;41,698.50;831.25;147,312.00;11,712.25;37,938.00;6,673.50;20,599.75
Oct 19, 2023;Oct 20, 2023;15,051.50;1,763.25;21,353.50;136,539.75;10,321.25;615.00;125,335.75;12,193.25;35,402.50;13,218.50;19,678.75
Oct 20, 2023;Oct 21, 2023;15,239.75;1,783.25;10,511.25;221,095.25;4,693.25;689.00;83,838.50;12,070.50;33,842.25;10,034.50;19,704.75
Oct 21, 2023;Oct 22, 2023;15,261.75;1,785.25;11,581.50;98,237.25;29,284.00;459.75;52,281.75;9,439.75;24,074.75;9,409.00;19,484.25
Oct 22, 2023;Oct 23, 2023;16,046.25;1,877.25;7,628.00;94,394.00;29,906.25;623.50;72,571.50;9,738.00;29,203.75;5,659.75;20,322.00
Oct 23, 2023;Oct 24, 2023;18,358.25;2,148.25;8,068.00;39,284.50;37,077.50;908.50;155,234.75;22,317.75;41,694.00;14,337.00;20,475.75
Oct 24, 2023;Oct 25, 2023;20,929.50;2,451.25;19,136.50;67,876.50;9,355.25;936.75;162,409.50;23,073.75;44,063.25;8,102.00;20,934.00
Oct 25, 2023;Oct 26, 2023;20,964.00;2,453.25;17,058.50;40,616.75;29,672.50;902.00;146,301.75;22,574.75;39,216.25;8,887.75;20,727.00
Oct 26, 2023;Oct 27, 2023;21,239.00;2,486.00;25,102.75;55,240.00;10,232.75;947.00;149,508.25;23,583.50;39,409.75;8,252.25;20,503.00
Oct 27, 2023;Oct 28, 2023;21,435.00;2,508.75;16,528.75;22,840.00;7,380.00;976.50;168,284.00;21,367.25;43,348.00;10,209.25;21,720.25
Oct 28, 2023;Oct 29, 2023;21,788.00;2,551.25;12,658.25;69,111.25;13,578.50;751.75;96,823.00;8,331.00;34,265.25;8,351.50;21,089.00
Oct 29, 2023;Oct 30, 2023;22,495.25;2,632.00;23,110.25;219,139.25;12,427.75;300.75;55,912.75;5,997.75;22,742.25;7,355.75;21,366.50
Oct 30, 2023;Oct 31, 2023;21,298.00;2,493.25;17,966.50;124,324.50;21,327.25;760.75;113,708.50;15,848.00;35,228.00;13,500.25;21,398.75
Oct 31, 2023;Nov 1, 2023;21,449.75;2,510.50;14,019.00;185,747.00;13,110.00;739.00;134,049.00;6,919.00;31,743.00;12,004.50;21,577.75
Nov 1, 2023;Nov 2, 2023;21,374.50;2,502.00;14,330.00;102,702.50;18,639.25;637.50;74,222.75;3,351.00;32,446.75;3,959.50;21,314.00
Nov 2, 2023;Nov 3, 2023;20,969.25;2,455.50;22,132.25;205,032.25;11,903.00;297.00;59,396.00;2,391.00;28,174.50;8,303.25;20,408.75
Nov 3, 2023;Nov 4, 2023;19,189.75;2,247.50;7,902.00;103,027.25;18,450.50;689.25;74,834.00;3,074.00;38,128.75;14,671.25;20,148.00
Nov 4, 2023;Nov 5, 2023;17,326.00;2,028.50;20,305.50;199,034.25;31,241.50;235.50;49,042.50;4,114.75;20,377.50;6,956.00;18,814.75
Nov 5, 2023;Nov 6, 2023;17,279.50;2,023.00;13,688.25;213,835.75;13,594.50;326.50;62,335.75;5,219.75;19,798.00;9,454.00;18,909.00
Nov 6, 2023;Nov 7, 2023;17,364.00;2,034.25;23,478.75;272,222.75;19,270.00;622.25;78,412.75;6,934.25;34,438.75;11,987.25;19,553.50
Nov 7, 2023;Nov 8, 2023;17,644.75;2,066.50;26,378.50;181,421.25;19,823.50;798.00;119,973.75;7,532.00;42,635.75;12,875.75;19,889.50
Nov 8, 2023;Nov 9, 2023;17,486.25;2,047.50;26,660.25;203,424.00;15,300.25;871.75;124,476.50;7,100.00;45,189.00;8,815.00;19,181.75
Nov 9, 2023;Nov 10, 2023;18,931.50;2,216.75;24,816.00;201,812.25;11,234.00;848.50;134,225.50;7,925.25;44,728.50;9,498.25;19,384.75
Nov 10, 2023;Nov 11, 2023;21,181.25;2,478.50;14,634.50;133,574.50;15,789.00;1,009.25;155,236.00;7,637.75;43,930.00;13,135.00;20,412.25
Nov 11, 2023;Nov 12, 2023;21,143.25;2,475.50;1,310.75;64,492.00;12,281.75;1,370.50;163,522.50;5,903.25;49,692.75;7,074.75;21,181.25
Nov 12, 2023;Nov 13, 2023;21,183.75;2,481.25;167.75;49,011.00;14,955.00;1,302.50;171,609.50;7,356.50;48,036.50;7,554.00;21,113.50
Nov 13, 2023;Nov 14, 2023;21,233.00;2,486.00;5,483.75;115,307.50;16,680.00;1,234.00;146,734.50;7,990.25;49,998.25;10,189.75;21,008.25
Nov 14, 2023;Nov 15, 2023;20,778.50;2,432.50;9,880.00;288,873.75;11,739.75;744.75;89,909.50;6,863.75;41,891.25;7,844.25;19,868.50
Nov 15, 2023;Nov 16, 2023;20,560.25;2,407.75;13,181.00;127,123.00;10,844.25;1,213.25;154,696.25;9,980.25;50,396.50;8,930.50;20,811.00
Nov 16, 2023;Nov 17, 2023;20,559.00;2,407.00;17,468.00;163,080.50;12,360.00;1,478.75;170,610.50;18,934.25;57,096.00;9,530.00;22,218.25
Nov 17, 2023;Nov 18, 2023;20,793.75;2,434.25;13,279.00;133,194.50;8,347.75;1,763.50;197,682.50;20,632.50;59,293.25;12,375.25;22,397.00
Nov 18, 2023;Nov 19, 2023;20,809.50;2,437.00;5,132.75;59,348.75;15,667.50;1,572.00;153,186.75;6,358.00;51,632.75;2,423.25;22,282.25
Nov 19, 2023;Nov 20, 2023;20,623.25;2,413.75;20,347.25;213,269.50;12,445.75;980.25;74,150.75;5,193.75;36,538.75;8,472.50;20,936.25
Nov 20, 2023;Nov 21, 2023;20,553.00;2,406.50;9,428.00;130,443.75;6,493.00;1,535.75;162,256.75;20,501.00;53,358.25;9,110.75;21,934.25
Nov 21, 2023;Nov 22, 2023;20,562.00;2,407.00;21,678.00;71,904.25;5,472.25;1,708.25;180,932.50;25,959.00;57,677.50;12,211.25;22,530.75
Nov 22, 2023;Nov 23, 2023;20,351.00;2,380.75;13,680.00;69,774.25;18,682.50;1,637.00;170,773.50;19,104.75;59,859.25;7,531.25;21,021.50
Nov 23, 2023;Nov 24, 2023;19,281.75;2,258.00;6,482.25;342,810.50;4,576.50;776.50;74,621.75;10,352.75;40,386.50;8,733.00;19,345.50
Nov 24, 2023;Nov 25, 2023;16,544.00;1,937.00;20,736.50;289,906.25;12,390.00;1,411.25;71,487.75;12,432.00;51,682.25;9,095.25;20,899.25
Nov 25, 2023;Nov 26, 2023;16,512.50;1,933.25;15,636.25;144,821.50;7,480.25;1,360.75;141,732.00;19,666.50;52,425.00;5,643.25;21,949.00
Nov 26, 2023;Nov 27, 2023;16,862.75;1,974.50;10,258.25;52,977.50;12,653.75;1,673.50;185,645.50;22,182.75;62,405.25;4,927.00;22,712.25
Nov 27, 2023;Nov 28, 2023;16,819.25;1,968.50;8,693.50;50,562.25;6,523.25;1,768.00;197,469.50;22,773.50;70,278.00;9,234.50;22,620.50
Nov 28, 2023;Nov 29, 2023;16,779.75;1,965.75;16,491.00;77,372.00;3,474.75;1,723.25;183,404.00;24,071.25;70,290.50;12,307.50;23,426.75
Nov 29, 2023;Nov 30, 2023;16,940.25;1,983.50;4,852.00;158,076.50;1,427.00;1,801.75;202,207.50;24,638.25;71,504.50;9,642.25;23,549.00
Nov 30, 2023;Dec 1, 2023;17,000.00;1,991.00;2,702.25;24,690.75;2,519.25;1,796.50;212,613.25;26,094.00;83,232.25;14,484.75;25,600.00
Dec 1, 2023;Dec 2, 2023;16,992.00;1,989.25;1,672.75;10,353.00;1,636.50;1,866.50;214,318.00;25,861.00;80,927.00;11,991.00;25,152.25
Dec 2, 2023;Dec 3, 2023;17,114.50;2,004.50;4,620.00;19,049.75;1,140.00;1,848.25;197,624.00;26,554.50;72,997.00;8,001.50;23,969.25
Dec 3, 2023;Dec 4, 2023;17,179.25;2,012.25;8,519.75;45,040.25;1,182.75;1,848.75;192,424.75;26,210.00;68,927.25;4,374.00;24,089.75
Dec 4, 2023;Dec 5, 2023;17,058.00;1,996.50;10,103.50;100,823.75;1,340.00;1,859.25;207,478.75;26,103.50;74,904.50;9,994.25;23,904.00
Dec 5, 2023;Dec 6, 2023;17,256.50;2,019.75;29,773.00;129,448.50;1,390.50;1,387.50;200,559.50;24,891.00;66,705.25;10,536.75;22,862.75
Dec 6, 2023;Dec 7, 2023;17,164.25;2,009.00;21,270.25;46,458.25;1,404.25;1,852.00;205,839.75;27,211.25;80,188.00;15,002.75;24,484.50
Dec 7, 2023;Dec 8, 2023;17,167.50;2,009.75;746.50;18,361.25;2,327.25;1,830.00;206,346.75;28,600.75;82,134.25;11,294.00;25,075.00
Dec 8, 2023;Dec 9, 2023;17,127.75;2,005.50;15,943.00;89,427.25;3,097.75;1,693.25;202,884.25;25,964.50;72,014.25;11,537.50;23,450.00
Dec 9, 2023;Dec 10, 2023;16,933.25;1,984.00;10,627.00;117,577.50;7,749.75;1,674.50;134,702.00;16,738.00;60,627.00;2,177.00;22,739.25
Dec 10, 2023;Dec 11, 2023;16,976.75;1,988.00;15,600.50;220,332.00;4,380.00;702.00;92,910.00;14,842.00;38,345.75;6,992.75;20,545.50
Dec 11, 2023;Dec 12, 2023;16,590.75;1,941.50;4,598.25;217,307.75;6,322.50;1,530.00;170,910.50;21,599.25;54,533.50;9,463.75;22,449.25
Dec 12, 2023;Dec 13, 2023;15,474.25;1,811.25;8,482.00;56,320.50;8,000.25;1,535.25;187,786.25;27,983.50;63,190.25;14,938.00;22,607.75
Dec 13, 2023;Dec 14, 2023;16,527.50;1,935.25;28,499.00;71,769.25;5,609.25;1,781.75;182,159.75;23,522.25;70,605.00;7,031.00;23,985.25
Dec 14, 2023;Dec 15, 2023;16,829.00;1,970.75;11,290.75;34,261.25;2,350.25;1,799.00;198,710.50;27,167.25;76,041.50;13,732.75;23,243.50
Dec 15, 2023;Dec 16, 2023;16,995.00;1,991.00;18,866.00;85,390.00;4,566.50;1,796.25;192,700.75;26,383.25;65,660.50;8,746.50;23,891.50
Dec 16, 2023;Dec 17, 2023;17,202.50;2,013.75;29,620.75;197,245.00;9,554.75;751.00;89,731.00;14,714.50;43,391.75;7,808.00;21,916.00
Dec 17, 2023;Dec 18, 2023;17,384.00;2,035.25;27,970.50;228,720.75;11,396.50;589.50;81,710.75;11,759.25;38,548.00;6,515.50;21,181.00
Dec 18, 2023;Dec 19, 2023;17,343.00;2,029.50;30,717.00;206,184.50;12,821.75;859.50;86,795.25;10,956.25;50,914.75;9,450.25;21,964.00
Dec 19, 2023;Dec 20, 2023;17,545.25;2,053.00;27,052.25;212,446.50;3,566.75;1,407.75;121,800.50;11,386.50;58,234.75;10,291.75;22,148.75
Dec 20, 2023;Dec 21, 2023;17,418.25;2,038.75;27,135.75;265,225.00;7,772.25;778.00;70,695.50;10,570.00;42,817.25;8,417.00;21,676.75
Dec 21, 2023;Dec 22, 2023;17,379.50;2,034.50;23,365.50;349,813.75;2,441.25;477.50;60,187.25;8,678.75;31,115.25;10,540.50;20,158.75
Dec 22, 2023;Dec 23, 2023;16,904.25;1,978.50;22,263.25;342,787.00;9,453.75;459.25;59,906.75;8,201.75;29,897.00;13,942.25;19,822.00
Dec 23, 2023;Dec 24, 2023;17,368.75;2,035.25;25,924.75;218,402.50;2,646.00;655.25;60,167.25;9,765.25;33,554.50;16,931.25;20,524.25
Dec 24, 2023;Dec 25, 2023;16,973.75;1,987.75;9,140.00;265,835.50;3,567.00;471.00;50,792.00;9,773.75;24,850.50;10,354.25;20,194.75
Dec 25, 2023;Dec 26, 2023;16,971.25;1,987.00;17,272.50;250,836.50;7,038.00;465.75;52,128.00;11,500.50;24,636.50;13,046.50;20,312.25
Dec 26, 2023;Dec 27, 2023;16,910.25;1,979.50;16,683.25;286,855.00;8,222.00;462.75;52,800.00;12,027.50;27,036.50;8,178.25;19,875.00
Dec 27, 2023;Dec 28, 2023;16,959.75;1,985.25;16,562.00;129,307.00;14,078.25;1,331.25;58,224.75;12,981.25;49,920.75;15,871.25;22,088.25
Dec 28, 2023;Dec 29, 2023;17,789.00;2,083.25;24,933.25;281,125.00;11,725.00;456.25;50,728.25;10,725.25;28,863.50;14,276.75;20,218.25
Dec 29, 2023;Dec 30, 2023;18,725.00;2,192.75;23,731.00;309,577.25;8,609.25;459.00;48,429.00;10,735.25;28,020.75;9,859.50;20,293.75
Dec 30, 2023;Dec 31, 2023;19,171.75;2,243.25;26,696.75;210,811.25;9,350.00;870.25;51,454.75;12,346.00;34,099.00;18,908.50;21,177.75
Dec 31, 2023;Jan 1, 2024;20,865.25;2,441.25;18,088.75;165,003.25;7,647.00;538.50;51,425.00;11,618.00;26,738.25;10,294.50;20,572.00
Jan 1, 2024;Jan 2, 2024;20,799.75;2,434.75;4,976.50;182,949.25;8,052.00;516.00;57,052.25;11,822.50;28,156.50;8,074.75;20,632.25
Jan 2, 2024;Jan 3, 2024;21,361.50;2,501.50;15,253.25;170,007.25;3,151.75;1,281.75;61,066.25;14,053.00;48,210.00;16,314.50;22,166.75
Jan 3, 2024;Jan 4, 2024;20,986.75;2,455.50;26,865.00;274,326.50;8,174.00;1,166.50;60,588.25;13,552.75;46,975.75;11,142.75;22,078.25
Jan 4, 2024;Jan 5, 2024;20,978.00;2,456.00;21,975.00;191,437.25;4,366.75;1,250.00;130,663.25;14,872.75;57,980.50;12,016.25;21,043.50
Jan 5, 2024;Jan 6, 2024;21,040.75;2,463.25;11,760.25;86,594.25;5,802.50;1,817.25;183,293.00;15,555.50;72,217.00;9,020.75;21,936.75
Jan 6, 2024;Jan 7, 2024;21,169.50;2,478.00;26,513.75;85,392.00;3,646.50;1,840.25;182,148.25;20,518.75;73,879.50;8,451.75;21,449.50
Jan 7, 2024;Jan 8, 2024;21,206.00;2,483.25;23,896.25;97,528.75;6,263.75;1,852.50;173,688.00;24,510.25;73,582.75;5,453.50;21,418.50
Jan 8, 2024;Jan 9, 2024;21,223.00;2,484.50;15,023.00;96,907.25;14,895.50;1,782.00;163,384.75;27,037.75;81,422.00;9,759.50;21,401.75
Jan 9, 2024;Jan 10, 2024;21,163.00;2,477.25;3,016.75;28,642.75;19,776.75;1,779.75;178,455.75;25,425.00;88,093.50;12,547.50;24,355.25
Jan 10, 2024;Jan 11, 2024;21,998.00;2,575.25;6,994.75;16,795.75;18,635.75;1,835.25;190,007.00;24,122.00;91,598.25;13,940.25;25,074.50
Jan 11, 2024;Jan 12, 2024;22,415.75;2,624.50;16,144.00;32,724.25;12,219.00;1,860.75;197,272.75;24,699.75;91,002.50;10,235.00;24,262.25
Jan 12, 2024;Jan 13, 2024;22,537.75;2,638.25;11,811.50;36,354.00;3,272.75;1,538.75;187,246.50;26,130.00;86,971.75;9,548.25;23,695.50
Jan 13, 2024;Jan 14, 2024;22,501.25;2,634.00;23,381.25;201,792.50;3,997.75;711.25;119,247.25;15,507.25;64,359.75;3,876.75;20,791.00
Jan 14, 2024;Jan 15, 2024;22,085.75;2,587.25;20,999.00;229,984.50;6,669.50;587.75;115,147.00;15,260.00;58,121.25;6,694.00;20,286.25
Jan 15, 2024;Jan 16, 2024;21,495.25;2,515.25;20,490.00;257,186.50;8,181.00;1,053.25;161,378.50;19,533.75;69,647.50;7,580.75;16,465.25
Jan 16, 2024;Jan 17, 2024;21,904.50;2,564.25;4,836.50;112,223.00;6,584.00;1,404.25;203,397.00;24,078.75;79,299.50;11,780.50;20,591.25
Jan 17, 2024;Jan 18, 2024;22,212.25;2,601.50;21,690.75;85,765.50;5,350.25;1,510.00;186,921.00;23,408.75;79,623.00;12,682.25;21,887.00
Jan 18, 2024;Jan 19, 2024;21,869.75;2,561.25;14,887.00;56,790.25;4,206.75;1,856.25;202,166.50;23,869.75;88,873.00;10,551.50;24,145.25
Jan 19, 2024;Jan 20, 2024;22,219.25;2,601.25;27,547.75;247,479.00;7,940.75;766.25;130,354.75;21,357.50;69,562.75;10,241.25;17,309.00
Jan 20, 2024;Jan 21, 2024;22,252.50;2,605.25;21,773.25;242,654.25;10,866.00;790.25;106,100.00;13,080.75;65,992.00;7,402.50;14,021.75
Jan 21, 2024;Jan 22, 2024;22,086.75;2,585.75;25,085.50;231,191.25;7,373.25;861.25;59,543.00;12,744.00;56,315.00;5,241.75;14,120.00
Jan 22, 2024;Jan 23, 2024;21,747.50;2,546.00;27,381.50;326,200.50;5,951.00;809.25;51,528.50;12,812.75;56,200.00;9,089.25;13,178.25
Jan 23, 2024;Jan 24, 2024;21,625.75;2,531.75;22,370.75;288,772.00;12,777.00;881.75;54,572.25;12,868.50;59,569.25;14,961.75;18,998.75
Jan 24, 2024;Jan 25, 2024;21,482.50;2,514.00;20,593.25;360,661.50;12,794.50;1,041.00;63,079.75;12,989.75;54,037.25;10,249.00;19,017.25
Jan 25, 2024;Jan 26, 2024;21,703.25;2,540.75;14,574.75;256,229.50;14,796.00;1,312.75;80,491.25;13,417.25;65,256.75;15,063.75;20,086.00
Jan 26, 2024;Jan 27, 2024;21,836.75;2,555.25;16,343.50;219,963.25;6,325.25;1,079.75;68,456.75;12,383.25;58,339.00;6,538.75;21,076.00
Jan 27, 2024;Jan 28, 2024;21,858.75;2,558.50;21,711.50;201,899.50;24,062.25;1,210.25;75,757.00;11,142.75;62,137.00;13,554.25;21,843.00
Jan 28, 2024;Jan 29, 2024;22,615.75;2,647.50;15,477.25;91,010.75;36,590.75;1,071.50;69,563.50;12,574.25;60,870.25;3,337.75;21,524.00
Jan 29, 2024;Jan 30, 2024;22,426.50;2,624.75;18,734.75;144,070.75;32,130.50;1,361.75;125,257.75;23,876.75;67,925.50;12,133.50;22,217.00
Jan 30, 2024;Jan 31, 2024;22,557.25;2,641.75;10,136.00;117,112.75;20,906.00;1,253.50;121,774.00;16,342.25;65,876.25;8,170.75;22,330.00
Jan 31, 2024;Feb 1, 2024;21,856.75;2,558.50;29,077.75;174,092.75;12,178.75;1,182.00;115,088.50;16,097.75;67,910.25;8,931.00;21,649.75
Feb 1, 2024;Feb 2, 2024;22,349.25;2,617.75;26,544.00;266,047.00;26,253.50;1,357.50;93,461.25;16,881.50;64,217.75;15,157.25;22,016.75
Feb 2, 2024;Feb 3, 2024;22,780.75;2,667.75;26,705.50;246,712.00;9,431.25;1,148.50;74,846.75;14,428.00;55,696.50;8,079.25;22,003.25
Feb 3, 2024;Feb 4, 2024;22,635.25;2,650.00;29,110.75;304,421.00;8,597.25;908.50;56,768.00;12,862.25;39,416.50;13,601.75;21,132.00
Feb 4, 2024;Feb 5, 2024;22,623.25;2,648.75;28,600.50;289,313.25;7,517.25;872.75;54,229.00;11,467.00;33,829.00;6,855.75;21,075.50
Feb 5, 2024;Feb 6, 2024;21,870.50;2,560.25;17,792.00;339,508.00;12,706.75;946.25;57,225.00;12,780.00;44,799.25;13,689.50;21,137.50
Feb 6, 2024;Feb 7, 2024;21,508.50;2,517.75;25,442.25;365,961.50;6,968.25;949.25;57,657.75;12,628.75;40,857.50;10,933.25;21,161.50
Feb 7, 2024;Feb 8, 2024;21,673.25;2,537.25;19,776.75;183,013.75;12,845.50;1,037.75;127,697.00;19,839.00;60,434.00;12,009.25;21,327.00
Feb 8, 2024;Feb 9, 2024;20,543.25;2,404.25;11,525.00;27,382.75;13,435.50;1,705.25;156,713.00;26,465.50;80,805.00;10,712.50;23,699.25
Feb 9, 2024;Feb 10, 2024;21,626.50;2,531.38;26,396.00;132,041.75;9,167.00;1,559.50;126,969.50;17,162.25;65,885.25;8,664.88;22,943.38
Feb 10, 2024;Feb 11, 2024;22,262.75;2,606.25;28,627.50;54,967.50;24,429.50;1,134.00;130,420.00;17,674.25;56,093.25;7,302.00;21,976.75
Feb 11, 2024;Feb 12, 2024;21,948.25;2,569.50;29,665.50;74,830.00;4,622.75;1,338.50;103,773.25;15,557.25;55,546.75;6,757.25;22,315.50
Feb 12, 2024;Feb 13, 2024;23,783.25;2,785.00;11,362.25;114,648.00;14,953.25;1,587.25;149,864.75;18,305.75;69,368.50;14,333.75;22,801.50
Feb 13, 2024;Feb 14, 2024;25,480.00;2,982.75;20,945.50;115,811.00;34,255.75;1,584.50;142,553.75;17,605.75;66,926.50;8,813.25;22,845.50
Feb 14, 2024;Feb 15, 2024;22,262.25;2,605.75;7,805.00;133,936.25;12,338.50;1,483.75;150,717.25;17,456.25;67,290.75;9,564.25;22,559.00
Feb 15, 2024;Feb 16, 2024;22,099.25;2,586.25;8,212.00;81,863.00;14,492.75;1,007.25;147,441.75;18,654.25;60,372.25;11,981.50;21,134.75
Feb 16, 2024;Feb 17, 2024;22,123.00;2,589.25;24,450.25;145,371.75;24,626.75;831.00;133,314.00;16,129.75;49,778.00;10,141.50;20,332.00
Feb 17, 2024;Feb 18, 2024;22,266.50;2,609.00;20,467.25;124,914.50;19,260.75;439.50;124,711.75;16,413.75;46,790.75;11,552.25;19,317.25
Feb 18, 2024;Feb 19, 2024;22,440.25;2,626.50;14,026.00;95,036.25;25,214.25;121.50;86,599.25;14,354.50;40,242.50;5,024.75;18,670.75
Feb 19, 2024;Feb 20, 2024;23,026.75;2,696.00;16,172.75;214,046.25;14,626.50;123.50;118,155.75;16,575.25;53,974.25;12,788.50;18,727.25
Feb 20, 2024;Feb 21, 2024;26,052.75;3,050.00;22,326.50;153,665.75;20,683.50;120.00;118,480.75;16,466.50;55,870.00;11,958.50;18,730.75
Feb 21, 2024;Feb 22, 2024;26,662.25;3,119.50;24,554.75;169,052.75;25,584.50;326.25;87,126.50;15,188.00;52,193.00;9,247.00;18,951.25
Feb 22, 2024;Feb 23, 2024;26,003.50;3,044.00;20,114.25;202,216.25;14,013.25;504.00;73,604.75;15,139.75;54,158.00;9,885.75;20,970.75
Feb 23, 2024;Feb 24, 2024;26,450.00;3,095.50;20,135.00;208,020.00;33,189.75;129.75;69,957.25;15,379.00;51,949.25;17,160.25;20,941.25
Feb 24, 2024;Feb 25, 2024;26,092.75;3,054.75;8,057.75;100,681.25;45,545.25;0.00;88,768.25;16,293.75;57,696.00;7,994.50;21,394.00
Feb 25, 2024;Feb 26, 2024;26,042.75;3,048.25;11,923.50;87,066.75;44,645.75;0.00;96,972.00;16,417.50;55,195.25;6,812.50;21,288.50
Feb 26, 2024;Feb 27, 2024;25,857.25;3,027.00;1,045.25;59,287.00;35,344.00;0.00;129,926.25;17,482.25;62,101.00;8,143.75;20,367.75
Feb 27, 2024;Feb 28, 2024;26,190.75;3,067.25;2,991.75;48,495.25;13,239.25;0.00;177,840.75;18,500.25;69,629.75;14,499.25;22,680.50
Feb 28, 2024;Feb 29, 2024;26,374.00;3,087.25;2,858.50;11,937.25;31,909.50;0.00;176,888.50;16,979.75;73,786.75;10,056.25;23,342.00
Feb 29, 2024;Mar 1, 2024;26,099.00;3,055.00;23,345.25;102,865.25;58,762.25;0.00;125,504.50;13,897.00;59,055.75;10,010.50;21,160.50
Mar 1, 2024;Mar 2, 2024;26,219.75;3,070.25;12,319.50;47,290.75;33,336.00;0.00;141,414.75;15,524.50;65,364.75;7,474.75;22,401.75
Mar 2, 2024;Mar 3, 2024;25,939.75;3,036.00;11,693.50;46,024.50;33,730.50;0.00;113,618.75;15,153.25;51,252.00;7,614.00;20,653.50
Mar 3, 2024;Mar 4, 2024;25,935.25;3,036.50;12,408.25;78,273.75;45,611.75;0.00;126,541.00;14,438.50;47,519.75;3,250.00;16,887.50
Mar 4, 2024;Mar 5, 2024;25,767.25;3,016.50;23,299.00;44,799.00;42,234.25;0.00;188,186.25;18,466.25;58,110.00;8,245.00;21,398.50
Mar 5, 2024;Mar 6, 2024;25,759.75;3,017.00;25,435.00;48,847.00;24,877.25;0.00;195,342.00;24,504.75;64,252.50;5,887.00;21,659.50
Mar 6, 2024;Mar 7, 2024;25,596.50;2,998.25;9,104.75;23,514.75;47,386.25;0.00;204,876.50;24,205.50;69,685.75;9,598.75;21,543.50
Mar 7, 2024;Mar 8, 2024;26,020.25;3,045.00;8,761.00;67,315.25;53,461.50;0.00;179,849.25;23,407.75;70,552.50;7,247.75;22,269.50
Mar 8, 2024;Mar 9, 2024;25,973.50;3,040.25;5,001.75;112,200.75;71,530.75;0.00;105,949.25;13,098.25;59,035.75;7,795.25;22,100.50
Mar 9, 2024;Mar 10, 2024;25,267.75;2,957.50;27,314.00;139,101.25;53,678.75;0.00;64,833.00;11,709.50;42,797.75;7,543.50;20,663.50
Mar 10, 2024;Mar 11, 2024;25,450.00;2,981.00;29,907.00;176,029.75;48,662.25;0.00;60,327.75;10,191.25;36,870.75;2,669.75;19,983.50
Mar 11, 2024;Mar 12, 2024;23,651.00;2,768.75;24,215.25;85,221.25;37,415.75;0.00;111,100.75;12,379.25;51,876.25;9,116.50;20,335.75
Mar 12, 2024;Mar 13, 2024;23,646.25;2,769.25;958.75;24,219.00;37,693.25;0.00;175,261.00;13,559.75;54,465.00;8,809.25;20,279.00
Mar 13, 2024;Mar 14, 2024;24,032.25;2,813.50;4,326.25;32,608.25;56,425.25;0.00;156,490.00;13,037.25;56,525.00;7,108.25;19,989.25
Mar 14, 2024;Mar 15, 2024;24,561.75;2,875.00;17,354.25;58,636.75;31,125.25;0.00;105,999.00;7,202.50;53,876.75;7,688.75;19,981.25
Mar 15, 2024;Mar 16, 2024;26,139.75;3,058.00;18,120.25;122,745.25;52,121.00;0.00;78,868.75;5,963.00;45,980.50;7,151.75;19,532.25
Mar 16, 2024;Mar 17, 2024;26,569.50;3,109.50;27,245.25;199,994.50;34,376.25;0.00;59,861.75;9,468.00;32,234.50;5,684.25;19,839.00
Mar 17, 2024;Mar 18, 2024;26,264.75;3,074.00;11,145.00;69,644.50;64,512.75;0.00;96,914.50;6,927.25;46,502.00;4,797.25;20,948.50
Mar 18, 2024;Mar 19, 2024;25,991.25;3,042.75;2,880.25;54,027.50;70,778.00;0.00;134,610.00;8,480.00;60,677.25;10,042.50;20,575.50
Mar 19, 2024;Mar 20, 2024;26,931.25;3,153.75;6,901.25;48,253.75;73,822.75;0.00;139,706.00;8,831.25;59,395.25;7,434.50;20,391.75
Mar 20, 2024;Mar 21, 2024;26,602.75;3,114.50;3,320.00;18,295.75;53,354.75;0.00;153,025.75;9,036.00;49,396.50;10,103.75;19,033.75
Mar 21, 2024;Mar 22, 2024;26,880.75;3,147.00;4,510.00;68,760.00;30,861.50;0.00;152,562.75;8,673.00;47,591.50;7,270.75;19,003.75
Mar 22, 2024;Mar 23, 2024;26,883.75;3,146.00;25,493.50;110,342.75;25,174.25;0.00;85,295.00;10,466.25;47,788.00;9,255.50;19,618.75
Mar 23, 2024;Mar 24, 2024;27,038.75;3,163.25;15,997.50;95,562.00;35,509.50;0.00;64,970.00;10,202.75;35,114.75;9,913.50;20,054.00
Mar 24, 2024;Mar 25, 2024;27,218.00;3,185.00;12,398.00;185,008.00;33,125.00;0.00;60,911.50;7,636.25;29,494.25;2,477.00;18,538.00
Mar 25, 2024;Mar 26, 2024;26,660.25;3,121.25;1,187.50;93,138.50;42,210.75;0.00;122,573.00;10,303.25;50,955.75;15,453.25;14,850.25
Mar 26, 2024;Mar 27, 2024;26,709.25;3,127.00;13,293.75;120,539.25;72,510.00;205.25;106,246.50;11,928.25;46,393.75;9,240.25;20,107.25
Mar 27, 2024;Mar 28, 2024;26,544.00;3,107.75;16,008.50;92,036.75;68,540.25;394.50;97,211.50;12,041.00;41,540.75;11,115.50;20,364.00
Mar 28, 2024;Mar 29, 2024;26,302.25;3,078.75;19,717.25;202,928.25;47,336.50;504.00;70,761.50;9,270.25;35,730.25;9,389.00;20,666.25
Mar 29, 2024;Mar 30, 2024;25,761.75;3,016.25;14,002.75;159,144.50;32,744.00;77.25;58,233.25;9,054.00;26,752.25;11,061.75;20,186.50
Mar 30, 2024;Mar 31, 2024;25,898.00;3,032.50;11,592.25;47,614.75;62,496.75;0.00;67,732.00;9,118.50;26,634.50;14,999.25;19,875.25
Mar 31, 2024;Apr 1, 2024;24,831.50;2,906.25;2,774.00;29,220.75;60,964.00;0.00;46,936.75;7,974.00;22,838.25;10,799.75;18,985.75
Apr 1, 2024;Apr 2, 2024;25,775.50;3,018.25;8,899.00;122,978.75;30,852.25;0.00;43,187.75;8,066.00;23,651.50;7,860.75;19,722.50
Apr 2, 2024;Apr 3, 2024;26,003.50;3,044.00;18,512.75;267,432.00;51,271.25;0.00;37,305.00;10,726.75;29,635.25;10,468.00;19,401.25
Apr 3, 2024;Apr 4, 2024;26,411.50;3,092.00;8,449.75;106,158.75;40,225.50;0.00;70,234.50;15,329.00;46,662.25;16,251.50;20,756.75
Apr 4, 2024;Apr 5, 2024;26,619.00;3,116.25;16,912.00;174,838.50;39,338.25;0.00;51,314.75;12,680.75;43,978.75;10,966.25;20,347.25
Apr 5, 2024;Apr 6, 2024;26,875.25;3,146.00;18,069.50;182,056.75;54,560.25;0.00;46,196.50;9,277.75;37,687.00;13,765.50;19,964.25
Apr 6, 2024;Apr 7, 2024;26,853.00;3,144.50;17,801.25;91,265.50;78,225.75;0.00;42,178.50;7,839.75;26,271.25;12,376.50;19,431.75
Apr 7, 2024;Apr 8, 2024;24,627.25;2,884.00;11,799.25;99,338.75;62,086.25;0.00;49,152.00;8,285.00;25,159.50;9,547.75;19,111.75
Apr 8, 2024;Apr 9, 2024;19,088.25;2,236.00;3,849.25;41,844.50;73,520.00;0.00;79,463.75;10,417.00;33,850.00;13,739.25;19,172.25
Apr 9, 2024;Apr 10, 2024;18,614.00;2,179.50;12,727.50;131,179.00;62,012.25;0.00;59,492.50;8,639.00;28,421.75;9,268.25;19,662.75
Apr 10, 2024;Apr 11, 2024;18,454.00;2,158.75;25,915.50;102,666.00;55,025.00;0.00;64,933.00;8,644.25;30,947.25;14,906.75;19,914.75
Apr 11, 2024;Apr 12, 2024;19,519.00;2,285.50;20,717.50;101,588.25;67,471.50;0.00;58,634.50;9,214.75;33,719.25;14,646.00;19,439.50
Apr 12, 2024;Apr 13, 2024;19,209.00;2,248.75;24,726.00;81,570.75;65,993.00;0.00;58,283.25;7,378.75;32,495.75;12,886.75;19,432.50
Apr 13, 2024;Apr 14, 2024;19,342.00;2,264.75;14,804.00;128,639.00;78,595.75;0.00;38,030.00;6,826.00;20,656.25;12,788.50;19,115.00
Apr 14, 2024;Apr 15, 2024;19,361.50;2,265.00;22,759.50;163,581.75;72,015.00;0.00;40,466.50;6,858.50;21,557.75;11,258.00;15,625.00
Apr 15, 2024;Apr 16, 2024;19,631.00;2,297.50;8,527.00;74,971.25;60,512.00;0.00;63,578.75;9,061.75;33,881.50;12,704.25;13,059.75
Apr 16, 2024;Apr 17, 2024;20,956.25;2,451.75;14,174.25;179,420.00;48,156.75;0.00;67,144.50;8,442.00;36,795.50;10,319.00;13,895.25
Apr 17, 2024;Apr 18, 2024;23,490.25;2,749.75;895.75;29,538.75;68,024.75;0.00;103,237.25;9,241.75;45,952.75;14,643.00;20,305.25
Apr 18, 2024;Apr 19, 2024;23,245.00;2,720.75;4,164.25;39,000.25;75,454.25;0.00;108,725.75;9,531.50;46,019.50;11,823.00;20,856.75
Apr 19, 2024;Apr 20, 2024;23,664.75;2,770.00;11,228.00;140,515.75;30,512.25;0.00;67,690.75;8,761.25;36,087.50;9,497.00;19,898.50
Apr 20, 2024;Apr 21, 2024;27,347.50;3,202.00;8,679.00;107,889.00;61,399.50;0.00;65,340.75;8,981.50;32,018.00;10,661.00;18,980.00
Apr 21, 2024;Apr 22, 2024;27,887.50;3,265.25;5,303.25;76,829.75;74,488.50;0.00;70,306.25;8,916.25;32,354.50;4,857.00;18,735.75
Apr 22, 2024;Apr 23, 2024;25,894.00;3,029.50;2,530.00;23,506.25;68,370.75;0.00;122,800.50;10,885.25;47,229.25;13,929.50;19,833.00
Apr 23, 2024;Apr 24, 2024;25,573.75;2,994.75;2,804.75;14,071.25;81,781.00;0.00;135,068.25;10,243.00;54,590.75;10,945.50;20,013.50
Apr 24, 2024;Apr 25, 2024;26,007.50;3,044.00;7,831.50;38,816.50;59,746.00;0.00;131,539.50;10,116.75;53,440.75;6,484.25;19,927.50
Apr 25, 2024;Apr 26, 2024;26,400.00;3,090.75;8,683.00;47,440.25;64,674.25;0.00;126,055.00;9,116.00;53,290.75;7,955.25;19,805.00
Apr 26, 2024;Apr 27, 2024;27,697.75;3,242.00;4,522.25;74,375.75;76,699.50;0.00;100,688.25;9,959.75;48,696.75;8,307.25;19,172.50
Apr 27, 2024;Apr 28, 2024;27,660.50;3,238.75;8,888.25;45,233.75;95,644.25;0.00;78,129.50;9,833.00;33,111.75;8,143.50;18,326.75
Apr 28, 2024;Apr 29, 2024;27,378.00;3,206.25;16,850.00;115,305.50;86,402.50;0.00;57,814.50;8,666.50;19,702.00;1,724.75;17,465.75
Apr 29, 2024;Apr 30, 2024;26,822.00;3,139.75;7,323.75;42,823.25;87,941.00;0.00;83,582.50;9,878.75;29,794.00;12,463.25;17,920.00
Apr 30, 2024;May 1, 2024;25,632.25;3,000.00;16,253.50;85,754.25;102,206.25;0.00;73,238.50;8,507.00;27,133.50;10,181.25;17,773.25
May 1, 2024;May 2, 2024;21,516.00;2,519.50;17,220.50;142,989.75;101,944.25;0.00;45,791.75;6,728.75;18,836.50;3,796.75;17,512.00
May 2, 2024;May 3, 2024;21,345.00;2,500.00;22,580.00;181,486.75;100,549.50;461.75;40,058.00;4,765.00;21,165.25;10,593.50;17,543.25
May 3, 2024;May 4, 2024;22,529.25;2,636.50;15,878.00;76,927.75;76,377.75;498.75;64,768.00;5,756.50;25,851.00;12,684.75;17,635.75
May 4, 2024;May 5, 2024;22,285.75;2,609.75;1,319.50;14,969.50;69,709.25;498.00;76,493.25;6,429.50;20,872.25;8,723.25;18,294.75
May 5, 2024;May 6, 2024;22,344.50;2,615.25;5,608.75;102,960.25;65,930.25;504.00;64,250.50;5,147.25;17,299.50;3,210.25;18,188.75
May 6, 2024;May 7, 2024;25,785.25;3,018.50;9,801.00;38,038.75;70,279.75;504.00;117,022.25;7,338.00;23,583.00;7,320.25;18,159.25
May 7, 2024;May 8, 2024;25,933.25;3,036.50;9,116.75;50,067.50;50,337.75;504.00;133,146.00;7,010.75;26,293.25;9,123.00;18,642.75
May 8, 2024;May 9, 2024;25,735.25;3,013.25;282.25;27,379.50;94,235.75;502.25;133,268.75;5,891.50;25,323.00;6,747.50;18,434.00
May 9, 2024;May 10, 2024;26,353.50;3,086.50;6,231.50;8,534.50;109,384.50;480.50;97,067.25;5,419.00;20,896.75;6,573.00;18,360.25
May 10, 2024;May 11, 2024;26,245.75;3,073.00;5,985.50;9,227.50;94,429.50;110.50;85,852.25;5,563.75;23,162.50;9,476.00;18,314.00
May 11, 2024;May 12, 2024;26,358.75;3,085.75;1,090.50;25,307.75;85,925.50;0.00;70,701.25;5,366.25;20,109.25;9,017.00;18,137.75
May 12, 2024;May 13, 2024;25,926.75;3,034.75;4,987.25;62,316.50;100,023.25;0.00;53,303.25;5,203.00;15,611.50;6,157.50;18,162.25
May 13, 2024;May 14, 2024;25,209.00;2,950.75;12,597.75;107,830.50;116,348.25;0.00;51,404.75;7,008.50;19,727.75;13,700.75;18,199.00
May 14, 2024;May 15, 2024;25,550.50;2,991.50;16,209.25;139,932.50;112,613.00;0.00;48,652.25;6,349.25;17,627.00;11,720.50;17,997.50
May 15, 2024;May 16, 2024;25,726.00;3,009.50;18,431.25;197,562.00;112,990.75;0.00;53,391.25;4,072.25;18,611.75;12,778.25;18,230.00
May 16, 2024;May 17, 2024;25,952.75;3,039.25;20,328.25;194,924.00;91,248.75;0.00;58,817.25;2,597.00;19,037.50;11,545.00;18,412.25
May 17, 2024;May 18, 2024;25,945.00;3,037.00;22,484.50;183,931.50;91,188.25;0.00;55,725.50;969.25;19,891.75;14,310.50;17,820.00
May 18, 2024;May 19, 2024;25,994.50;3,044.00;15,988.75;34,150.25;65,964.75;0.00;54,698.25;926.25;16,803.75;11,705.00;18,295.75
May 19, 2024;May 20, 2024;25,655.00;3,004.75;3,613.50;15,387.75;67,511.25;0.00;65,769.25;978.25;15,530.25;11,627.00;18,471.25
May 20, 2024;May 21, 2024;25,907.75;3,033.50;8,792.50;21,395.25;90,936.50;0.00;68,999.00;1,181.25;15,714.50;11,424.00;17,032.25
May 21, 2024;May 22, 2024;25,526.50;2,987.75;19,643.75;114,265.00;90,970.75;0.00;66,534.50;1,234.25;17,983.75;11,132.50;12,449.00
May 22, 2024;May 23, 2024;23,767.50;2,783.00;30,863.25;114,157.00;50,346.25;124.00;79,713.00;1,282.75;16,463.75;11,287.25;12,958.75
May 23, 2024;May 24, 2024;21,955.25;2,570.75;6,003.00;43,314.00;88,937.50;504.00;112,264.50;2,063.00;18,728.75;11,352.25;12,919.25
May 24, 2024;May 25, 2024;21,830.25;2,556.50;1,502.00;42,061.00;80,479.75;504.00;126,556.50;1,984.75;20,276.75;10,392.75;13,059.00
May 25, 2024;May 26, 2024;21,850.25;2,559.25;5,400.00;15,155.00;81,364.00;504.00;100,242.25;1,181.75;18,596.00;7,334.00;12,388.00
May 26, 2024;May 27, 2024;21,673.75;2,537.25;5,052.75;24,193.00;97,026.25;504.00;89,259.00;1,007.00;15,100.00;6,030.50;11,568.50
May 27, 2024;May 28, 2024;21,397.75;2,505.00;9,217.25;31,875.25;77,528.75;504.00;124,867.00;1,162.00;20,468.00;13,307.50;11,709.50
May 28, 2024;May 29, 2024;25,540.25;2,988.75;6,261.50;43,132.50;59,571.50;498.75;133,005.00;1,302.50;22,140.25;12,152.25;11,859.25
May 29, 2024;May 30, 2024;26,135.00;3,060.00;12,703.75;77,812.50;74,795.50;19.50;112,048.00;1,281.25;19,038.75;7,689.75;12,003.75
May 30, 2024;May 31, 2024;25,276.00;2,958.25;4,822.75;25,274.25;53,578.25;0.00;129,793.50;1,172.00;20,848.25;11,897.50;11,985.00
May 31, 2024;Jun 1, 2024;24,935.75;2,920.50;5,802.75;27,075.00;75,728.75;0.00;134,287.00;1,144.75;19,739.50;8,644.75;12,035.75
Jun 1, 2024;Jun 2, 2024;24,616.00;2,881.00;5,057.75;75,258.50;89,495.50;0.00;67,157.00;970.00;15,257.00;9,865.25;12,053.50
Jun 2, 2024;Jun 3, 2024;23,920.25;2,800.00;3,894.25;114,347.50;71,043.00;0.00;61,942.75;1,053.50;13,390.75;5,699.00;11,920.75
Jun 3, 2024;Jun 4, 2024;23,927.50;2,800.25;18,505.00;56,950.25;62,953.50;0.00;116,260.75;2,213.25;24,424.25;9,223.00;12,158.50
Jun 4, 2024;Jun 5, 2024;23,998.00;2,810.00;3,805.25;13,286.00;84,115.50;0.00;121,846.25;4,863.00;20,733.25;5,494.50;12,279.75
Jun 5, 2024;Jun 6, 2024;24,574.50;2,877.75;13,760.50;82,068.50;65,906.00;0.00;107,070.00;4,964.25;18,395.75;5,882.25;11,924.25
Jun 6, 2024;Jun 7, 2024;24,805.25;2,905.00;6,983.25;24,977.25;106,228.00;372.50;118,821.75;5,072.25;21,382.25;5,556.25;12,177.75
Jun 7, 2024;Jun 8, 2024;23,768.25;2,781.25;3,215.50;19,191.50;96,513.75;504.00;100,068.75;6,414.25;20,823.50;10,013.50;11,936.50
Jun 8, 2024;Jun 9, 2024;24,621.25;2,882.50;8,721.50;60,133.00;108,281.00;504.00;60,923.50;5,259.75;16,512.00;10,563.25;11,573.50
Jun 9, 2024;Jun 10, 2024;23,141.25;2,709.25;19,250.25;53,016.75;98,827.00;23.00;50,029.75;5,053.25;14,954.50;4,979.75;11,771.75
Jun 10, 2024;Jun 11, 2024;24,407.50;2,857.50;15,694.00;38,561.25;92,116.25;0.00;85,637.25;6,024.50;20,784.50;9,166.50;11,921.50
Jun 11, 2024;Jun 12, 2024;24,963.00;2,922.50;12,182.00;180,815.25;74,791.75;0.00;73,872.25;5,543.50;17,245.75;6,183.00;11,752.75
Jun 12, 2024;Jun 13, 2024;25,136.25;2,942.50;24,552.75;73,923.00;96,965.50;0.00;96,937.75;5,083.50;17,244.25;5,713.25;11,762.25
Jun 13, 2024;Jun 14, 2024;25,101.75;2,938.00;10,099.00;27,934.50;95,249.75;0.00;110,112.75;5,173.50;17,920.75;7,480.75;12,191.75
Jun 14, 2024;Jun 15, 2024;25,537.25;2,989.25;10,330.75;78,408.75;61,950.50;0.00;105,659.50;5,086.75;16,342.25;10,082.00;11,538.25
Jun 15, 2024;Jun 16, 2024;25,436.25;2,977.25;12,160.75;106,366.25;66,235.00;0.00;45,139.25;4,584.75;11,527.00;6,962.50;11,590.75
Jun 16, 2024;Jun 17, 2024;25,665.50;3,005.75;6,386.00;48,623.00;95,095.00;0.00;53,325.25;4,550.25;11,555.50;8,666.75;11,650.75
Jun 17, 2024;Jun 18, 2024;25,349.00;2,967.50;1,001.25;33,524.25;83,401.75;0.00;124,347.50;3,550.75;19,677.50;13,218.50;12,379.25
Jun 18, 2024;Jun 19, 2024;25,207.25;2,950.50;1,160.00;21,324.50;95,667.75;0.00;136,993.75;1,355.25;19,855.25;10,321.00;12,300.25
Jun 19, 2024;Jun 20, 2024;25,021.50;2,927.75;10,690.75;39,726.75;44,258.75;0.00;140,927.00;1,472.25;21,348.25;8,682.00;12,959.00
Jun 20, 2024;Jun 21, 2024;25,137.75;2,941.50;8,816.75;17,528.50;103,727.75;0.00;132,561.00;2,005.50;21,620.50;10,434.25;12,165.50
Jun 21, 2024;Jun 22, 2024;24,848.75;2,909.25;7,466.50;37,744.25;64,628.25;0.00;145,217.25;3,487.25;19,294.25;8,119.50;11,902.25
Jun 22, 2024;Jun 23, 2024;24,765.75;2,900.25;20,152.75;128,116.25;83,925.75;0.00;65,767.00;3,008.00;12,613.50;8,539.00;11,727.50
Jun 23, 2024;Jun 24, 2024;24,017.50;2,811.50;12,588.50;58,290.50;92,715.75;0.00;78,060.75;2,842.25;13,015.50;8,064.25;11,515.50
Jun 24, 2024;Jun 25, 2024;24,846.75;2,909.25;782.25;11,376.50;110,892.25;0.00;121,184.25;3,642.25;19,000.75;12,565.25;11,822.00
Jun 25, 2024;Jun 26, 2024;24,437.00;2,862.25;1,293.00;51,711.25;117,561.75;0.00;108,021.25;2,608.00;20,192.25;11,177.50;12,338.25
Jun 26, 2024;Jun 27, 2024;24,461.25;2,863.75;3,949.00;55,116.25;114,661.00;0.00;123,636.75;2,834.75;19,895.75;9,603.00;12,169.00
Jun 27, 2024;Jun 28, 2024;23,744.25;2,780.00;5,238.00;37,345.75;89,046.50;0.00;118,127.75;3,149.50;19,591.00;10,612.50;11,845.75
Jun 28, 2024;Jun 29, 2024;23,010.75;2,694.25;11,121.00;67,285.75;94,411.50;0.00;83,897.00;3,044.00;18,126.50;9,735.50;11,725.00
Jun 29, 2024;Jun 30, 2024;24,392.50;2,856.50;4,527.50;29,555.00;112,584.50;365.50;62,661.00;3,322.50;13,301.50;13,835.25;11,374.50
Jun 30, 2024;Jul 1, 2024;23,236.50;2,719.50;17,897.50;108,929.75;52,762.50;496.00;64,567.75;3,061.25;13,172.25;7,759.50;10,929.50
Jul 1, 2024;Jul 2, 2024;21,078.25;2,468.00;3,540.00;51,311.75;58,424.00;504.00;113,402.75;2,940.50;17,942.00;12,081.75;13,004.00
Jul 2, 2024;Jul 3, 2024;21,961.75;2,571.50;12,375.25;96,209.25;47,579.25;497.75;111,775.50;2,584.25;18,692.25;10,237.25;17,404.50
Jul 3, 2024;Jul 4, 2024;22,929.00;2,684.25;18,566.75;48,826.75;62,832.75;504.00;113,727.50;3,321.25;24,475.75;13,338.00;16,923.50
Jul 4, 2024;Jul 5, 2024;22,771.75;2,665.75;19,669.00;103,528.25;62,836.50;504.00;62,613.50;3,122.75;15,709.25;10,323.75;16,724.00
Jul 5, 2024;Jul 6, 2024;24,002.75;2,810.25;21,816.00;110,612.75;89,635.25;504.00;61,385.50;4,736.50;12,889.50;16,509.25;16,897.50
Jul 6, 2024;Jul 7, 2024;23,735.00;2,778.75;13,634.75;131,233.25;90,283.25;504.00;50,005.25;3,933.00;11,041.00;6,821.50;17,957.75
Jul 7, 2024;Jul 8, 2024;23,864.50;2,794.00;6,231.00;66,858.00;101,979.00;504.00;58,735.50;4,064.50;12,523.75;15,793.50;18,409.25
Jul 8, 2024;Jul 9, 2024;23,986.25;2,807.75;1,567.25;20,039.50;107,369.25;504.00;113,491.75;4,809.75;20,324.50;15,474.75;18,197.25
Jul 9, 2024;Jul 10, 2024;23,809.25;2,786.50;13,248.00;50,823.75;111,344.25;477.75;113,514.25;3,280.25;16,949.00;9,353.50;17,882.00
Jul 10, 2024;Jul 11, 2024;23,418.50;2,740.25;14,129.75;57,713.25;73,550.25;504.00;139,345.75;4,031.25;19,825.75;11,469.00;18,400.50
Jul 11, 2024;Jul 12, 2024;23,877.50;2,794.75;489.75;17,115.75;85,249.75;504.00;139,150.00;3,682.25;26,112.50;13,172.50;18,488.50
Jul 12, 2024;Jul 13, 2024;24,288.00;2,844.75;11,893.50;50,243.25;58,013.25;504.00;130,677.50;3,094.00;24,929.75;8,538.50;18,800.00
Jul 13, 2024;Jul 14, 2024;24,163.25;2,828.50;13,667.00;69,179.25;78,078.00;504.00;62,598.00;2,289.00;12,270.00;10,504.00;18,494.25
Jul 14, 2024;Jul 15, 2024;22,704.25;2,657.00;6,537.75;20,316.50;93,918.00;504.00;66,957.50;2,266.25;12,966.75;8,957.25;18,460.00
Jul 15, 2024;Jul 16, 2024;20,418.00;2,390.75;2,965.25;22,821.00;115,285.00;504.00;107,445.75;3,573.25;17,463.00;18,463.75;16,954.50
Jul 16, 2024;Jul 17, 2024;20,130.50;2,356.25;6,102.50;89,548.25;75,925.50;504.00;97,189.50;2,802.75;15,983.25;10,970.75;18,754.75
Jul 17, 2024;Jul 18, 2024;22,187.75;2,597.75;13,319.00;102,347.50;82,963.25;359.00;101,198.50;2,202.75;17,098.25;9,142.50;18,875.50
Jul 18, 2024;Jul 19, 2024;24,077.00;2,818.25;14,776.00;11,903.00;106,576.25;229.00;114,907.75;3,516.00;19,925.50;13,582.75;18,723.00
Jul 19, 2024;Jul 20, 2024;24,305.50;2,845.00;636.25;16,500.00;107,187.75;504.00;115,430.75;1,447.50;20,040.50;14,262.75;18,634.00
Jul 20, 2024;Jul 21, 2024;24,317.00;2,846.00;179.50;37,194.50;105,797.50;504.00;91,301.25;1,484.00;15,507.00;11,119.25;18,124.75
Jul 21, 2024;Jul 22, 2024;23,788.50;2,785.25;4,512.00;40,964.50;96,845.50;504.00;86,344.75;1,552.25;13,411.50;10,446.00;18,080.75
Jul 22, 2024;Jul 23, 2024;24,560.75;2,875.00;11,045.00;87,789.25;69,996.50;504.00;116,391.75;1,561.50;17,874.25;12,379.25;18,330.00
Jul 23, 2024;Jul 24, 2024;24,489.25;2,866.50;3,864.50;35,305.50;83,882.75;504.00;124,745.00;1,607.00;20,393.75;15,367.75;18,041.50
Jul 24, 2024;Jul 25, 2024;24,351.00;2,850.25;8,121.50;74,292.00;76,329.50;504.00;118,997.25;1,497.50;19,377.50;12,227.75;18,389.50
Jul 25, 2024;Jul 26, 2024;24,810.25;2,905.25;4,818.00;16,949.50;104,610.75;504.00;118,449.00;1,842.75;19,484.25;11,443.00;18,386.00
Jul 26, 2024;Jul 27, 2024;24,893.25;2,912.50;4,803.00;35,190.50;49,902.75;504.00;119,776.00;1,457.50;19,768.00;12,230.50;18,159.75
Jul 27, 2024;Jul 28, 2024;24,929.50;2,918.25;1,586.50;8,130.75;46,473.00;504.00;101,256.50;1,349.25;16,497.50;13,078.75;18,193.25
Jul 28, 2024;Jul 29, 2024;24,505.25;2,869.25;12,500.50;83,379.75;78,739.00;504.00;75,438.50;1,138.50;12,933.75;5,706.25;18,187.75
Jul 29, 2024;Jul 30, 2024;24,684.75;2,889.75;14,595.75;43,466.50;112,431.25;504.00;98,084.25;1,759.50;18,227.75;16,156.25;18,450.00
Jul 30, 2024;Jul 31, 2024;24,773.50;2,899.50;186.25;9,006.50;112,802.50;504.00;111,648.75;1,514.50;19,377.75;10,737.75;18,431.00
Jul 31, 2024;Aug 1, 2024;24,228.50;2,835.75;1,956.25;12,847.75;100,270.75;504.00;133,773.00;1,850.75;19,594.50;11,397.25;18,271.25
Aug 1, 2024;Aug 2, 2024;24,764.75;2,899.75;820.00;18,947.25;96,824.75;504.00;152,206.75;3,565.00;20,592.00;11,505.75;17,922.75
Aug 2, 2024;Aug 3, 2024;24,852.50;2,910.00;121.50;24,209.25;44,996.00;504.00;144,420.00;2,079.25;21,330.00;13,330.50;18,384.50
Aug 3, 2024;Aug 4, 2024;24,787.50;2,901.75;1,021.50;6,477.25;89,360.75;504.00;97,774.25;1,239.75;14,447.50;10,598.75;17,722.00
Aug 4, 2024;Aug 5, 2024;23,987.75;2,809.25;3,877.25;65,904.50;62,231.75;504.00;92,399.50;1,292.25;13,079.75;4,903.75;18,604.50
Aug 5, 2024;Aug 6, 2024;23,111.50;2,705.25;12,381.50;31,806.50;88,024.00;503.00;108,979.75;1,675.50;19,964.75;14,431.75;18,698.50
Aug 6, 2024;Aug 7, 2024;20,279.50;2,372.00;622.75;16,538.50;106,763.00;504.00;106,117.50;1,552.00;22,332.00;11,212.00;18,858.50
Aug 7, 2024;Aug 8, 2024;19,869.00;2,327.75;7,401.25;38,350.25;91,424.75;504.00;104,281.75;1,853.00;21,175.00;11,808.75;18,595.75
Aug 8, 2024;Aug 9, 2024;19,645.25;2,300.25;8,751.25;26,295.50;69,298.25;504.00;101,988.25;3,290.75;21,211.75;13,023.25;18,875.50
Aug 9, 2024;Aug 10, 2024;21,085.00;2,468.75;19,622.75;98,526.00;54,547.00;504.00;62,381.50;2,458.75;16,203.00;9,271.00;18,755.75
Aug 10, 2024;Aug 11, 2024;23,509.25;2,752.75;24,046.75;57,586.00;86,674.25;504.00;61,299.25;1,209.00;13,925.75;12,716.00;18,739.50
Aug 11, 2024;Aug 12, 2024;23,455.50;2,744.75;19,464.50;34,569.00;86,463.50;504.00;65,042.25;1,353.00;15,200.75;11,628.25;18,610.50
Aug 12, 2024;Aug 13, 2024;23,639.25;2,767.00;2,897.75;17,788.25;104,306.75;500.50;95,240.00;1,957.25;20,856.25;12,038.50;18,638.50
Aug 13, 2024;Aug 14, 2024;23,337.00;2,731.75;11,397.25;79,903.50;101,917.25;504.00;95,691.50;1,619.25;19,981.75;5,119.50;18,567.50
Aug 14, 2024;Aug 15, 2024;23,232.25;2,720.00;16,674.75;61,551.25;84,810.75;411.25;98,772.50;2,133.50;21,386.25;8,125.50;18,986.25
Aug 15, 2024;Aug 16, 2024;23,037.25;2,697.75;7,366.75;22,606.00;75,075.00;504.00;93,408.50;1,935.50;21,536.75;6,630.75;16,803.00
Aug 16, 2024;Aug 17, 2024;22,855.00;2,674.25;6,105.25;47,594.00;86,514.25;504.00;99,001.00;1,787.25;21,409.00;9,431.50;12,461.25
Aug 17, 2024;Aug 18, 2024;21,957.25;2,571.75;2,227.25;16,602.50;68,354.50;504.00;97,702.50;2,168.25;17,563.50;8,557.25;17,960.00
Aug 18, 2024;Aug 19, 2024;21,767.25;2,548.00;1,323.25;31,116.50;38,918.00;504.00;99,996.25;1,656.75;16,319.50;3,900.50;16,224.75
Aug 19, 2024;Aug 20, 2024;21,992.25;2,573.25;2,944.50;34,299.00;77,171.25;504.00;107,826.25;1,775.00;22,163.50;9,082.75;18,263.75
Aug 20, 2024;Aug 21, 2024;21,987.00;2,574.50;7,969.00;29,606.00;91,109.50;504.00;88,413.00;1,539.00;21,285.00;11,185.50;18,566.25
Aug 21, 2024;Aug 22, 2024;21,697.75;2,541.50;17,555.75;149,105.25;74,646.50;504.00;70,885.75;1,371.50;17,573.00;8,051.75;18,556.75
Aug 22, 2024;Aug 23, 2024;21,657.50;2,535.75;12,793.00;61,179.00;75,401.00;504.00;77,542.75;1,259.75;19,588.75;14,623.75;16,790.00
Aug 23, 2024;Aug 24, 2024;20,767.50;2,430.50;16,544.25;155,355.75;79,191.75;504.00;54,932.25;1,048.00;14,210.50;9,497.00;18,056.00
Aug 24, 2024;Aug 25, 2024;20,360.75;2,383.25;12,760.75;99,713.25;89,028.75;504.00;58,528.75;1,027.50;13,672.00;17,503.00;18,149.50
Aug 25, 2024;Aug 26, 2024;21,248.00;2,489.25;12,179.00;110,428.25;56,622.50;504.00;58,924.75;1,103.50;12,928.50;8,266.00;17,880.00
Aug 26, 2024;Aug 27, 2024;21,449.25;2,511.00;4,634.50;13,030.00;88,678.25;504.00;86,384.25;1,535.75;20,027.75;12,714.00;18,313.75
Aug 27, 2024;Aug 28, 2024;21,412.00;2,504.25;1,824.00;33,058.50;95,579.75;504.00;89,632.25;1,755.25;20,317.75;9,513.25;18,953.50
Aug 28, 2024;Aug 29, 2024;21,311.75;2,496.25;15,102.00;70,392.75;92,316.00;504.00;89,415.75;1,925.75;16,865.50;9,399.50;18,264.50
Aug 29, 2024;Aug 30, 2024;20,872.75;2,442.75;7,679.00;33,109.00;89,221.25;504.00;103,014.50;1,982.50;21,059.25;8,945.25;13,603.25
Aug 30, 2024;Aug 31, 2024;20,812.00;2,436.50;5,610.75;56,637.00;65,587.50;504.00;124,510.75;2,015.75;18,485.25;10,747.50;14,072.50
Aug 31, 2024;Sep 1, 2024;20,658.75;2,417.50;2,406.50;43,976.75;75,417.00;493.50;97,238.25;1,623.00;14,674.00;6,780.75;11,882.50
Sep 1, 2024;Sep 2, 2024;21,999.00;2,575.75;633.75;57,786.50;84,426.75;504.00;100,384.25;1,783.75;11,619.50;3,518.25;17,152.75
Sep 2, 2024;Sep 3, 2024;22,176.50;2,597.00;8,006.50;46,215.25;88,069.25;504.00;117,054.50;2,004.75;16,819.25;8,741.00;17,854.25
Sep 3, 2024;Sep 4, 2024;20,771.75;2,431.25;16,566.25;36,143.00;80,185.50;504.00;121,059.25;2,197.00;19,296.50;10,366.75;18,355.50
Sep 4, 2024;Sep 5, 2024;21,915.00;2,563.75;21,543.00;71,701.75;78,495.75;497.75;116,199.25;2,141.75;23,289.00;11,097.50;17,614.25
Sep 5, 2024;Sep 6, 2024;22,198.75;2,598.00;12,299.00;176,919.50;81,068.75;504.00;99,732.50;1,641.25;22,439.50;8,065.50;15,960.50
Sep 6, 2024;Sep 7, 2024;22,278.50;2,607.25;18,693.00;134,010.75;81,507.50;504.00;106,741.50;2,440.00;18,104.75;9,900.75;16,798.00
Sep 7, 2024;Sep 8, 2024;22,343.25;2,615.50;9,882.75;57,419.50;81,052.75;504.00;109,729.75;5,025.75;18,300.25;10,599.75;16,924.25
Sep 8, 2024;Sep 9, 2024;21,838.50;2,556.50;13,261.00;66,985.25;76,153.75;504.00;109,829.50;4,868.25;17,984.25;7,238.75;16,909.00
Sep 9, 2024;Sep 10, 2024;20,549.50;2,406.00;17,425.50;91,390.75;27,065.50;504.00;127,139.25;5,202.75;24,347.25;12,756.00;17,741.25
Sep 10, 2024;Sep 11, 2024;18,695.00;2,190.75;22,012.00;116,978.00;55,237.50;504.00;93,054.75;4,630.50;21,736.50;7,905.75;18,006.25
Sep 11, 2024;Sep 12, 2024;18,511.50;2,167.25;19,082.00;139,475.50;31,160.50;493.50;112,608.00;5,403.25;26,900.00;8,607.75;18,245.00
Sep 12, 2024;Sep 13, 2024;18,539.75;2,170.50;6,883.50;23,147.25;59,908.50;470.75;134,743.25;7,032.25;34,364.75;13,559.25;19,046.25
Sep 13, 2024;Sep 14, 2024;19,078.50;2,232.75;13,367.00;120,585.00;30,345.75;486.50;109,247.25;5,918.50;28,032.75;10,748.00;18,403.75
Sep 14, 2024;Sep 15, 2024;17,687.00;2,071.25;9,404.25;226,584.75;57,618.75;504.00;66,038.00;7,640.75;16,262.25;12,156.25;17,385.75
Sep 15, 2024;Sep 16, 2024;18,963.00;2,219.75;5,995.25;157,302.50;60,507.00;504.00;78,424.25;7,878.75;17,057.75;6,590.00;17,817.00
Sep 16, 2024;Sep 17, 2024;18,963.25;2,220.00;10,794.75;138,350.75;21,196.25;504.00;98,190.00;7,779.50;31,825.25;12,787.00;18,880.25
Sep 17, 2024;Sep 18, 2024;18,764.50;2,198.00;5,763.00;86,374.50;58,052.50;504.00;95,468.50;6,204.50;30,417.50;9,271.00;18,532.50
Sep 18, 2024;Sep 19, 2024;19,702.25;2,306.50;3,705.25;69,397.50;63,528.25;375.25;96,967.25;6,559.00;28,493.50;9,975.75;18,537.50
Sep 19, 2024;Sep 20, 2024;19,840.75;2,323.50;12,998.00;93,062.25;61,445.00;504.00;94,566.25;6,506.50;28,064.00;10,617.25;18,286.25
Sep 20, 2024;Sep 21, 2024;19,882.00;2,328.75;8,918.00;109,740.00;77,097.00;504.00;82,765.00;6,858.50;26,328.00;9,128.75;18,109.50
Sep 21, 2024;Sep 22, 2024;20,022.75;2,344.25;3,338.50;66,818.75;77,729.75;504.00;82,235.50;6,459.25;18,011.50;9,884.75;18,259.50
Sep 22, 2024;Sep 23, 2024;20,052.25;2,346.75;3,350.25;26,483.50;73,747.75;504.00;94,277.75;7,420.25;20,219.00;7,834.00;18,528.50
Sep 23, 2024;Sep 24, 2024;19,861.75;2,326.00;831.00;11,458.25;66,329.00;315.00;124,221.75;9,973.00;32,652.25;13,461.75;18,446.25
Sep 24, 2024;Sep 25, 2024;20,323.50;2,379.00;6,972.25;68,437.25;24,554.25;504.00;130,946.75;7,569.25;32,099.25;9,873.00;18,201.50
Sep 25, 2024;Sep 26, 2024;20,187.75;2,364.00;25,475.50;130,072.50;35,964.25;504.00;105,149.25;7,763.25;29,144.50;14,946.50;18,541.25
Sep 26, 2024;Sep 27, 2024;19,996.25;2,340.50;21,684.50;221,690.50;17,047.00;504.00;97,554.25;6,852.75;28,244.50;10,400.50;18,338.50
Sep 27, 2024;Sep 28, 2024;19,483.75;2,281.00;26,308.00;273,148.25;54,231.50;504.00;41,981.00;6,314.00;18,761.50;8,590.75;17,636.25
Sep 28, 2024;Sep 29, 2024;19,712.75;2,307.50;30,343.50;179,847.00;51,823.00;504.00;58,047.50;6,115.50;19,024.75;15,616.00;17,757.75
Sep 29, 2024;Sep 30, 2024;19,631.75;2,298.00;12,532.75;55,399.75;60,199.25;504.00;83,188.25;6,887.75;22,856.75;12,884.25;18,350.25
Sep 30, 2024;Oct 1, 2024;19,853.25;2,324.00;9,792.50;162,274.75;60,822.50;413.00;84,738.75;6,418.25;19,400.50;11,912.00;17,666.75
Oct 1, 2024;Oct 2, 2024;19,656.50;2,301.00;33,086.25;127,871.25;24,999.75;504.00;105,482.50;10,709.75;26,121.75;12,935.75;18,417.25
Oct 2, 2024;Oct 3, 2024;18,922.75;2,216.25;27,676.25;60,398.25;18,240.50;504.00;143,130.25;17,297.75;36,718.50;10,895.75;19,835.75
Oct 3, 2024;Oct 4, 2024;16,822.00;1,969.00;29,019.00;84,705.75;19,252.25;504.00;128,763.50;8,207.25;31,828.25;5,781.00;19,214.00
Oct 4, 2024;Oct 5, 2024;20,180.50;2,363.00;8,059.25;80,600.50;32,304.75;504.00;143,782.00;17,862.50;38,372.75;12,343.50;18,913.50
Oct 5, 2024;Oct 6, 2024;20,313.75;2,377.25;21.50;26,510.75;28,694.75;504.00;136,804.00;15,765.00;32,501.00;9,324.25;18,709.50
Oct 6, 2024;Oct 7, 2024;18,321.50;2,144.50;3,061.75;26,034.00;35,510.25;504.00;96,481.25;7,233.25;28,377.75;4,378.25;18,248.00
Oct 7, 2024;Oct 8, 2024;17,862.50;2,092.00;15,980.00;74,510.25;32,297.75;504.00;123,343.50;12,860.25;36,886.25;11,228.75;18,282.00
Oct 8, 2024;Oct 9, 2024;20,259.25;2,372.25;8,521.75;45,415.50;35,759.75;331.00;132,490.25;17,891.25;37,235.00;11,845.75;18,325.25
Oct 9, 2024;Oct 10, 2024;20,559.00;2,406.75;9,054.00;118,798.50;41,679.50;240.00;110,972.00;7,895.00;32,590.25;11,197.50;16,994.75
Oct 10, 2024;Oct 11, 2024;20,420.25;2,391.00;22,673.25;243,107.00;22,796.00;240.00;91,084.25;6,396.25;30,964.75;8,948.00;16,429.50
Oct 11, 2024;Oct 12, 2024;20,473.75;2,394.75;31,149.25;78,517.50;45,117.00;329.75;121,165.50;15,126.25;40,311.00;15,678.75;17,624.75
Oct 12, 2024;Oct 13, 2024;22,833.75;2,671.75;18,610.25;94,109.50;51,417.75;504.00;85,581.25;8,070.25;29,198.25;7,859.00;16,930.50
Oct 13, 2024;Oct 14, 2024;23,416.50;2,741.25;13,387.25;284,519.00;30,161.25;296.00;69,621.00;7,095.00;21,083.50;4,050.50;14,389.75
Oct 14, 2024;Oct 15, 2024;23,773.25;2,784.00;17,773.75;97,977.25;35,466.75;291.50;132,981.75;19,939.25;44,471.00;8,639.25;17,291.25
Oct 15, 2024;Oct 16, 2024;23,826.75;2,789.00;5,784.50;37,667.75;53,885.25;504.00;145,597.75;19,363.00;48,471.50;4,685.50;17,119.75
Oct 16, 2024;Oct 17, 2024;23,670.25;2,772.00;13,742.25;194,068.00;58,146.75;504.00;81,955.00;8,788.50;31,289.50;952.00;16,013.75
Oct 17, 2024;Oct 18, 2024;23,828.50;2,788.50;23,384.00;144,536.25;45,270.25;504.00;115,771.25;12,078.75;38,844.50;4,871.50;16,473.50
Oct 18, 2024;Oct 19, 2024;24,241.50;2,838.00;7,515.00;52,819.50;45,931.00;504.00;154,888.00;22,030.50;46,460.25;7,462.25;17,053.00
Oct 19, 2024;Oct 20, 2024;24,178.25;2,831.00;18,285.00;89,847.25;34,904.25;504.00;144,205.25;8,813.25;36,143.25;2,437.75;16,831.25
Oct 20, 2024;Oct 21, 2024;24,028.00;2,811.25;13,564.25;76,650.25;41,234.50;504.00;67,569.00;7,153.75;25,105.50;672.25;15,671.00
Oct 21, 2024;Oct 22, 2024;21,485.50;2,515.75;21,935.75;93,483.50;21,178.25;504.00;126,298.75;15,704.75;37,829.25;5,167.50;16,508.50
Oct 22, 2024;Oct 23, 2024;23,218.25;2,719.50;12,742.00;114,017.00;23,559.75;504.00;148,225.25;18,595.00;41,283.25;4,560.50;15,977.00
Oct 23, 2024;Oct 24, 2024;23,451.75;2,746.50;15,400.00;30,327.00;39,756.00;439.00;152,656.75;23,457.50;49,932.00;5,305.75;16,546.00
Oct 24, 2024;Oct 25, 2024;23,720.75;2,776.25;3,667.25;69,743.50;46,269.50;496.00;151,364.50;23,141.75;48,382.00;4,435.50;15,928.25
Oct 25, 2024;Oct 26, 2024;23,786.00;2,785.00;4,753.00;56,588.00;47,277.25;447.00;152,246.50;22,527.25;48,969.00;5,698.75;16,811.25
Oct 26, 2024;Oct 27, 2024;22,135.50;2,591.75;753.00;33,435.25;41,596.75;504.00;141,886.75;20,204.75;43,766.75;3,557.75;17,302.25
Oct 27, 2024;Oct 28, 2024;19,491.25;2,282.25;17,498.75;85,528.50;26,137.25;509.50;102,312.75;13,271.50;39,734.75;3,891.50;17,372.00
Oct 28, 2024;Oct 29, 2024;18,991.00;2,224.75;9,907.50;66,502.00;20,966.00;281.00;125,880.50;19,630.25;46,352.50;5,605.25;17,158.50
Oct 29, 2024;Oct 30, 2024;18,838.25;2,205.00;10,881.75;46,762.25;16,500.50;399.75;137,170.50;25,963.50;53,469.50;6,841.25;16,928.25
Oct 30, 2024;Oct 31, 2024;19,269.25;2,254.75;28,220.50;60,411.00;11,724.75;391.50;143,819.75;26,111.75;48,881.50;8,017.00;17,240.00
Oct 31, 2024;Nov 1, 2024;20,562.75;2,407.50;24,341.75;105,542.50;14,020.75;240.00;114,032.75;18,064.50;42,188.00;4,605.00;11,802.00
Nov 1, 2024;Nov 2, 2024;20,397.25;2,387.25;32,968.75;182,575.50;19,778.25;240.00;92,055.00;12,357.00;32,259.00;4,303.00;16,913.75
Nov 2, 2024;Nov 3, 2024;20,190.50;2,364.00;10,530.25;48,661.25;29,827.25;240.00;129,980.25;23,954.75;41,483.00;6,976.25;17,652.00
Nov 3, 2024;Nov 4, 2024;20,160.00;2,359.75;27,503.00;49,390.00;39,271.25;240.00;125,396.25;15,032.25;41,292.50;2,945.00;17,796.50
Nov 4, 2024;Nov 5, 2024;19,829.25;2,322.25;2,537.50;16,114.25;13,905.75;240.00;142,932.25;26,174.75;52,686.75;6,882.00;18,634.00
Nov 5, 2024;Nov 6, 2024;21,817.50;2,554.25;923.75;20,284.25;22,215.75;323.50;161,575.50;24,239.75;53,914.75;7,674.00;18,076.00
Nov 6, 2024;Nov 7, 2024;23,933.00;2,803.00;48.25;2,814.00;6,394.25;240.00;169,083.25;27,951.50;64,051.50;9,258.00;20,494.25
Nov 7, 2024;Nov 8, 2024;23,850.50;2,792.00;987.00;2,610.75;5,369.25;229.75;166,180.00;27,765.50;72,697.50;6,867.25;20,927.00
Nov 8, 2024;Nov 9, 2024;23,965.00;2,805.50;6,875.75;59,825.50;7,430.75;237.50;169,655.25;26,169.75;64,552.25;5,911.00;19,057.75
Nov 9, 2024;Nov 10, 2024;24,025.50;2,813.50;5,366.00;33,473.50;15,136.50;240.00;163,328.75;26,514.75;62,130.50;5,613.50;19,057.75
Nov 10, 2024;Nov 11, 2024;24,001.25;2,810.25;2,292.00;3,060.50;9,195.75;240.00;154,869.00;26,052.50;62,763.50;4,120.50;16,961.75
Nov 11, 2024;Nov 12, 2024;24,277.00;2,842.00;4,031.75;11,294.75;5,483.00;332.50;155,168.25;25,956.00;69,434.50;6,307.00;15,412.25
Nov 12, 2024;Nov 13, 2024;23,944.50;2,803.50;2,287.00;13,570.00;7,425.75;504.00;159,881.25;25,971.25;78,094.50;11,804.25;18,470.00
Nov 13, 2024;Nov 14, 2024;24,087.00;2,819.75;5,786.25;24,948.00;7,406.75;504.00;164,320.25;25,090.25;78,234.00;12,511.75;21,820.25
Nov 14, 2024;Nov 15, 2024;24,297.50;2,844.25;11,690.25;103,665.75;7,507.25;476.00;162,403.25;22,087.75;68,662.50;8,858.25;20,721.25
Nov 15, 2024;Nov 16, 2024;24,434.25;2,862.25;19,900.75;83,887.75;8,635.50;504.00;155,370.75;23,878.75;66,379.25;8,791.00;20,697.00
Nov 16, 2024;Nov 17, 2024;24,753.25;2,897.50;33,344.00;165,931.25;6,107.00;504.00;121,189.50;16,045.25;42,253.00;5,766.00;18,349.25
Nov 17, 2024;Nov 18, 2024;24,697.25;2,891.00;26,961.25;259,287.75;8,014.00;504.00;91,002.50;9,599.75;34,996.00;7,613.75;18,687.00
Nov 18, 2024;Nov 19, 2024;24,559.75;2,876.00;31,534.50;228,088.75;15,812.75;504.00;118,988.50;18,778.00;50,887.25;12,619.50;19,261.00
Nov 19, 2024;Nov 20, 2024;23,806.00;2,787.00;14,576.00;192,358.50;5,010.00;504.00;142,695.50;24,558.75;69,556.50;8,295.75;21,136.50
Nov 20, 2024;Nov 21, 2024;24,692.00;2,891.50;16,640.50;173,105.00;10,790.25;504.00;142,409.00;23,947.50;69,702.75;6,675.75;21,329.75
Nov 21, 2024;Nov 22, 2024;24,106.50;2,821.50;16,806.00;154,113.50;12,883.00;422.50;135,147.75;24,009.50;76,441.00;13,474.75;21,383.50
Nov 22, 2024;Nov 23, 2024;24,048.75;2,815.25;15,228.25;181,591.50;10,117.50;504.00;124,321.50;22,256.00;69,362.00;7,434.75;20,125.75
Nov 23, 2024;Nov 24, 2024;24,262.75;2,840.00;29,174.00;224,447.50;17,406.75;504.00;98,467.75;10,874.75;52,215.50;3,412.00;19,528.75
Nov 24, 2024;Nov 25, 2024;23,856.00;2,794.75;30,201.50;275,626.00;7,718.25;504.00;49,368.00;7,997.50;30,459.25;7,646.75;18,426.50
Nov 25, 2024;Nov 26, 2024;22,849.25;2,675.00;19,655.50;260,955.50;13,112.00;504.00;81,553.00;9,023.50;45,596.00;11,578.50;18,874.00
Nov 26, 2024;Nov 27, 2024;22,313.50;2,610.25;28,786.25;106,561.00;17,350.00;421.75;135,593.50;17,948.50;61,169.25;9,748.00;20,128.25
Nov 27, 2024;Nov 28, 2024;22,603.75;2,646.75;19,897.75;156,003.50;15,985.50;504.00;129,630.25;20,658.25;59,159.75;8,830.00;19,811.50
Nov 28, 2024;Nov 29, 2024;23,543.00;2,755.75;24,035.50;309,065.25;4,009.75;504.00;111,162.50;17,395.25;55,889.75;5,793.00;13,119.00
Nov 29, 2024;Nov 30, 2024;23,513.25;2,752.00;5,166.50;50,144.00;6,510.25;503.75;141,674.00;23,597.75;77,280.25;13,988.00;20,555.50
Nov 30, 2024;Dec 1, 2024;23,841.25;2,790.00;20,765.25;97,403.75;26,931.50;504.00;133,829.00;10,536.25;66,691.00;10,540.75;20,520.00
Dec 1, 2024;Dec 2, 2024;23,763.75;2,782.50;12,436.25;100,643.50;26,677.75;504.00;136,962.25;10,163.50;67,817.25;7,263.75;20,830.75
Dec 2, 2024;Dec 3, 2024;23,456.75;2,745.50;19,538.75;145,850.75;9,365.25;504.00;133,237.25;10,431.75;71,401.50;11,316.25;20,738.75
Dec 3, 2024;Dec 4, 2024;23,278.75;2,724.25;11,020.25;89,949.75;9,092.00;504.00;152,837.00;11,255.00;73,242.75;8,309.00;19,894.25
Dec 4, 2024;Dec 5, 2024;23,648.00;2,767.25;28,678.25;49,967.00;5,390.25;504.00;154,515.75;13,330.50;82,739.00;15,164.25;20,824.00
Dec 5, 2024;Dec 6, 2024;23,479.25;2,748.50;13,188.00;137,812.25;17,603.00;504.00;134,020.25;11,376.25;67,596.50;7,809.25;20,466.25
Dec 6, 2024;Dec 7, 2024;22,809.50;2,669.50;21,834.75;178,103.75;4,777.50;504.00;123,386.00;11,945.75;66,085.75;15,090.25;20,406.50
Dec 7, 2024;Dec 8, 2024;22,182.00;2,596.00;14,375.75;132,698.50;5,832.00;504.00;103,367.25;8,720.75;53,378.75;2,485.75;19,575.50
Dec 8, 2024;Dec 9, 2024;21,775.75;2,548.00;25,476.25;70,619.75;6,536.00;504.00;112,434.25;9,381.75;66,389.00;11,565.25;20,958.50
Dec 9, 2024;Dec 10, 2024;20,227.25;2,368.00;34,548.25;158,726.00;2,247.00;504.00;103,665.25;11,966.00;68,005.75;7,079.75;20,314.25
Dec 10, 2024;Dec 11, 2024;18,001.75;2,107.75;16,287.50;95,237.00;2,430.00;504.00;115,057.00;22,819.00;84,820.25;10,374.00;21,016.50
Dec 11, 2024;Dec 12, 2024;18,309.00;2,143.75;3,987.00;5,079.75;3,036.00;504.00;120,473.50;26,309.50;95,950.50;15,445.75;23,778.00
Dec 12, 2024;Dec 13, 2024;20,068.00;2,348.75;1,211.50;1,166.00;3,261.75;504.00;121,348.00;26,433.50;98,202.25;12,258.25;24,107.25
Dec 13, 2024;Dec 14, 2024;19,715.25;2,309.25;5,961.50;47,594.25;8,952.50;504.00;131,736.50;26,722.50;94,069.50;14,044.50;22,154.50
Dec 14, 2024;Dec 15, 2024;19,933.50;2,333.50;27,162.25;151,302.50;2,164.25;504.00;133,327.00;22,029.25;73,463.00;3,216.00;16,754.50
Dec 15, 2024;Dec 16, 2024;19,693.00;2,305.25;20,852.75;299,567.75;6,798.25;504.00;56,906.25;9,432.25;42,017.50;5,020.25;17,119.75
Dec 16, 2024;Dec 17, 2024;20,541.25;2,406.00;14,421.50;356,037.00;3,395.50;484.75;63,206.75;9,033.75;46,333.75;11,986.25;20,561.75
Dec 17, 2024;Dec 18, 2024;21,828.75;2,554.25;27,328.50;233,777.75;6,341.25;504.00;124,518.25;19,868.00;58,517.00;15,634.50;20,940.25
Dec 18, 2024;Dec 19, 2024;22,649.25;2,651.75;30,558.25;249,426.00;7,064.75;504.00;61,534.50;12,351.25;44,985.00;7,177.75;16,591.25
Dec 19, 2024;Dec 20, 2024;23,325.25;2,731.00;30,482.25;306,115.25;5,724.25;504.00;46,620.50;11,641.25;42,832.25;11,503.00;14,451.25
Dec 20, 2024;Dec 21, 2024;23,246.75;2,721.50;26,606.50;280,212.75;13,221.75;504.00;58,047.00;12,623.75;52,860.50;15,912.00;14,733.50
Dec 21, 2024;Dec 22, 2024;23,450.50;2,745.25;32,894.00;282,061.25;5,836.00;504.00;38,052.50;10,882.50;27,268.50;8,188.00;13,988.75
Dec 22, 2024;Dec 23, 2024;22,370.25;2,619.25;21,788.50;200,156.25;6,358.00;504.00;54,221.75;11,250.50;31,112.75;14,041.75;19,515.25
Dec 23, 2024;Dec 24, 2024;23,406.00;2,740.25;16,069.00;224,465.25;7,707.00;504.00;88,223.75;11,382.25;40,059.00;9,057.50;20,829.00
Dec 24, 2024;Dec 25, 2024;23,322.25;2,730.75;3,134.50;73,905.00;9,749.75;504.00;158,375.75;11,832.25;52,249.25;13,603.25;21,112.75
Dec 25, 2024;Dec 26, 2024;23,445.25;2,743.00;14,643.25;56,729.75;10,268.50;504.00;173,733.50;12,295.00;50,358.00;6,299.75;21,746.00
Dec 26, 2024;Dec 27, 2024;23,282.25;2,725.75;10,391.75;7,217.00;5,279.25;504.00;177,958.75;18,038.50;59,141.75;6,177.75;22,671.25
Dec 27, 2024;Dec 28, 2024;21,755.50;2,548.25;1,787.75;1,582.00;9,571.25;504.00;176,146.50;20,459.00;70,631.00;13,221.00;22,660.25
Dec 28, 2024;Dec 29, 2024;23,594.50;2,761.50;3,595.25;5,754.00;13,511.75;504.00;182,068.75;19,498.25;73,280.25;6,585.50;22,406.00
Dec 29, 2024;Dec 30, 2024;23,665.25;2,770.50;26,310.50;83,528.75;14,108.50;504.00;164,369.50;20,508.75;63,417.25;3,296.00;21,637.50
Dec 30, 2024;Dec 31, 2024;22,606.00;2,646.75;21,674.50;187,811.00;7,935.25;504.00;126,455.75;13,360.50;54,973.75;8,447.50;19,905.50
Dec 31, 2024;Jan 1, 2025;21,432.50;2,510.00;26,395.00;185,948.50;16,387.75;504.00;92,180.25;12,910.50;45,158.50;7,056.25;20,818.50
Jan 1, 2025;Jan 2, 2025;18,214.75;2,132.75;30,040.50;338,842.25;7,996.75;504.00;49,469.00;10,862.00;31,566.00;308.75;19,915.50
Jan 2, 2025;Jan 3, 2025;19,445.00;2,276.50;29,282.00;207,672.75;9,790.75;504.00;124,693.50;18,116.00;52,186.25;13,750.75;19,182.50
Jan 3, 2025;Jan 4, 2025;18,796.50;2,201.50;27,336.50;285,672.50;8,222.25;504.00;112,399.25;13,200.00;51,501.75;4,577.50;18,491.50
Jan 4, 2025;Jan 5, 2025;19,133.50;2,240.00;22,992.00;113,631.50;4,089.75;504.00;175,898.25;22,280.50;74,972.00;14,721.00;20,650.50
Jan 5, 2025;Jan 6, 2025;19,187.50;2,246.75;16,735.75;125,055.50;2,256.75;504.00;132,997.00;14,343.75;56,729.00;2,172.00;19,805.75
Jan 6, 2025;Jan 7, 2025;16,690.00;1,952.50;16,504.75;290,515.75;7,141.00;504.00;52,543.25;11,218.00;36,494.25;10,063.00;18,989.75
Jan 7, 2025;Jan 8, 2025;22,048.00;2,581.50;25,577.50;274,813.50;13,378.75;504.00;65,556.75;11,030.00;42,179.75;14,560.25;19,066.00
Jan 8, 2025;Jan 9, 2025;24,557.00;2,874.75;29,169.75;197,159.75;13,586.50;504.00;134,944.00;17,779.50;54,319.25;9,032.00;19,554.00
Jan 9, 2025;Jan 10, 2025;24,924.75;2,916.00;5,750.25;112,209.00;5,372.00;504.00;178,012.25;22,196.25;73,985.25;13,040.00;22,028.50
Jan 10, 2025;Jan 11, 2025;25,252.75;2,955.25;24,671.25;221,027.75;3,637.50;504.00;161,359.50;20,579.75;72,278.75;12,890.00;21,355.00
Jan 11, 2025;Jan 12, 2025;25,799.50;3,021.25;23,683.75;280,925.75;8,794.00;504.00;112,541.25;14,896.50;59,428.25;2,292.00;19,554.75
Jan 12, 2025;Jan 13, 2025;26,174.75;3,064.25;13,519.50;126,472.25;10,710.25;504.00;149,700.25;21,508.00;75,908.00;8,908.25;22,056.25
Jan 13, 2025;Jan 14, 2025;25,856.00;3,026.50;18,302.50;42,032.75;14,704.75;504.00;167,836.50;24,096.50;91,743.25;12,648.25;24,261.25
Jan 14, 2025;Jan 15, 2025;25,988.50;3,042.75;34,895.25;165,980.25;8,158.75;504.00;156,076.50;20,580.25;82,771.25;9,026.75;21,926.00
Jan 15, 2025;Jan 16, 2025;26,425.00;3,093.00;9,351.00;73,667.00;4,800.75;504.00;182,718.00;24,460.00;94,395.50;15,749.25;22,551.50
Jan 16, 2025;Jan 17, 2025;25,733.25;3,012.50;28,647.75;33,060.00;5,013.00;504.00;171,479.25;17,419.00;98,087.50;11,316.25;22,927.25
Jan 17, 2025;Jan 18, 2025;25,379.25;2,972.25;26,646.75;14,619.50;12,434.50;504.00;179,152.50;14,911.75;100,347.00;13,375.00;23,648.50
Jan 18, 2025;Jan 19, 2025;25,921.25;3,035.25;9,820.00;6,949.50;15,688.75;504.00;173,737.75;17,058.00;90,717.25;7,851.25;22,537.75
Jan 19, 2025;Jan 20, 2025;25,815.25;3,292.25;527.50;58,409.75;26,976.50;504.00;169,839.50;16,612.00;86,580.00;7,997.25;22,507.00
Jan 20, 2025;Jan 21, 2025;25,946.75;3,037.00;5,755.25;67,475.25;24,737.50;504.00;176,477.00;16,718.50;95,298.50;15,822.50;17,040.50
Jan 21, 2025;Jan 22, 2025;26,755.00;3,132.00;9,655.75;12,421.25;13,503.50;504.00;190,601.25;16,591.75;101,405.25;14,950.75;17,953.00
Jan 22, 2025;Jan 23, 2025;26,271.00;3,075.00;11,851.25;87,644.75;20,778.50;504.00;185,689.25;16,757.75;95,882.25;11,415.75;16,271.75
Jan 23, 2025;Jan 24, 2025;22,133.50;2,591.25;32,285.25;212,777.00;5,565.75;504.00;141,081.50;13,023.00;66,657.50;7,241.75;14,430.50
Jan 24, 2025;Jan 25, 2025;21,964.00;2,571.75;29,521.50;221,335.25;16,117.75;165.50;86,051.75;5,652.25;50,509.50;4,514.50;14,110.25
Jan 25, 2025;Jan 26, 2025;24,834.25;2,908.25;21,455.25;185,743.00;10,889.75;0.00;124,892.25;9,250.75;53,331.25;15,535.50;14,229.25
Jan 26, 2025;Jan 27, 2025;26,964.25;3,156.75;4,308.00;112,831.25;10,219.50;0.00;157,992.75;10,270.25;63,701.75;5,992.25;15,442.25
Jan 27, 2025;Jan 28, 2025;26,417.25;3,092.25;22,501.25;233,249.50;9,502.75;0.00;93,780.75;8,168.00;47,089.50;9,152.25;13,766.25
Jan 28, 2025;Jan 29, 2025;26,408.00;3,092.50;9,391.00;107,424.25;7,761.75;0.00;143,872.50;11,677.00;59,740.00;15,977.25;15,763.25
Jan 29, 2025;Jan 30, 2025;26,449.50;3,096.75;16,386.50;212,088.75;13,238.25;154.50;139,464.25;15,593.75;58,455.75;9,384.25;14,867.00
Jan 30, 2025;Jan 31, 2025;26,714.50;3,127.25;26,679.00;89,231.25;14,270.50;504.00;163,188.25;24,595.00;66,928.00;12,400.00;12,907.00
Jan 31, 2025;Feb 1, 2025;26,544.50;3,107.50;11,638.00;132,330.75;19,968.50;504.00;173,553.25;29,603.50;71,808.75;13,367.25;12,782.50
Feb 1, 2025;Feb 2, 2025;26,814.50;3,139.00;5,187.25;23,685.25;16,251.75;504.00;172,226.50;31,078.75;67,339.00;8,361.00;12,960.00
Feb 2, 2025;Feb 3, 2025;27,110.00;3,173.50;1,355.25;5,740.75;24,141.00;504.00;176,120.00;29,566.00;66,091.00;6,731.50;12,866.75
Feb 3, 2025;Feb 4, 2025;26,793.50;3,136.50;4,039.50;19,885.75;39,638.25;504.00;177,363.00;31,070.00;78,876.50;15,888.50;14,594.50
Feb 4, 2025;Feb 5, 2025;26,141.25;3,060.00;5,211.50;41,084.50;41,089.50;504.00;170,518.75;31,004.50;76,046.25;10,748.00;18,821.25
Feb 5, 2025;Feb 6, 2025;23,319.00;2,730.25;19,596.25;85,690.50;10,034.75;504.00;173,859.50;29,679.50;78,057.25;9,486.75;19,188.75
Feb 6, 2025;Feb 7, 2025;23,209.75;2,716.25;6,543.50;35,300.50;8,306.25;504.00;178,508.50;30,872.00;80,552.00;8,401.00;20,446.75
Feb 7, 2025;Feb 8, 2025;23,430.75;2,742.75;27,484.25;169,848.75;14,376.00;504.00;162,350.00;24,040.25;69,348.00;5,298.75;20,456.75
Feb 8, 2025;Feb 9, 2025;27,390.50;3,207.00;22,419.75;110,406.50;36,068.50;77.25;136,200.00;24,628.25;63,092.75;8,128.00;14,263.75
Feb 9, 2025;Feb 10, 2025;26,830.00;3,140.25;15,480.50;50,839.50;37,399.75;0.00;151,000.50;25,734.75;67,702.00;6,763.50;14,465.00
Feb 10, 2025;Feb 11, 2025;26,183.50;3,066.00;36,623.50;115,819.25;22,336.25;0.00;153,202.00;23,061.50;70,965.00;10,755.00;21,110.00
Feb 11, 2025;Feb 12, 2025;25,734.50;3,013.00;29,065.50;186,951.50;31,668.50;0.00;129,705.00;21,973.75;70,884.50;7,620.75;20,173.25
Feb 12, 2025;Feb 13, 2025;25,318.50;2,963.75;19,262.50;87,721.50;21,300.50;162.50;159,885.75;28,782.25;86,413.50;9,467.00;22,032.00
Feb 13, 2025;Feb 14, 2025;25,350.50;2,967.50;25,227.00;39,098.00;4,259.50;399.00;175,534.75;29,890.25;98,765.75;13,615.75;24,251.75
Feb 14, 2025;Feb 15, 2025;26,265.00;3,074.50;15,136.75;41,194.50;5,520.50;504.00;183,423.25;30,196.50;100,175.50;11,354.75;22,196.00
Feb 15, 2025;Feb 16, 2025;26,853.25;3,143.50;6,965.25;5,732.50;12,335.25;504.00;184,701.25;30,791.75;89,713.00;6,187.00;22,834.00
Feb 16, 2025;Feb 17, 2025;26,180.50;3,065.50;11,395.25;32,056.00;24,270.75;504.00;174,876.00;29,665.00;86,026.50;4,790.50;22,905.25
Feb 17, 2025;Feb 18, 2025;25,702.75;3,009.00;12,704.25;8,814.50;40,622.25;497.50;187,479.75;29,023.50;99,068.25;17,892.75;22,935.00
Feb 18, 2025;Feb 19, 2025;26,535.75;3,104.50;12,465.75;22,620.25;48,136.50;504.00;181,919.25;28,719.50;96,519.50;10,874.50;22,351.25
Feb 19, 2025;Feb 20, 2025;26,937.00;3,153.75;1,375.00;84,843.75;52,498.50;504.00;161,576.50;25,480.75;85,024.50;9,232.25;21,550.00
Feb 20, 2025;Feb 21, 2025;26,951.75;3,154.50;24,141.25;149,433.25;46,451.25;504.00;151,054.25;26,538.25;79,065.50;10,565.75;21,358.25
Feb 21, 2025;Feb 22, 2025;27,154.75;3,177.50;21,611.75;108,617.50;28,135.75;504.00;136,548.50;18,050.50;62,500.75;10,534.25;20,334.75
Feb 22, 2025;Feb 23, 2025;27,178.00;3,181.00;28,229.25;165,617.25;43,999.00;504.00;97,337.50;18,650.50;48,575.25;14,883.75;20,319.50
Feb 23, 2025;Feb 24, 2025;26,915.75;3,152.00;7,859.75;80,718.50;29,669.00;504.00;124,291.00;19,348.00;51,831.75;8,924.50;20,465.75
Feb 24, 2025;Feb 25, 2025;26,748.00;3,131.50;27,805.25;144,219.00;43,896.50;351.75;115,324.25;15,801.25;50,064.25;6,029.50;20,256.75
Feb 25, 2025;Feb 26, 2025;25,506.00;2,985.25;8,718.50;45,275.25;30,866.75;369.25;172,459.25;22,008.00;67,814.75;14,166.50;21,148.75
Feb 26, 2025;Feb 27, 2025;25,398.75;2,972.75;1,180.25;40,504.75;15,033.50;497.00;181,231.25;31,146.25;74,973.75;10,267.50;21,962.25
Feb 27, 2025;Feb 28, 2025;23,255.75;2,722.50;109.00;41,511.00;28,157.25;504.00;184,221.25;29,771.50;74,208.75;10,901.50;21,591.25
Feb 28, 2025;Mar 1, 2025;23,401.75;2,740.50;4,110.75;43,350.00;21,681.50;503.75;192,059.00;30,310.25;76,864.75;13,035.50;22,132.00
Mar 1, 2025;Mar 2, 2025;23,191.50;2,716.00;11,418.25;47,680.25;24,100.00;504.00;186,116.25;29,527.75;69,276.50;7,915.50;22,327.50
Mar 2, 2025;Mar 3, 2025;23,077.00;2,702.50;34,310.25;57,658.50;43,909.75;504.00;155,492.00;22,982.50;59,206.00;9,102.75;21,550.50
Mar 3, 2025;Mar 4, 2025;22,916.00;2,683.00;38,208.75;82,762.00;65,884.00;504.00;160,399.75;22,598.75;60,655.00;15,355.50;21,538.50
Mar 4, 2025;Mar 5, 2025;23,325.75;2,730.75;36,318.25;79,939.00;68,615.75;504.00;150,233.25;22,258.75;54,515.50;13,625.25;21,246.75
Mar 5, 2025;Mar 6, 2025;23,161.00;2,710.25;31,930.75;133,993.00;69,953.50;504.00;130,305.25;14,509.00;49,075.75;11,233.00;19,970.75
Mar 6, 2025;Mar 7, 2025;23,146.25;2,708.75;24,054.75;74,269.00;72,345.00;504.00;138,349.50;18,890.50;48,581.75;12,628.00;14,856.50
Mar 7, 2025;Mar 8, 2025;23,172.50;2,713.25;1,644.00;25,734.50;70,352.25;504.00;149,454.25;23,108.00;49,370.50;16,220.75;15,131.50
Mar 8, 2025;Mar 9, 2025;23,473.50;2,748.25;656.00;52,618.25;69,003.50;504.00;136,865.50;17,516.00;41,828.00;7,171.75;14,181.75
Mar 9, 2025;Mar 10, 2025;23,176.25;2,712.75;20,732.75;31,358.75;68,767.50;504.00;128,039.50;16,520.00;39,819.75;8,945.75;18,701.75
Mar 10, 2025;Mar 11, 2025;22,799.00;2,669.00;6,411.75;12,473.00;66,910.00;504.00;147,216.25;23,715.50;55,866.75;14,824.75;19,698.50
Mar 11, 2025;Mar 12, 2025;23,561.50;2,757.00;1,170.25;13,934.75;36,774.75;504.00;159,292.75;26,466.75;66,180.75;13,820.50;21,386.75
Mar 12, 2025;Mar 13, 2025;23,484.75;2,748.25;2,420.25;11,429.00;21,017.75;253.50;163,866.50;26,761.75;73,791.50;13,830.75;23,950.75
Mar 13, 2025;Mar 14, 2025;23,698.00;2,774.00;1,025.75;13,149.25;36,179.50;504.00;162,410.75;26,113.75;73,481.50;10,777.75;21,818.25
Mar 14, 2025;Mar 15, 2025;23,545.50;2,757.50;4,516.50;16,917.25;34,456.75;504.00;157,667.75;14,066.25;76,825.75;9,954.50;21,938.00
Mar 15, 2025;Mar 16, 2025;23,623.25;2,765.50;3,834.25;60,888.00;49,306.50;504.00;114,679.00;13,660.50;56,385.75;9,441.25;21,189.75
Mar 16, 2025;Mar 17, 2025;23,535.75;2,756.50;20,059.25;57,578.75;67,597.25;504.00;118,741.25;13,036.50;51,785.75;6,507.00;20,145.00
Mar 17, 2025;Mar 18, 2025;23,569.75;2,760.50;16,534.50;92,883.75;81,805.00;504.00;133,941.50;15,996.25;56,883.50;12,959.25;19,726.00
Mar 18, 2025;Mar 19, 2025;23,680.50;2,773.00;17,767.50;28,118.25;86,077.75;504.00;134,333.50;27,706.75;64,969.25;11,773.75;20,370.25
Mar 19, 2025;Mar 20, 2025;23,518.50;2,754.00;6,507.00;30,199.00;85,097.75;504.00;142,101.75;25,780.75;64,289.75;15,343.75;17,664.75
Mar 20, 2025;Mar 21, 2025;23,644.75;2,767.50;4,683.25;33,930.00;82,317.25;504.00;140,345.00;23,126.25;63,512.75;14,129.25;13,480.00
Mar 21, 2025;Mar 22, 2025;23,573.50;2,760.00;22,214.50;80,976.75;82,570.00;504.00;88,588.75;13,071.25;42,493.25;13,887.00;16,471.75
Mar 22, 2025;Mar 23, 2025;23,213.50;2,717.25;28,036.00;220,182.25;76,119.25;504.00;35,658.75;7,212.50;18,980.25;4,877.00;17,603.25
Mar 23, 2025;Mar 24, 2025;23,386.25;2,738.50;37,898.50;111,531.75;59,539.75;504.00;74,116.00;12,954.25;29,340.75;10,011.25;18,923.50
Mar 24, 2025;Mar 25, 2025;23,237.00;2,719.50;4,257.50;6,622.50;51,876.00;489.50;160,590.75;26,040.25;52,177.50;18,245.25;20,016.25
Mar 25, 2025;Mar 26, 2025;23,003.75;2,692.75;22,586.50;42,255.25;48,895.75;504.00;160,435.75;24,366.25;54,212.50;9,970.50;19,270.25
Mar 26, 2025;Mar 27, 2025;22,647.00;2,651.50;16,390.25;65,280.75;30,882.00;332.75;161,134.00;24,722.25;52,737.75;14,510.00;19,582.75
Mar 27, 2025;Mar 28, 2025;22,091.75;2,658.00;15,268.75;27,773.00;54,977.75;65.50;157,465.25;23,765.00;46,413.25;13,252.25;19,294.50
Mar 28, 2025;Mar 29, 2025;22,833.75;2,746.00;12,507.25;42,146.00;87,983.25;323.50;148,209.25;19,690.75;41,065.00;14,838.75;19,129.50
Mar 29, 2025;Mar 30, 2025;22,863.50;2,700.75;8,141.25;84,883.00;46,865.75;504.00;106,635.25;11,863.75;35,758.00;12,856.50;19,520.50
Mar 30, 2025;Mar 31, 2025;19,872.75;2,326.50;8,797.50;170,010.25;28,984.00;483.00;54,480.25;7,881.00;21,111.50;3,504.75;17,610.50
Mar 31, 2025;Apr 1, 2025;18,668.25;2,338.50;7,763.25;131,912.75;27,837.50;504.00;118,804.75;20,801.50;45,515.75;15,766.75;19,504.50
Apr 1, 2025;Apr 2, 2025;18,667.00;2,236.00;4,221.00;67,603.00;76,057.25;504.00;127,209.00;16,130.00;48,619.75;13,069.75;19,769.00
Apr 2, 2025;Apr 3, 2025;18,150.75;2,142.50;3,260.75;85,635.00;84,372.75;504.00;108,787.00;9,227.50;37,260.50;12,599.75;19,479.75
Apr 3, 2025;Apr 4, 2025;18,228.50;2,215.50;349.00;50,406.00;98,360.50;384.00;114,755.00;17,299.25;36,276.75;18,280.50;19,980.25
Apr 4, 2025;Apr 5, 2025;18,463.25;2,190.75;4,778.25;18,710.75;97,750.75;504.00;115,510.75;21,164.00;34,959.75;16,307.50;20,376.25
Apr 5, 2025;Apr 6, 2025;18,546.25;2,193.50;11,021.00;108,957.00;80,862.50;504.00;64,282.25;12,046.75;28,560.25;10,385.25;19,430.00
Apr 6, 2025;Apr 7, 2025;18,521.50;2,217.25;10,071.50;65,098.75;72,318.25;504.00;57,582.50;12,195.25;25,493.00;9,556.50;17,918.00
Apr 7, 2025;Apr 8, 2025;18,521.00;2,272.25;11,644.75;60,339.75;72,923.75;504.00;111,022.25;20,977.00;45,523.50;13,521.75;19,852.00
Apr 8, 2025;Apr 9, 2025;19,306.75;2,349.00;410.25;13,748.75;78,484.75;504.00;116,398.25;21,303.25;53,056.25;14,907.75;20,272.00
Apr 9, 2025;Apr 10, 2025;19,868.25;2,366.25;15,239.25;62,848.00;66,795.00;504.00;115,920.75;20,255.50;50,416.00;12,500.75;20,488.00
Apr 10, 2025;Apr 11, 2025;21,440.25;2,558.25;12,793.50;104,757.00;78,208.25;496.25;103,202.00;19,482.75;44,475.25;14,807.25;20,082.25
Apr 11, 2025;Apr 12, 2025;23,088.00;2,789.00;20,232.75;202,419.50;55,095.25;482.25;72,560.25;13,210.75;35,551.50;15,577.50;19,566.00
Apr 12, 2025;Apr 13, 2025;24,332.25;2,907.75;5,972.75;26,699.00;89,453.25;504.00;74,360.50;16,610.50;29,778.50;15,502.75;11,809.00
Apr 13, 2025;Apr 14, 2025;24,535.25;2,873.25;17,342.00;119,968.75;68,326.75;504.00;65,464.00;11,872.75;20,911.25;7,481.00;12,153.00
Apr 14, 2025;Apr 15, 2025;24,475.50;2,953.25;3,921.50;34,365.00;82,287.75;492.50;122,168.75;22,037.00;35,378.25;16,638.25;12,295.75
Apr 15, 2025;Apr 16, 2025;24,058.00;2,866.00;22,971.75;156,811.50;67,995.50;503.75;103,859.75;15,787.50;33,875.25;11,221.75;11,999.50
Apr 16, 2025;Apr 17, 2025;24,905.50;2,989.00;10,703.50;68,556.00;98,398.00;504.00;114,589.00;25,886.25;36,195.50;15,751.75;11,779.50
Apr 17, 2025;Apr 18, 2025;24,693.50;2,964.75;19,876.75;86,805.50;72,842.00;504.00;115,854.25;20,995.25;31,403.75;12,575.00;17,649.00
Apr 18, 2025;Apr 19, 2025;24,708.25;2,941.75;6,362.00;53,743.25;17,800.75;504.00;112,811.75;21,081.50;28,291.00;10,027.50;18,086.50
Apr 19, 2025;Apr 20, 2025;25,330.00;2,966.75;5,001.25;22,955.75;27,704.25;504.00;86,118.25;16,723.00;26,166.00;11,933.50;18,370.25
Apr 20, 2025;Apr 21, 2025;25,196.25;2,973.25;1,445.25;16,784.50;96,063.00;504.00;68,139.75;15,853.50;24,258.75;11,754.50;17,421.25
Apr 21, 2025;Apr 22, 2025;25,189.50;2,997.75;138.75;21,847.00;63,793.75;504.00;81,341.25;19,990.75;24,182.00;8,084.50;17,057.75
Apr 22, 2025;Apr 23, 2025;25,478.25;3,112.75;402.50;25,489.25;69,284.75;504.00;92,618.25;19,920.25;32,202.50;17,122.50;15,294.75
Apr 23, 2025;Apr 24, 2025;25,690.50;3,085.50;943.25;27,113.25;79,296.00;504.00;96,704.00;17,727.25;39,444.25;12,599.25;15,033.25
Apr 24, 2025;Apr 25, 2025;24,175.25;2,889.50;6,066.25;72,548.00;55,854.75;504.00;115,210.75;19,077.25;39,143.50;10,953.25;14,881.50
Apr 25, 2025;Apr 26, 2025;29,513.50;3,541.00;1,226.00;63,721.00;73,413.75;504.00;124,455.50;18,703.00;37,071.50;10,952.00;11,765.00
Apr 26, 2025;Apr 27, 2025;38,088.75;4,460.50;2,137.50;81,392.50;110,896.50;504.00;68,178.00;6,630.50;26,302.00;12,573.75;9,274.75
Apr 27, 2025;Apr 28, 2025;37,884.25;4,435.75;3,913.75;63,632.00;97,162.75;504.00;54,884.00;6,459.25;23,930.00;8,837.75;10,252.50
Apr 28, 2025;Apr 29, 2025;37,743.00;4,532.75;6,419.25;15,802.50;109,961.50;325.75;91,551.75;4,254.50;32,986.75;16,628.00;9,964.75
Apr 29, 2025;Apr 30, 2025;37,091.00;4,439.75;16,214.00;31,334.50;103,817.25;320.75;96,954.25;3,139.25;30,924.25;11,237.00;10,635.50
Apr 30, 2025;May 1, 2025;27,966.00;3,323.50;13,113.25;15,925.75;104,555.00;504.00;96,416.50;3,622.00;28,019.00;12,913.75;14,021.75
May 1, 2025;May 2, 2025;23,632.25;2,840.50;3,926.00;23,380.00;99,228.25;504.00;71,508.50;2,789.50;22,079.00;13,661.50;13,317.25
May 2, 2025;May 3, 2025;24,407.50;2,930.75;17,521.00;97,934.50;87,950.25;504.00;58,943.50;3,317.00;21,789.00;15,054.75;14,567.00
May 3, 2025;May 4, 2025;24,667.25;2,888.25;13,363.25;34,798.25;64,846.25;504.00;55,377.50;2,201.00;18,318.00;13,884.25;15,299.50
May 4, 2025;May 5, 2025;23,994.25;2,834.75;19,133.25;133,830.00;62,252.25;504.00;52,250.50;2,650.50;16,929.75;7,760.00;15,200.50
May 5, 2025;May 6, 2025;23,149.00;2,816.00;3,714.50;51,165.00;93,119.50;500.50;69,936.25;3,392.00;33,610.75;12,874.25;15,236.25
May 6, 2025;May 7, 2025;23,167.25;2,712.75;13,244.75;33,006.50;108,230.00;504.00;75,673.50;6,676.75;34,920.00;11,770.00;15,170.50
May 7, 2025;May 8, 2025;23,959.00;2,855.25;1,764.25;60,523.00;95,227.00;424.25;99,586.50;6,968.25;38,187.75;12,933.00;15,078.00
May 8, 2025;May 9, 2025;24,170.75;2,926.75;1,472.50;44,324.50;92,312.75;504.00;85,308.25;10,871.00;39,565.00;13,978.50;15,440.50
May 9, 2025;May 10, 2025;23,931.50;2,875.50;9,191.25;14,888.25;109,343.75;504.00;75,508.75;9,223.50;35,539.50;13,179.75;15,354.00
May 10, 2025;May 11, 2025;24,086.50;2,870.00;4,039.25;43,856.25;81,627.50;504.00;66,836.25;7,143.00;23,257.75;13,206.50;14,375.75
May 11, 2025;May 12, 2025;24,212.75;2,882.50;4,087.00;49,719.50;94,281.25;497.75;52,492.50;5,873.75;19,793.00;8,562.25;13,854.50
May 12, 2025;May 13, 2025;22,727.75;2,717.75;2,546.50;65,634.00;118,384.75;504.00;59,126.25;7,792.25;26,081.00;12,167.75;14,786.50
May 13, 2025;May 14, 2025;22,626.00;2,698.50;13,370.75;23,895.00;118,579.50;504.00;77,832.25;14,624.25;27,327.25;13,489.50;15,534.75
May 14, 2025;May 15, 2025;23,339.50;2,780.75;10,054.25;93,639.00;102,664.25;504.00;76,012.75;14,174.50;27,649.25;9,932.75;15,058.00
May 15, 2025;May 16, 2025;23,268.50;2,821.25;13,189.75;139,650.00;82,468.00;504.00;74,778.75;12,858.75;25,740.50;12,196.75;15,551.00
May 16, 2025;May 17, 2025;23,565.00;2,809.50;15,097.50;102,009.50;76,949.75;504.00;79,055.25;10,488.25;26,216.25;14,654.00;15,123.00
May 17, 2025;May 18, 2025;23,739.00;2,851.00;14,483.50;121,385.00;67,695.50;504.00;66,874.00;14,004.50;23,431.25;12,011.50;15,227.75
May 18, 2025;May 19, 2025;23,658.75;2,768.75;16,552.25;107,529.75;65,606.50;504.00;62,298.50;13,360.00;22,132.25;10,269.00;15,906.50
May 19, 2025;May 20, 2025;23,271.50;2,847.50;10,613.50;65,370.00;47,809.75;504.00;94,498.75;17,734.75;29,518.50;15,610.75;15,792.50
May 20, 2025;May 21, 2025;22,541.50;2,708.00;19,879.00;20,571.25;105,963.25;504.00;97,474.50;18,489.75;33,875.75;12,175.50;15,886.25
May 21, 2025;May 22, 2025;23,088.50;2,750.75;24,238.75;113,066.75;107,868.25;226.00;87,050.25;14,624.50;29,648.75;11,640.25;15,538.25
May 22, 2025;May 23, 2025;23,638.00;2,792.25;25,699.75;154,175.00;79,268.00;118.75;80,230.75;13,219.75;26,739.00;12,222.25;15,978.75
May 23, 2025;May 24, 2025;25,818.00;3,070.50;20,871.00;104,294.25;93,826.50;504.00;77,025.75;14,080.00;27,573.00;15,018.75;16,472.00
May 24, 2025;May 25, 2025;26,056.00;3,074.25;11,035.75;82,841.50;92,668.00;504.00;51,151.75;5,440.75;24,164.50;15,109.50;16,400.50
May 25, 2025;May 26, 2025;26,085.25;3,078.25;26,618.50;111,704.00;41,777.00;485.50;40,320.50;5,232.50;15,703.00;9,535.75;16,531.25
May 26, 2025;May 27, 2025;26,067.75;3,159.00;16,112.50;58,077.75;92,155.75;504.00;72,218.50;7,233.75;27,995.75;18,543.00;16,385.50
May 27, 2025;May 28, 2025;25,205.50;2,999.25;19,191.25;108,615.25;76,626.50;363.00;72,091.25;8,429.25;25,375.50;12,624.25;16,439.00
May 28, 2025;May 29, 2025;25,428.25;3,051.00;16,172.50;163,181.00;53,354.25;497.00;79,220.75;13,197.25;25,797.00;13,663.00;16,298.50
May 29, 2025;May 30, 2025;25,565.00;3,041.00;15,795.50;83,715.75;95,921.50;504.00;53,317.00;7,857.50;21,393.00;12,807.75;16,629.00
May 30, 2025;May 31, 2025;25,346.25;3,017.00;26,225.25;108,473.25;83,291.75;491.75;49,302.25;5,592.25;18,236.00;11,865.25;15,994.00
May 31, 2025;Jun 1, 2025;24,599.00;2,880.00;9,090.75;22,140.00;98,226.75;42.00;59,320.00;9,723.50;19,962.25;19,402.25;15,870.00
Jun 1, 2025;Jun 2, 2025;24,715.75;2,942.75;11,031.25;75,680.75;70,414.25;195.50;52,875.75;3,287.50;14,358.75;7,417.00;16,326.25
Jun 2, 2025;Jun 3, 2025;24,425.25;2,945.75;21,548.75;45,864.50;89,219.50;504.00;78,819.25;7,037.50;24,799.00;19,073.25;16,888.75
Jun 3, 2025;Jun 4, 2025;25,605.50;3,097.25;5,317.00;32,559.00;114,093.75;504.00;61,173.50;8,301.25;27,111.00;11,946.50;16,951.25
Jun 4, 2025;Jun 5, 2025;25,928.50;3,108.75;17,435.75;104,302.75;73,816.25;385.00;52,419.25;3,490.00;25,453.75;12,155.00;16,953.75
Jun 5, 2025;Jun 6, 2025;26,251.25;3,123.25;5,198.75;79,309.50;79,618.50;504.00;49,539.75;3,459.50;22,227.00;13,088.25;16,689.00
Jun 6, 2025;Jun 7, 2025;25,476.25;3,031.75;21,017.25;190,605.25;71,878.25;493.50;38,643.00;974.25;17,006.25;13,564.75;16,498.75
Jun 7, 2025;Jun 8, 2025;24,971.50;2,996.25;8,101.75;103,376.25;74,587.75;504.00;51,562.75;909.00;17,870.00;15,979.25;16,492.00
Jun 8, 2025;Jun 9, 2025;24,987.00;2,952.50;11,771.00;186,459.00;63,207.75;504.00;35,430.75;835.00;13,142.50;10,420.25;15,476.50
Jun 9, 2025;Jun 10, 2025;26,704.00;3,223.75;25,889.50;125,218.50;84,878.25;504.00;43,284.25;843.00;13,842.25;16,506.50;16,584.00
Jun 10, 2025;Jun 11, 2025;26,013.50;3,051.75;10,851.75;118,741.50;51,670.25;504.00;56,732.50;834.75;17,772.00;10,554.00;10,575.00
Jun 11, 2025;Jun 12, 2025;26,137.00;3,181.25;22,633.25;124,722.50;98,412.50;504.00;59,204.25;3,715.25;20,556.25;16,327.00;10,481.75
Jun 12, 2025;Jun 13, 2025;26,043.75;3,120.75;3,378.00;52,883.25;121,182.75;391.00;57,296.75;1,417.50;20,658.75;15,362.75;10,758.25
Jun 13, 2025;Jun 14, 2025;26,045.25;3,096.75;6,234.00;114,394.00;128,083.50;498.75;46,703.00;3,449.75;18,318.00;15,520.75;10,524.00
Jun 14, 2025;Jun 15, 2025;25,771.75;3,066.50;17,207.75;102,169.00;115,026.25;471.50;46,430.75;988.00;16,513.25;10,452.00;10,631.25
Jun 15, 2025;Jun 16, 2025;25,252.00;3,028.00;8,245.75;88,493.00;91,476.00;504.00;63,676.75;3,784.00;17,715.25;12,262.00;10,304.00
Jun 16, 2025;Jun 17, 2025;25,586.50;3,051.00;26,096.50;120,036.75;85,040.50;504.00;100,331.25;7,555.50;22,030.00;11,235.75;10,355.75
Jun 17, 2025;Jun 18, 2025;26,329.50;3,156.25;19,517.25;27,416.75;115,643.00;243.75;107,568.25;8,709.00;26,612.00;9,510.00;10,157.50
Jun 18, 2025;Jun 19, 2025;26,776.50;3,206.50;16,866.25;57,764.00;110,558.00;241.00;109,006.00;9,276.75;26,423.75;8,581.75;10,124.25
Jun 19, 2025;Jun 20, 2025;27,008.75;3,210.00;20,069.00;109,751.50;105,209.50;240.00;62,645.00;5,836.25;17,878.00;9,611.50;10,232.50
Jun 20, 2025;Jun 21, 2025;27,507.00;3,291.25;8,259.50;29,616.00;129,881.25;284.50;55,796.50;8,458.50;19,341.75;11,680.50;10,266.75
Jun 21, 2025;Jun 22, 2025;26,733.75;3,202.25;11,475.50;8,240.00;112,552.75;494.25;58,343.75;7,088.50;16,179.75;10,961.25;10,569.25
Jun 22, 2025;Jun 23, 2025;25,877.50;3,077.00;12,811.25;38,371.00;104,384.50;405.00;49,329.75;1,767.25;13,271.50;10,813.75;10,189.75
Jun 23, 2025;Jun 24, 2025;26,229.00;3,077.50;17,934.50;193,090.25;78,988.50;504.00;40,604.25;57.75;16,488.00;7,538.75;10,389.25
Jun 24, 2025;Jun 25, 2025;26,412.75;3,141.50;26,520.50;192,547.00;72,138.50;504.00;47,971.50;51.00;19,689.75;7,037.50;10,229.50
Jun 25, 2025;Jun 26, 2025;26,152.75;3,182.75;16,996.00;160,069.75;92,258.25;504.00;73,183.25;1,276.00;23,762.75;11,887.00;10,087.25
Jun 26, 2025;Jun 27, 2025;26,039.50;3,098.00;6,293.75;83,228.00;95,368.50;504.00;108,248.75;5,799.75;20,710.25;7,692.25;10,219.75
Jun 27, 2025;Jun 28, 2025;26,615.00;3,186.75;26,964.50;157,032.50;63,210.75;504.00;97,353.25;61.50;16,638.00;9,880.50;10,122.25
Jun 28, 2025;Jun 29, 2025;24,996.75;3,000.25;23,859.25;92,579.75;100,770.25;504.00;52,624.75;62.00;14,182.25;6,579.00;9,711.00
Jun 29, 2025;Jun 30, 2025;25,385.00;2,971.25;26,750.50;123,814.50;90,929.00;504.00;60,549.25;2,644.25;14,494.75;6,763.25;9,921.50
Jun 30, 2025;Jul 1, 2025;26,681.75;3,251.25;15,402.75;41,556.00;127,824.25;504.00;94,706.00;9,641.75;24,450.75;11,600.75;10,015.75
Jul 1, 2025;Jul 2, 2025;26,218.50;3,095.00;739.25;29,238.50;126,046.00;492.50;98,591.50;12,405.25;29,279.25;9,918.50;10,524.25
Jul 2, 2025;Jul 3, 2025;25,179.25;3,020.00;11,814.25;51,915.00;123,212.25;403.00;94,091.75;11,942.50;25,127.25;9,242.25;9,759.75
Jul 3, 2025;Jul 4, 2025;25,956.50;3,112.50;22,746.25;125,837.75;79,540.25;504.00;99,473.00;11,602.25;20,181.00;6,614.50;9,829.25
Jul 4, 2025;Jul 5, 2025;26,496.00;3,159.25;15,220.50;30,296.50;113,559.00;504.00;109,207.00;8,163.25;19,523.50;10,427.75;9,979.75
Jul 5, 2025;Jul 6, 2025;26,352.50;3,133.50;21,323.50;82,130.50;95,279.75;504.00;61,433.50;2,946.00;13,593.25;7,041.00;10,008.00
Jul 6, 2025;Jul 7, 2025;26,669.25;3,194.75;11,105.25;74,749.50;83,844.50;504.00;80,745.75;3,476.00;15,743.50;10,800.00;10,078.75
Jul 7, 2025;Jul 8, 2025;26,510.00;3,156.75;9,028.00;49,422.00;72,417.25;504.00;116,083.50;11,250.50;21,941.25;9,817.50;10,389.25
Jul 8, 2025;Jul 9, 2025;25,867.25;3,077.50;7,053.75;91,516.00;82,555.50;504.00;92,539.50;11,108.00;28,143.25;7,709.00;10,532.50
Jul 9, 2025;Jul 10, 2025;26,152.75;3,135.00;2,070.00;109,482.00;65,687.75;504.00;103,717.50;8,052.50;28,279.75;7,727.25;10,799.00
Jul 10, 2025;Jul 11, 2025;26,525.25;3,153.50;7,878.50;55,586.50;98,097.50;504.00;108,058.00;5,546.00;27,084.00;8,849.00;11,011.00
Jul 11, 2025;Jul 12, 2025;25,164.25;3,018.25;21,706.50;113,481.00;81,360.00;504.00;97,729.75;3,012.25;21,839.50;8,819.25;10,598.50
Jul 12, 2025;Jul 13, 2025;25,979.25;3,091.75;25,915.75;79,711.00;26,675.50;504.00;72,086.50;7,284.00;17,235.00;8,446.75;10,147.00
Jul 13, 2025;Jul 14, 2025;25,134.50;2,943.00;15,239.25;31,121.25;69,550.50;504.00;78,291.75;7,048.50;19,745.00;8,083.50;10,324.50
Jul 14, 2025;Jul 15, 2025;25,081.25;2,990.75;1,803.75;36,341.75;93,855.50;504.00;110,671.00;4,988.75;28,779.00;10,323.25;10,506.50
Jul 15, 2025;Jul 16, 2025;24,755.00;3,019.75;4,884.75;59,614.75;63,683.75;504.00;107,224.50;3,152.00;28,715.25;7,313.75;10,720.00
Jul 16, 2025;Jul 17, 2025;25,487.00;3,034.00;15,101.75;50,156.75;83,215.50;472.50;113,858.50;12,257.50;28,114.75;9,731.75;10,630.50
Jul 17, 2025;Jul 18, 2025;25,853.50;3,025.50;8,313.00;111,107.25;52,645.25;504.00;109,088.75;8,046.00;25,442.25;8,780.25;10,398.50
Jul 18, 2025;Jul 19, 2025;25,167.50;3,064.75;981.50;18,175.50;77,017.75;504.00;112,493.50;11,608.00;23,258.25;12,816.00;10,413.00
Jul 19, 2025;Jul 20, 2025;25,593.75;2,996.75;343.75;14,523.50;115,373.75;409.00;77,383.00;4,431.75;16,758.25;10,768.00;9,713.25
Jul 20, 2025;Jul 21, 2025;24,653.50;2,910.50;5,205.25;45,705.75;103,628.25;396.50;73,848.00;3,579.75;15,214.75;5,768.75;9,493.25
Jul 21, 2025;Jul 22, 2025;25,122.00;3,068.50;13,526.00;62,411.50;28,870.50;429.75;102,055.25;13,125.00;20,846.75;11,155.00;9,876.75
Jul 22, 2025;Jul 23, 2025;26,467.25;3,147.00;16,000.00;120,375.00;70,933.75;408.00;89,558.00;6,322.75;19,796.00;6,247.50;10,259.00
Jul 23, 2025;Jul 24, 2025;26,620.25;3,164.25;7,985.00;188,276.00;60,179.75;208.00;81,981.50;3,373.50;20,502.75;6,105.75;10,469.75
Jul 24, 2025;Jul 25, 2025;23,400.50;2,788.25;1,797.25;27,689.00;75,476.50;504.00;112,030.75;6,511.50;23,089.25;13,002.75;10,053.50
Jul 25, 2025;Jul 26, 2025;23,460.00;2,794.75;4,673.50;31,684.75;78,478.75;502.00;108,528.75;25.25;22,698.50;7,441.50;10,210.50
Jul 26, 2025;Jul 27, 2025;26,009.50;3,103.25;7,415.00;15,518.25;56,288.00;504.00;100,110.25;26.00;20,039.50;9,735.75;10,483.75
Jul 27, 2025;Jul 28, 2025;26,793.25;3,137.25;521.75;18,454.00;77,884.25;504.00;80,182.25;25.50;17,046.50;8,730.75;10,829.75
Jul 28, 2025;Jul 29, 2025;26,586.50;3,146.75;13,874.00;107,896.00;66,168.00;504.00;78,318.50;25.25;20,159.25;9,537.75;10,924.75
Jul 29, 2025;Jul 30, 2025;25,289.00;3,018.50;28,218.00;121,428.50;89,903.25;504.00;74,328.50;26.50;20,949.50;13,554.25;10,839.00
Jul 30, 2025;Jul 31, 2025;25,370.25;3,019.50;10,848.50;64,351.75;86,052.75;498.00;65,597.75;26.25;21,210.50;11,675.50;10,770.25
Jul 31, 2025;Aug 1, 2025;26,230.25;3,191.00;6,836.75;102,560.00;57,140.00;447.25;70,818.00;26.50;21,155.00;12,405.00;10,444.50
Aug 1, 2025;Aug 2, 2025;26,067.75;3,102.25;2,215.50;53,113.50;78,884.00;504.00;76,937.50;25.25;22,266.50;13,881.00;10,436.50
Aug 2, 2025;Aug 3, 2025;26,552.25;3,157.75;4,639.00;45,337.00;87,803.75;504.00;66,446.25;26.75;18,578.25;11,458.25;9,897.00
Aug 3, 2025;Aug 4, 2025;26,968.75;3,181.75;11,870.00;81,327.75;52,757.25;504.00;45,979.00;26.25;15,699.25;7,325.75;10,008.00
Aug 4, 2025;Aug 5, 2025;26,777.50;3,194.00;11,220.75;104,388.25;81,058.25;504.00;46,509.00;26.25;20,925.00;17,364.50;10,234.25
Aug 5, 2025;Aug 6, 2025;26,500.00;3,126.75;30,784.00;126,215.25;43,748.00;483.00;36,951.75;27.00;17,069.00;14,041.50;10,108.75
Aug 6, 2025;Aug 7, 2025;26,811.00;3,186.50;31,275.50;101,843.75;93,985.25;504.00;42,569.50;25.75;15,849.00;16,155.00;9,916.00
Aug 7, 2025;Aug 8, 2025;26,278.75;3,127.25;7,830.75;23,991.50;101,605.25;504.00;54,288.75;25.75;19,995.25;12,769.75;9,784.25
Aug 8, 2025;Aug 9, 2025;26,392.50;3,210.50;5,216.00;50,156.50;81,467.25;504.00;61,979.25;2,434.00;21,226.75;11,830.50;9,937.00
Aug 9, 2025;Aug 10, 2025;26,117.50;3,105.75;1,985.75;20,733.50;95,253.50;504.00;57,974.25;4,005.25;17,505.00;12,505.00;9,562.25
Aug 10, 2025;Aug 11, 2025;26,230.00;3,069.50;10,350.50;82,442.50;94,950.25;504.00;47,100.75;2,613.00;16,017.00;10,769.25;9,369.25
Aug 11, 2025;Aug 12, 2025;26,294.00;3,132.25;1,462.75;7,856.25;117,563.00;504.00;69,113.25;9,118.25;21,116.50;11,549.00;9,780.50
Aug 12, 2025;Aug 13, 2025;26,000.25;3,118.00;429.50;31,258.00;107,782.75;491.75;69,156.00;8,628.75;21,467.25;10,400.50;9,871.25
Aug 13, 2025;Aug 14, 2025;25,122.50;2,989.50;9,404.50;50,402.75;109,245.25;433.75;69,251.00;11,274.25;23,056.50;10,374.25;10,018.25
Aug 14, 2025;Aug 15, 2025;24,797.50;2,951.25;11,496.75;29,271.75;108,771.75;504.00;68,775.50;8,705.75;21,160.50;12,930.50;10,172.00
Aug 15, 2025;Aug 16, 2025;22,025.75;2,650.50;15,178.50;59,671.50;103,143.00;504.00;65,558.00;7,935.25;17,357.25;13,165.75;10,305.50
Aug 16, 2025;Aug 17, 2025;22,748.75;2,663.25;22,040.50;79,996.25;80,071.75;504.00;56,796.75;1,624.75;14,241.75;9,936.25;10,129.25
Aug 17, 2025;Aug 18, 2025;23,423.00;2,791.00;5,783.00;42,809.50;87,486.75;504.00;63,783.00;3,354.00;13,936.75;7,826.50;9,872.50
Aug 18, 2025;Aug 19, 2025;23,276.75;2,850.50;576.00;9,497.75;114,242.75;504.00;85,293.50;8,836.00;19,728.50;12,548.75;9,992.50
Aug 19, 2025;Aug 20, 2025;22,698.75;2,706.00;8,568.25;18,453.75;114,251.75;504.00;89,900.50;8,655.75;23,756.75;9,652.50;10,460.00
Aug 20, 2025;Aug 21, 2025;22,975.50;2,738.00;8,442.25;47,867.75;93,518.75;504.00;90,407.25;8,913.25;18,888.50;9,238.75;10,015.25
Aug 21, 2025;Aug 22, 2025;23,318.25;2,777.25;9,946.00;52,985.50;104,499.00;504.00;78,376.25;5,444.25;20,067.25;8,197.50;9,858.25
Aug 22, 2025;Aug 23, 2025;23,393.75;2,789.50;26,804.75;113,079.00;61,634.00;504.00;68,409.50;25.25;18,486.25;10,996.00;10,090.75
Aug 23, 2025;Aug 24, 2025;23,896.00;2,848.25;20,546.50;128,590.25;72,148.75;504.00;59,161.75;26.50;15,571.25;8,668.50;9,805.25
Aug 24, 2025;Aug 25, 2025;23,748.75;2,806.50;18,952.00;78,964.25;72,515.00;504.00;60,427.25;27.00;15,472.50;8,012.00;9,913.25
Aug 25, 2025;Aug 26, 2025;23,259.00;2,778.25;13,059.25;62,407.00;82,891.50;504.00;75,813.50;3,727.25;21,296.25;6,928.00;10,239.50
Aug 26, 2025;Aug 27, 2025;23,321.50;2,779.50;1,069.75;22,264.00;100,122.75;504.00;92,471.75;9,890.50;23,516.25;5,133.75;10,490.25
Aug 27, 2025;Aug 28, 2025;22,136.00;2,639.75;7,850.75;64,307.00;84,926.75;328.00;84,015.00;11,759.75;20,955.50;4,654.25;9,668.25
Aug 28, 2025;Aug 29, 2025;22,142.50;2,664.50;2,686.00;29,598.75;35,735.25;463.25;85,877.00;13,341.00;23,859.00;6,344.75;9,752.50
Aug 29, 2025;Aug 30, 2025;21,559.25;2,596.00;512.25;13,295.75;48,170.00;504.00;78,045.00;9,396.00;19,289.50;6,014.00;9,916.75
Aug 30, 2025;Aug 31, 2025;22,147.50;2,615.00;524.25;36,666.50;80,689.25;504.00;66,151.50;8,601.50;14,388.25;7,382.00;9,090.00
Aug 31, 2025;Sep 1, 2025;21,918.75;2,590.75;4,617.00;32,916.00;99,280.25;504.00;58,693.25;1,008.25;12,977.00;6,184.50;9,156.75
Sep 1, 2025;Sep 2, 2025;21,705.75;2,627.25;17,215.50;79,684.25;78,126.00;467.75;79,048.25;1,184.75;19,493.75;11,374.50;9,325.50
Sep 2, 2025;Sep 3, 2025;23,969.00;2,879.25;1,521.75;23,535.50;48,435.50;504.00;86,104.75;1,315.25;23,603.25;11,872.00;9,718.00
Sep 3, 2025;Sep 4, 2025;24,637.50;2,885.00;11,900.50;105,766.50;88,209.00;504.00;69,676.00;1,064.50;18,842.00;5,548.75;9,896.75
Sep 4, 2025;Sep 5, 2025;24,747.25;2,995.00;11,685.00;82,900.50;85,536.00;500.25;74,028.25;4,536.75;21,120.25;10,070.25;9,765.25
Sep 5, 2025;Sep 6, 2025;25,320.00;3,037.00;8,824.50;58,806.75;52,612.00;490.00;112,058.75;10,169.75;22,250.50;10,661.50;10,127.75
Sep 6, 2025;Sep 7, 2025;25,492.00;3,033.75;4,812.25;18,802.50;88,564.25;504.00;97,336.25;8,357.00;15,037.75;10,962.25;9,854.25
Sep 7, 2025;Sep 8, 2025;25,496.25;3,034.75;1,247.00;39,244.50;85,065.75;504.00;72,180.00;25.25;12,147.50;4,609.50;5,717.50
Sep 8, 2025;Sep 9, 2025;25,054.50;2,993.00;2,321.50;35,789.50;91,502.75;399.00;114,829.75;9,451.25;22,157.25;9,880.25;6,024.75
Sep 9, 2025;Sep 10, 2025;23,469.25;2,798.50;6,780.50;22,645.25;73,069.25;504.00;124,991.50;11,483.25;27,240.25;9,550.25;10,217.25
Sep 10, 2025;Sep 11, 2025;20,765.25;2,480.75;17,758.50;18,995.75;50,028.25;399.75;129,142.25;13,118.50;25,002.75;6,767.25;10,616.00
Sep 11, 2025;Sep 12, 2025;20,687.50;2,494.00;8,152.75;109,452.50;67,830.00;504.00;82,447.00;1,686.25;18,193.50;7,469.00;10,419.50
Sep 12, 2025;Sep 13, 2025;21,728.25;2,594.75;12,373.00;120,190.00;68,294.00;281.00;61,125.00;1,317.75;17,309.50;9,757.75;10,189.50
Sep 13, 2025;Sep 14, 2025;25,797.25;3,068.25;13,338.00;85,291.00;66,853.50;0.00;61,049.25;1,221.50;15,546.50;7,101.75;10,123.25
Sep 14, 2025;Sep 15, 2025;25,693.25;3,122.75;8,350.25;68,186.50;58,395.00;0.00;65,034.75;4,728.50;16,852.50;10,218.50;10,014.50
Sep 15, 2025;Sep 16, 2025;23,568.25;2,772.00;17,911.00;190,688.75;52,215.75;225.50;31,998.25;1,125.25;14,822.50;7,548.50;10,220.00
Sep 16, 2025;Sep 17, 2025;20,338.25;2,431.00;21,063.75;280,378.00;47,852.00;504.00;38,404.00;1,143.00;18,392.50;7,347.25;10,042.50
Sep 17, 2025;Sep 18, 2025;20,960.75;2,502.50;25,458.25;182,184.25;57,180.50;504.00;54,542.50;1,007.25;19,841.50;9,564.25;9,306.75
Sep 18, 2025;Sep 19, 2025;20,553.50;2,454.50;27,932.25;150,873.50;46,339.25;499.50;55,193.75;1,336.25;19,151.50;7,979.50;9,348.50
Sep 19, 2025;Sep 20, 2025;20,538.50;2,476.50;24,860.75;81,112.00;72,645.00;504.00;76,626.25;5,768.75;21,324.50;9,789.00;9,267.00
Sep 20, 2025;Sep 21, 2025;20,669.75;2,468.00;10,985.50;115,877.00;82,861.25;504.00;59,131.00;1,067.25;18,862.75;7,562.50;9,558.50
Sep 21, 2025;Sep 22, 2025;20,551.00;2,455.75;25,141.50;123,348.00;52,448.00;493.50;57,202.00;1,801.50;15,358.25;3,545.25;10,224.50
Sep 22, 2025;Sep 23, 2025;22,346.50;2,667.25;29,330.00;57,534.25;37,847.75;504.00;110,083.25;7,205.75;25,639.50;8,574.00;10,881.00
Sep 23, 2025;Sep 24, 2025;24,995.75;2,965.25;5,610.25;55,673.00;81,117.50;504.00;128,878.00;14,976.25;30,593.75;7,648.25;11,823.00
Sep 24, 2025;Sep 25, 2025;25,350.50;3,005.50;5,799.25;201,698.75;75,306.00;504.00;105,108.00;13,683.75;30,235.00;5,019.00;11,898.00
Sep 25, 2025;Sep 26, 2025;25,345.75;3,063.00;23,171.50;234,524.50;40,486.75;493.50;101,341.00;6,582.50;33,523.75;7,845.00;12,579.50
Sep 26, 2025;Sep 27, 2025;25,615.00;3,146.00;34,325.25;157,499.50;39,982.75;504.00;110,984.00;12,033.25;35,206.25;7,098.00;12,863.50
Sep 27, 2025;Sep 28, 2025;26,207.25;3,140.00;24,050.50;90,836.50;52,415.50;504.00;108,655.00;12,242.25;31,343.00;6,571.75;15,010.50
Sep 28, 2025;Sep 29, 2025;26,159.50;3,062.25;11,279.00;47,946.25;75,131.50;504.00;112,913.50;12,230.75;30,028.50;3,935.00;18,875.00
Sep 29, 2025;Sep 30, 2025;25,323.00;3,092.00;15,145.00;45,149.75;73,839.50;476.00;145,526.50;15,278.00;36,532.25;8,788.75;19,198.00
Sep 30, 2025;Oct 1, 2025;25,512.50;3,035.00;4,447.75;56,230.50;68,928.25;504.00;134,999.00;15,396.00;39,703.25;8,663.25;19,036.75
Oct 1, 2025;Oct 2, 2025;26,715.00;3,176.25;245.25;20,393.25;33,952.00;504.00;146,364.25;14,334.00;41,702.25;9,081.50;19,493.25
Oct 2, 2025;Oct 3, 2025;27,190.00;3,233.00;598.50;6,717.50;66,036.00;504.00;135,327.00;3,341.50;41,506.50;11,473.00;19,777.25
Oct 3, 2025;Oct 4, 2025;27,952.00;3,330.25;9,359.75;63,393.50;78,683.00;504.00;51,943.50;2,985.25;29,433.50;10,157.25;18,103.50
Oct 4, 2025;Oct 5, 2025;26,444.25;3,096.50;29,092.75;266,708.75;11,352.75;38.50;26,387.75;3,251.75;13,921.75;14,651.50;16,969.00
Oct 5, 2025;Oct 6, 2025;23,421.50;2,766.75;27,382.00;279,206.00;33,507.50;0.00;29,367.50;3,099.00;15,354.00;10,218.75;16,979.00
Oct 6, 2025;Oct 7, 2025;23,122.75;2,790.00;25,725.00;250,484.00;29,178.00;487.00;74,394.25;3,670.50;35,009.00;10,519.00;18,339.25
Oct 7, 2025;Oct 8, 2025;23,577.50;2,809.75;5,035.25;28,642.00;20,507.50;504.00;141,688.75;14,560.00;45,995.50;13,856.75;15,243.75
Oct 8, 2025;Oct 9, 2025;24,142.25;2,945.25;8,997.75;31,237.25;14,461.00;406.50;154,005.00;17,463.00;44,926.75;13,546.00;15,976.25
Oct 9, 2025;Oct 10, 2025;23,566.50;2,832.25;17,024.50;69,154.75;33,957.00;504.00;157,561.75;15,729.25;41,083.75;8,661.25;15,825.25
Oct 10, 2025;Oct 11, 2025;23,774.00;2,855.50;39,400.75;186,344.00;19,453.75;504.00;130,079.25;13,402.00;34,599.75;9,414.75;22,368.00
Oct 11, 2025;Oct 12, 2025;24,168.00;2,853.50;35,317.25;155,118.50;19,988.75;470.25;111,755.50;7,807.75;31,469.00;9,045.25;22,490.50
Oct 12, 2025;Oct 13, 2025;23,777.25;2,783.25;20,933.25;92,681.75;18,621.25;378.25;126,762.25;8,973.50;33,026.00;4,350.00;22,191.00
Oct 13, 2025;Oct 14, 2025;22,659.75;2,761.75;3,992.50;15,768.00;54,496.00;504.00;155,440.25;18,651.00;46,029.00;12,480.75;22,745.00
Oct 14, 2025;Oct 15, 2025;22,658.50;2,724.75;1,431.50;47,109.75;16,632.50;504.00;158,345.00;18,498.00;51,150.75;11,376.50;23,015.75
Oct 15, 2025;Oct 16, 2025;22,661.50;2,726.50;9,717.75;18,103.75;25,491.50;504.00;164,442.50;18,836.50;52,698.50;13,885.75;23,974.00
Oct 16, 2025;Oct 17, 2025;22,875.00;2,727.75;14,976.75;72,921.00;22,968.25;365.50;160,936.75;17,948.50;49,217.25;9,697.75;23,796.25
Oct 17, 2025;Oct 18, 2025;23,199.75;2,787.25;16,940.75;105,434.75;28,009.75;504.00;165,297.00;17,887.75;46,185.25;9,340.25;21,325.75
Oct 18, 2025;Oct 19, 2025;23,415.00;2,789.25;17,220.00;60,803.00;65,688.25;504.00;128,452.25;12,068.00;44,245.25;7,386.75;23,086.25
Oct 19, 2025;Oct 20, 2025;22,728.00;2,661.75;10,982.75;107,089.00;54,807.75;504.00;81,060.25;3,090.00;38,061.00;6,118.50;22,836.25
Oct 20, 2025;Oct 21, 2025;21,595.00;2,583.25;35,451.75;179,835.25;42,613.75;504.00;72,331.25;6,211.75;43,008.25;11,842.75;22,237.00
Oct 21, 2025;Oct 22, 2025;22,626.07;2,722.00;35,140.00;200,020.25;38,791.25;504.00;75,417.50;5,868.50;39,183.50;7,613.50;22,541.00
Oct 22, 2025;Oct 23, 2025;25,936.50;3,160.50;10,634.75;71,720.00;26,170.75;504.00;126,385.00;15,882.25;48,419.50;13,311.00;22,110.75
Oct 23, 2025;Oct 24, 2025;25,903.73;3,083.82;25,348.28;213,400.23;11,914.59;497.77;85,170.63;7,363.18;41,167.18;3,611.96;22,145.28
Oct 24, 2025;Oct 25, 2025;25,653.42;3,033.68;31,936.49;299,221.76;19,503.62;497.78;31,928.44;5,435.03;18,330.34;8,041.61;20,060.27
Oct 25, 2025;Oct 26, 2025;26,225.10;3,118.52;38,330.71;256,542.61;24,432.38;497.78;26,629.54;5,345.94;15,568.05;14,911.16;20,081.70
Oct 26, 2025;Oct 27, 2025;27,200.99;3,209.27;26,766.38;322,562.06;17,138.95;518.52;33,370.64;5,879.70;17,359.07;8,642.72;21,183.77
Oct 27, 2025;Oct 28, 2025;26,265.19;3,212.54;29,365.13;279,664.74;18,028.80;497.78;39,409.09;7,438.57;34,647.25;13,618.59;13,403.67
Oct 28, 2025;Oct 29, 2025;26,268.77;3,123.57;26,711.24;295,591.93;12,174.74;497.78;52,111.59;7,292.57;38,436.43;9,441.87;20,166.09
Oct 29, 2025;Oct 30, 2025;23,657.79;2,818.49;33,568.22;173,282.20;36,024.58;405.31;100,943.42;7,898.11;43,956.48;10,837.00;15,193.56
Oct 30, 2025;Oct 31, 2025;26,575.23;3,160.92;24,554.73;275,094.07;26,360.56;497.78;92,343.35;7,624.37;40,986.75;9,542.53;13,644.97
Oct 31, 2025;Nov 1, 2025;27,568.46;3,300.42;13,337.16;88,712.52;35,638.17;497.78;103,651.24;7,952.09;51,127.96;11,041.14;21,271.75
Nov 1, 2025;Nov 2, 2025;27,341.53;3,201.02;19,020.30;136,146.38;27,608.72;497.78;53,208.16;6,911.67;30,732.07;5,788.19;20,390.13
Nov 2, 2025;Nov 3, 2025;27,374.02;3,278.05;7,840.62;54,468.01;14,506.91;497.78;96,224.49;8,462.29;39,109.97;11,636.52;20,905.83
Nov 3, 2025;Nov 4, 2025;26,335.85;3,138.86;17,840.86;141,987.06;34,387.27;497.78;97,934.53;8,139.93;43,048.55;9,153.98;20,993.64
Nov 4, 2025;Nov 5, 2025;26,402.80;3,141.27;29,208.62;129,066.12;28,154.64;497.78;109,303.08;7,752.32;42,631.00;10,850.23;21,575.68
Nov 5, 2025;Nov 6, 2025;26,373.00;3,136.53;17,403.17;105,027.47;43,286.65;497.78;127,243.43;8,614.65;48,401.98;6,937.91;22,253.98
Nov 6, 2025;Nov 7, 2025;26,566.50;3,159.07;7,512.47;102,056.40;48,209.01;497.78;156,221.20;15,405.05;57,273.60;7,675.27;22,023.36
Nov 7, 2025;Nov 8, 2025;27,364.95;3,325.09;7,429.11;73,633.56;42,544.49;497.78;154,089.93;17,398.18;62,249.98;12,848.01;15,248.37
Nov 8, 2025;Nov 9, 2025;27,776.78;3,291.69;140.04;17,321.33;20,154.48;497.78;173,930.47;18,533.95;60,889.26;8,760.33;16,066.96
Nov 9, 2025;Nov 10, 2025;27,537.48;3,224.01;390.57;7,359.18;10,051.80;497.78;179,620.22;18,262.70;59,441.03;6,008.58;16,428.36
Nov 10, 2025;Nov 11, 2025;27,458.74;3,370.38;872.81;17,727.55;13,414.36;497.78;172,914.01;17,544.82;64,867.13;15,463.44;17,666.36
Nov 11, 2025;Nov 12, 2025;26,426.24;3,166.67;4,514.26;81,613.64;13,026.02;497.78;149,925.12;17,248.32;61,738.48;9,698.93;17,263.74
Nov 12, 2025;Nov 13, 2025;26,414.48;3,141.02;21,532.42;133,284.76;28,338.71;497.78;108,557.48;8,461.73;50,678.41;10,647.93;15,133.11
Nov 13, 2025;Nov 14, 2025;26,591.72;3,161.98;27,557.49;218,685.14;26,907.16;497.78;89,813.33;13,587.52;45,813.02;6,763.49;13,616.05
Nov 14, 2025;Nov 15, 2025;26,788.79;3,191.06;7,910.55;72,175.14;10,423.75;497.78;135,798.00;21,459.07;60,247.75;12,059.03;22,278.18
Nov 15, 2025;Nov 16, 2025;27,666.56;3,293.66;12,956.85;123,962.98;6,674.66;497.78;130,419.43;9,192.51;58,753.46;5,587.85;22,818.01
Nov 16, 2025;Nov 17, 2025;27,899.19;3,266.34;7,262.71;60,112.78;15,643.17;497.78;140,961.34;18,505.61;58,409.31;9,238.66;22,805.85
Nov 17, 2025;Nov 18, 2025;27,150.96;3,233.34;23,694.77;108,487.09;12,904.02;497.78;157,027.37;17,160.18;65,899.12;10,087.18;23,302.26
Nov 18, 2025;Nov 19, 2025;26,656.17;3,196.75;29,157.28;207,536.91;14,566.62;361.24;155,654.57;21,047.21;69,451.82;8,523.93;23,437.83
Nov 19, 2025;Nov 20, 2025;26,882.79;3,203.61;20,166.29;131,560.96;21,011.54;497.78;161,590.75;23,114.57;73,196.90;11,399.98;23,053.99
Nov 20, 2025;Nov 21, 2025;25,784.02;3,081.20;15,813.92;134,465.21;7,994.43;497.78;160,178.86;25,362.00;79,152.30;9,871.40;22,802.61
Nov 21, 2025;Nov 22, 2025;23,192.21;2,788.09;23,770.25;54,873.90;29,835.31;497.78;159,992.17;26,038.54;91,966.92;15,035.27;24,396.71
Nov 22, 2025;Nov 23, 2025;19,237.59;2,293.53;19,420.88;58,247.43;31,956.28;497.78;116,320.01;13,660.24;76,472.86;5,796.38;24,155.48
Nov 23, 2025;Nov 24, 2025;19,464.54;2,347.82;29,229.20;127,774.27;33,502.11;497.78;83,310.59;13,360.19;74,535.14;2,895.37;23,471.67
Nov 24, 2025;Nov 25, 2025;21,600.54;2,577.30;19,426.72;99,863.26;9,327.32;497.78;130,826.28;21,142.59;86,467.97;10,602.04;23,973.53
Nov 25, 2025;Nov 26, 2025;21,975.33;2,670.23;2,571.85;21,568.21;13,436.41;497.78;149,221.60;24,201.66;93,967.22;13,185.53;24,477.37
Nov 26, 2025;Nov 27, 2025;22,201.89;2,702.97;8,206.70;79,873.90;9,982.05;497.78;152,941.92;24,230.82;90,884.08;15,339.24;23,770.72
Nov 27, 2025;Nov 28, 2025;20,850.55;2,495.32;25,591.01;147,376.23;18,645.07;497.78;119,908.45;15,162.06;76,298.17;3,396.32;21,897.56
Nov 28, 2025;Nov 29, 2025;19,548.22;2,356.13;30,610.28;148,984.73;11,481.04;497.78;110,641.97;12,013.44;67,748.59;12,106.13;17,690.70
Nov 29, 2025;Nov 30, 2025;19,592.99;2,293.96;18,447.62;76,598.65;9,912.62;497.78;109,945.76;11,581.19;66,680.76;5,562.00;17,820.96
Nov 30, 2025;Dec 1, 2025;19,205.63;2,248.68;30,258.52;97,922.60;13,430.63;497.78;96,966.82;11,843.09;57,042.25;5,165.41;22,623.95
Dec 1, 2025;Dec 2, 2025;18,776.99;2,253.13;29,161.50;117,543.44;19,626.24;497.27;104,980.62;9,594.83;70,437.60;12,491.77;23,935.17
Dec 2, 2025;Dec 3, 2025;19,801.16;2,391.07;31,671.27;130,131.57;19,431.20;477.04;131,072.73;9,906.43;71,687.81;12,211.34;22,660.89
Dec 3, 2025;Dec 4, 2025;19,301.35;2,379.34;9,243.60;40,865.95;10,832.05;497.78;165,089.39;10,007.78;90,039.83;6,848.38;24,097.60
Dec 4, 2025;Dec 5, 2025;19,663.11;2,302.07;8,840.41;48,792.60;15,456.44;497.78;168,414.24;9,761.71;88,429.04;16,427.56;24,615.24
Dec 5, 2025;Dec 6, 2025;24,191.70;2,978.08;5,291.42;19,951.06;6,062.77;497.78;183,892.96;14,845.36;89,666.67;13,375.29;25,537.78
Dec 6, 2025;Dec 7, 2025;24,589.25;2,878.84;17,850.80;128,455.45;10,547.27;497.78;101,765.53;9,311.13;64,964.62;9,045.24;24,248.47
Dec 7, 2025;Dec 8, 2025;24,086.39;2,894.99;11,457.49;134,756.39;9,771.92;497.78;102,318.61;8,545.14;59,425.75;16,520.10;23,783.24
Dec 8, 2025;Dec 9, 2025;22,838.98;2,752.50;39,356.77;204,686.26;17,903.87;497.78;99,176.69;11,004.92;50,999.00;14,701.89;22,503.38
Dec 9, 2025;Dec 10, 2025;23,624.25;2,839.36;20,804.33;119,033.94;6,562.24;497.78;112,689.96;15,752.28;50,410.99;10,240.24;22,527.78
Dec 10, 2025;Dec 11, 2025;24,217.70;2,835.24;34,905.21;154,484.86;6,253.64;497.78;100,312.87;15,845.44;49,333.17;14,513.02;22,631.05
Dec 11, 2025;Dec 12, 2025;22,953.64;2,711.29;40,541.46;165,453.81;18,706.38;497.78;119,927.29;18,376.66;57,563.83;18,115.42;23,219.82
Dec 12, 2025;Dec 13, 2025;20,705.34;2,543.00;13,721.99;38,217.90;15,040.64;497.78;124,078.37;22,639.34;82,300.52;15,114.94;24,572.13
Dec 13, 2025;Dec 14, 2025;24,730.83;2,946.44;20,101.78;76,908.68;5,665.14;497.78;121,669.22;19,684.80;73,731.26;5,560.86;23,680.97
Dec 14, 2025;Dec 15, 2025;25,314.84;2,963.99;36,906.40;103,108.23;12,486.49;497.78;115,414.12;22,811.27;69,300.76;2,468.92;17,455.11
Dec 15, 2025;Dec 16, 2025;24,520.20;2,949.68;22,846.62;125,649.95;23,321.89;477.04;107,507.94;20,127.99;65,524.81;9,215.69;16,094.44
Dec 16, 2025;Dec 17, 2025;24,373.88;2,947.55;6,904.34;84,875.33;21,974.55;497.78;136,130.19;22,249.66;83,688.63;14,269.84;17,019.13
Dec 17, 2025;Dec 18, 2025;24,397.86;2,960.26;7,674.13;95,122.36;22,336.20;497.78;136,244.60;20,256.73;88,014.90;10,287.21;18,258.74
Dec 18, 2025;Dec 19, 2025;24,328.61;2,848.46;22,702.30;176,572.63;19,962.31;497.78;71,166.59;13,226.39;64,149.92;5,373.12;16,393.81
Dec 19, 2025;Dec 20, 2025;24,751.65;2,945.89;28,089.03;184,398.76;9,319.53;497.78;78,146.31;13,117.49;65,271.05;2,835.13;23,581.80
Dec 20, 2025;Dec 21, 2025;24,687.38;2,986.86;8,242.16;21,812.46;6,778.50;497.78;95,115.64;20,691.07;74,702.74;11,639.65;23,481.50
Dec 21, 2025;Dec 22, 2025;24,599.25;2,880.03;3,726.28;73,996.01;10,193.32;497.78;86,277.96;12,232.73;76,123.43;1,240.70;24,080.85
Dec 22, 2025;Dec 23, 2025;24,874.62;3,015.65;27,348.57;128,193.47;3,020.58;497.78;92,749.31;12,296.80;74,663.82;9,682.73;22,981.62
Dec 23, 2025;Dec 24, 2025;24,847.74;2,957.72;29,497.79;188,202.97;5,511.49;487.41;87,904.74;13,916.37;78,552.27;4,175.23;24,565.12
Dec 24, 2025;Dec 25, 2025;24,660.22;2,935.56;17,309.96;182,640.64;11,842.07;497.78;40,392.50;14,270.14;74,082.76;5,146.62;24,362.98
Dec 25, 2025;Dec 26, 2025;23,838.26;2,839.52;2,297.25;67,990.34;20,025.37;497.78;69,787.84;14,792.19;83,410.23;6,192.76;24,621.30
Dec 26, 2025;Dec 27, 2025;23,512.07;2,807.18;9,784.75;11,222.28;15,121.32;497.78;118,226.25;14,768.34;88,525.79;9,061.41;24,338.93
Dec 27, 2025;Dec 28, 2025;24,840.22;2,908.23;31,507.60;99,343.48;13,038.65;497.78;112,362.13;14,006.00;81,146.50;4,036.00;22,579.04
Dec 28, 2025;Dec 29, 2025;24,674.94;2,985.51;30,490.35;107,624.11;21,125.42;497.78;105,495.04;13,313.21;80,215.76;8,691.02;23,873.09
Dec 29, 2025;Dec 30, 2025;24,592.20;2,983.40;31,429.91;179,865.37;7,036.60;497.78;98,250.09;14,665.61;75,315.16;6,229.50;22,956.17
Dec 30, 2025;Dec 31, 2025;24,849.20;2,957.72;37,596.41;202,098.91;20,859.51;497.78;95,026.29;14,442.03;82,718.76;8,630.48;23,730.77
Dec 31, 2025;Jan 1, 2026;24,582.42;2,950.54;13,242.87;216,894.27;3,712.68;497.78;72,382.42;14,261.19;72,889.82;3,802.88;22,254.39
