Start date;End date;Biomass [MWh] Calculated resolutions;Hydropower [MWh] Calculated resolutions;Wind onshore [MWh] Calculated resolutions;Photovoltaics [MWh] Calculated resolutions;Other renewable [MWh] Calculated resolutions;Nuclear [MWh] Calculated resolutions;Lignite [MWh] Calculated resolutions;Hard coal [MWh] Calculated resolutions;Fossil gas [MWh] Calculated resolutions;Hydro pumped storage [MWh] Calculated resolutions;Other conventional [MWh] Calculated resolutions
Jul 1, 2022;Jul 2, 2022;17,748.00;4,116.75;33,887.50;41,671.25;1,869.25;31,988.25;169,289.75;97,455.00;120,056.00;8,767.25;5,292.00
Jul 2, 2022;Jul 3, 2022;17,803.50;3,707.75;11,131.25;74,187.75;1,932.00;28,417.50;115,084.25;52,069.50;54,305.25;11,377.00;5,237.50
Jul 3, 2022;Jul 4, 2022;17,453.25;3,327.50;27,123.25;70,253.00;1,852.50;27,942.50;127,952.75;48,862.75;50,363.25;673.50;5,468.50
Jul 4, 2022;Jul 5, 2022;17,699.00;3,125.00;15,791.50;63,649.50;1,844.75;31,967.25;153,956.00;93,888.25;74,257.50;11,931.50;5,214.75
Jul 5, 2022;Jul 6, 2022;17,754.75;3,242.25;21,465.75;60,022.75;1,905.25;32,023.75;146,801.25;109,723.25;89,806.00;8,653.50;5,108.50
Jul 6, 2022;Jul 7, 2022;17,908.25;3,128.50;25,674.00;55,933.75;1,953.50;32,081.25;147,164.75;111,231.75;60,145.75;8,609.00;5,053.25
Jul 7, 2022;Jul 8, 2022;17,855.25;3,119.25;88,454.00;30,225.00;1,962.25;31,919.75;140,180.25;71,579.75;53,469.25;2,500.00;5,496.25
Jul 8, 2022;Jul 9, 2022;18,253.25;3,185.75;24,025.50;59,773.00;1,927.50;31,960.00;134,746.75;76,627.00;48,000.00;10,492.00;5,469.75
Jul 9, 2022;Jul 10, 2022;18,066.50;3,232.25;35,683.00;51,090.75;1,954.50;31,886.75;109,768.25;47,262.25;46,175.75;5,395.50;5,376.00
Jul 10, 2022;Jul 11, 2022;18,310.75;3,258.75;32,412.50;41,680.25;2,004.25;26,704.50;93,503.50;43,218.25;39,179.25;1,705.50;5,495.50
Jul 11, 2022;Jul 12, 2022;18,641.25;3,109.50;7,680.75;37,695.75;1,995.75;31,940.00;140,457.00;82,151.75;128,876.50;7,816.25;5,196.75
Jul 12, 2022;Jul 13, 2022;17,712.75;2,997.00;3,149.75;66,718.75;1,927.75;31,815.25;139,554.25;80,082.75;141,567.75;11,686.00;5,551.50
Jul 13, 2022;Jul 14, 2022;17,370.50;3,036.25;40,954.00;54,676.00;1,876.50;31,524.00;141,182.00;103,148.00;122,735.25;7,505.75;5,508.75
Jul 14, 2022;Jul 15, 2022;17,942.50;2,982.25;27,529.00;60,155.50;1,994.75;32,010.25;151,060.75;81,387.75;100,216.00;6,371.00;5,736.50
Jul 15, 2022;Jul 16, 2022;18,642.75;2,901.75;15,153.25;56,862.25;2,011.75;32,092.00;150,536.75;87,943.25;85,323.00;12,021.25;5,466.75
Jul 16, 2022;Jul 17, 2022;18,370.50;2,906.25;29,018.50;66,463.75;1,950.50;28,034.50;119,774.75;27,571.00;38,176.75;9,734.00;5,264.50
Jul 17, 2022;Jul 18, 2022;18,036.00;2,903.50;9,365.75;73,470.50;1,945.75;32,060.25;132,782.00;16,780.25;60,197.75;5,050.25;5,308.50
Jul 18, 2022;Jul 19, 2022;17,959.00;2,867.25;7,976.50;67,595.50;1,810.25;31,698.75;155,919.00;46,168.25;134,993.75;11,259.25;5,332.25
Jul 19, 2022;Jul 20, 2022;16,909.00;2,859.00;27,535.75;67,845.75;1,545.75;31,335.75;138,582.25;68,870.50;176,351.75;9,337.00;5,031.75
Jul 20, 2022;Jul 21, 2022;17,005.25;2,811.75;48,890.50;58,667.25;1,488.25;31,299.00;137,904.00;76,812.25;100,354.00;9,764.75;5,488.00
Jul 21, 2022;Jul 22, 2022;18,253.00;2,900.00;44,521.25;34,423.50;1,786.75;31,677.50;128,316.50;69,952.75;199,746.00;8,433.00;5,535.50
Jul 22, 2022;Jul 23, 2022;18,580.00;2,921.00;9,043.25;50,456.25;1,904.00;32,014.25;138,583.25;61,679.75;194,474.25;10,657.75;5,317.50
Jul 23, 2022;Jul 24, 2022;18,365.25;2,880.50;7,155.50;58,956.00;1,924.75;31,975.00;131,342.75;47,624.25;125,742.50;8,725.75;5,428.00
Jul 24, 2022;Jul 25, 2022;17,193.00;2,871.00;16,380.00;69,332.50;1,811.25;30,192.75;122,521.25;30,519.25;90,545.25;10,862.50;5,220.00
Jul 25, 2022;Jul 26, 2022;16,953.00;2,793.25;76,487.00;50,708.50;1,734.25;31,494.75;135,761.25;60,824.00;68,632.25;3,911.25;5,329.75
Jul 26, 2022;Jul 27, 2022;17,453.50;2,936.00;34,722.25;39,900.75;1,845.00;31,882.50;151,294.50;57,609.25;134,552.00;13,305.75;5,315.00
Jul 27, 2022;Jul 28, 2022;17,915.00;2,952.25;20,151.00;50,834.50;1,837.50;32,117.50;143,757.75;50,418.50;163,269.50;5,126.25;5,229.25
Jul 28, 2022;Jul 29, 2022;18,189.50;3,191.25;38,066.75;59,978.00;1,726.00;32,094.00;151,963.00;48,535.25;138,830.25;5,570.25;5,105.25
Jul 29, 2022;Jul 30, 2022;18,192.00;2,974.50;23,897.25;42,669.75;1,769.50;31,947.75;154,299.50;54,898.00;129,417.75;7,885.00;4,934.75
Jul 30, 2022;Jul 31, 2022;17,819.50;3,101.00;16,517.25;62,647.50;1,779.75;31,878.50;133,153.00;40,981.75;62,781.25;11,785.75;5,129.75
Jul 31, 2022;Aug 1, 2022;17,472.00;3,130.00;39,475.75;44,010.50;1,792.00;31,754.00;130,112.50;34,829.75;51,983.00;1,512.00;4,944.75
Aug 1, 2022;Aug 2, 2022;18,041.25;3,063.75;19,656.75;42,859.00;1,865.00;31,849.75;136,698.25;61,189.50;44,806.25;8,086.50;4,684.25
Aug 2, 2022;Aug 3, 2022;17,844.75;3,092.25;13,525.25;61,425.50;1,858.50;31,810.75;153,610.50;71,983.75;27,270.75;9,327.50;4,625.50
Aug 3, 2022;Aug 4, 2022;17,476.75;3,015.00;8,937.00;65,004.00;1,669.75;31,462.00;153,869.00;64,400.50;31,810.00;9,318.75;4,631.00
Aug 4, 2022;Aug 5, 2022;17,788.00;3,049.25;23,800.75;52,551.00;1,618.50;31,375.00;153,464.25;75,600.50;37,843.25;7,608.50;4,555.50
Aug 5, 2022;Aug 6, 2022;18,641.00;2,979.00;44,752.75;37,296.75;1,715.25;31,892.75;154,514.00;86,877.75;22,780.50;7,033.00;4,450.00
Aug 6, 2022;Aug 7, 2022;18,603.50;3,039.25;24,586.75;56,403.00;1,795.75;32,119.75;150,259.00;63,569.25;14,797.25;8,499.75;4,530.50
Aug 7, 2022;Aug 8, 2022;18,142.50;2,902.00;29,902.75;66,924.25;1,759.75;32,035.50;125,113.50;50,334.75;15,082.75;1,207.50;4,664.00
Aug 8, 2022;Aug 9, 2022;18,241.00;2,894.50;33,191.50;65,892.75;1,742.75;31,945.50;138,340.50;83,151.00;21,220.00;8,859.00;4,221.00
Aug 9, 2022;Aug 10, 2022;18,051.25;2,889.75;44,138.75;66,944.25;1,658.00;31,825.25;142,181.00;82,404.75;27,551.00;8,072.25;4,298.75
Aug 10, 2022;Aug 11, 2022;17,780.75;2,892.25;46,747.25;66,608.25;1,677.25;31,707.25;141,405.00;87,513.50;25,935.75;10,508.75;4,905.75
Aug 11, 2022;Aug 12, 2022;18,036.75;2,818.75;40,090.50;65,618.75;1,776.00;31,596.00;122,324.75;80,870.75;30,551.75;11,233.75;4,932.25
Aug 12, 2022;Aug 13, 2022;18,120.25;2,831.00;44,716.00;65,222.00;1,767.50;31,552.25;116,368.50;72,110.75;29,134.00;8,480.00;4,746.25
Aug 13, 2022;Aug 14, 2022;17,621.00;2,812.50;32,628.25;64,137.00;1,794.75;31,508.25;101,307.50;59,532.75;17,617.00;7,011.50;4,461.25
Aug 14, 2022;Aug 15, 2022;17,232.50;2,777.50;28,696.00;60,731.50;1,739.75;31,390.00;105,504.50;50,852.75;15,224.25;3,364.50;4,453.50
Aug 15, 2022;Aug 16, 2022;17,695.75;2,806.25;32,013.50;34,898.75;1,758.50;31,491.50;128,244.50;59,808.25;30,455.50;4,266.50;4,426.00
Aug 16, 2022;Aug 17, 2022;17,656.50;2,817.00;12,492.25;55,472.00;1,793.75;31,495.50;142,082.75;79,263.25;54,420.50;9,066.50;4,950.50
Aug 17, 2022;Aug 18, 2022;17,792.50;2,801.75;14,663.00;35,023.25;1,704.50;31,576.75;125,518.75;81,460.00;57,883.25;5,830.00;4,745.50
Aug 18, 2022;Aug 19, 2022;18,528.25;2,791.75;8,661.00;28,904.25;1,686.25;31,710.50;142,533.50;79,952.00;54,318.25;1,939.00;4,825.25
Aug 19, 2022;Aug 20, 2022;18,532.00;3,270.25;22,538.75;41,026.00;1,688.25;31,700.50;149,856.50;74,674.75;52,997.50;5,074.50;4,607.00
Aug 20, 2022;Aug 21, 2022;18,497.00;4,145.50;16,693.00;42,975.00;1,707.25;31,767.00;153,411.25;65,109.50;22,672.00;8,842.75;4,665.00
Aug 21, 2022;Aug 22, 2022;18,326.50;3,765.50;10,206.25;60,399.75;1,838.25;31,847.25;129,107.25;62,807.75;26,948.25;1,272.25;4,680.75
Aug 22, 2022;Aug 23, 2022;18,598.75;3,461.00;10,768.25;50,417.50;1,812.00;31,773.00;152,696.00;104,796.25;50,855.00;2,675.25;4,658.00
Aug 23, 2022;Aug 24, 2022;18,384.75;3,093.25;11,309.25;56,264.25;1,789.25;31,635.75;155,850.00;109,047.00;52,715.00;4,441.00;4,546.00
Aug 24, 2022;Aug 25, 2022;18,202.00;3,033.50;13,711.50;56,672.00;1,791.50;31,495.75;145,654.25;119,699.00;53,833.00;6,342.00;4,790.50
Aug 25, 2022;Aug 26, 2022;18,033.75;3,198.25;23,315.00;57,830.00;1,790.50;31,358.75;136,974.00;120,481.50;48,069.75;3,602.00;4,785.25
Aug 26, 2022;Aug 27, 2022;18,450.00;3,084.75;30,229.75;32,794.00;1,827.00;31,571.50;144,707.00;129,084.00;56,779.00;3,498.00;4,681.75
Aug 27, 2022;Aug 28, 2022;18,463.25;3,341.75;16,420.25;22,684.25;1,961.50;31,870.00;155,941.75;82,051.00;35,096.50;1,927.75;4,739.00
Aug 28, 2022;Aug 29, 2022;18,039.00;3,662.50;28,218.00;48,228.75;1,868.25;32,040.00;147,562.75;66,443.75;18,456.25;1,005.75;4,789.25
Aug 29, 2022;Aug 30, 2022;18,377.25;3,365.25;20,897.75;51,953.00;1,875.00;31,985.25;157,003.25;103,253.75;34,837.00;9,022.50;4,671.75
Aug 30, 2022;Aug 31, 2022;18,450.75;3,156.75;33,647.25;52,311.25;1,907.50;31,886.75;154,941.25;112,132.25;38,356.00;3,309.25;4,755.50
Aug 31, 2022;Sep 1, 2022;18,737.25;3,125.75;39,621.25;35,246.50;1,958.75;31,979.00;155,401.50;112,641.00;146,642.75;9,093.75;4,658.50
Sep 1, 2022;Sep 2, 2022;19,009.50;3,109.75;48,406.00;48,627.50;1,976.75;31,961.50;154,862.75;110,099.00;48,542.75;6,939.25;4,667.75
Sep 2, 2022;Sep 3, 2022;19,672.75;2,950.75;59,317.25;54,810.25;2,000.00;31,900.50;148,871.50;101,978.75;30,205.00;8,297.25;4,455.25
Sep 3, 2022;Sep 4, 2022;19,312.75;2,949.50;43,377.50;40,514.25;1,981.00;31,864.50;127,766.25;59,166.75;16,012.75;11,862.50;4,319.00
Sep 4, 2022;Sep 5, 2022;19,030.00;2,938.75;10,689.75;50,124.00;1,890.50;31,817.75;137,641.50;58,680.25;18,832.25;6,850.00;3,971.25
Sep 5, 2022;Sep 6, 2022;18,918.00;2,966.00;11,954.00;51,206.25;1,804.25;31,608.25;154,263.50;105,831.50;29,340.50;11,491.00;4,304.25
Sep 6, 2022;Sep 7, 2022;18,812.50;2,976.50;26,304.00;48,883.50;1,811.25;31,580.50;168,667.25;100,387.50;30,941.25;11,534.25;4,943.25
Sep 7, 2022;Sep 8, 2022;18,982.25;2,961.00;19,933.50;39,834.75;1,804.25;31,716.25;169,015.50;103,502.50;40,996.75;7,824.00;4,206.25
Sep 8, 2022;Sep 9, 2022;19,388.25;3,311.50;49,730.75;30,522.25;1,641.25;31,609.75;170,222.75;92,540.25;26,446.75;8,170.00;3,834.75
Sep 9, 2022;Sep 10, 2022;19,477.50;3,201.50;80,951.00;30,559.00;1,679.50;31,887.00;168,361.50;86,831.50;19,680.00;4,302.75;3,237.25
Sep 10, 2022;Sep 11, 2022;19,565.50;3,392.25;65,600.75;20,374.00;1,898.25;31,941.00;157,812.00;61,145.75;19,126.25;2,495.75;2,608.25
Sep 11, 2022;Sep 12, 2022;19,505.50;3,438.75;10,144.75;33,209.75;1,886.00;32,002.50;154,327.50;54,719.50;26,083.25;3,741.50;2,500.00
Sep 12, 2022;Sep 13, 2022;19,440.00;3,215.00;10,744.25;49,977.00;1,880.75;31,889.00;131,163.25;69,969.50;33,926.50;8,601.75;2,638.00
Sep 13, 2022;Sep 14, 2022;19,258.50;3,320.50;19,233.50;31,428.50;1,871.25;31,858.50;144,871.75;89,503.00;30,596.75;6,716.75;4,005.00
Sep 14, 2022;Sep 15, 2022;19,537.75;3,396.25;16,518.25;14,774.50;1,861.75;32,075.75;146,486.25;84,013.25;32,740.50;8,450.75;3,971.50
Sep 15, 2022;Sep 16, 2022;19,478.75;3,886.00;38,518.00;24,228.00;1,886.25;32,072.00;145,735.50;82,555.75;15,500.50;11,092.00;4,058.50
Sep 16, 2022;Sep 17, 2022;19,536.00;4,114.50;73,211.75;29,906.25;1,854.25;32,162.50;133,883.25;42,330.50;20,106.00;13,005.00;3,984.75
Sep 17, 2022;Sep 18, 2022;19,605.00;4,363.00;103,724.25;34,751.50;1,864.25;31,745.25;70,569.00;18,186.25;12,799.00;12,856.75;3,831.75
Sep 18, 2022;Sep 19, 2022;19,378.25;4,774.50;113,792.75;14,324.00;1,839.25;32,303.00;75,896.25;18,505.25;13,106.75;6,236.50;3,600.00
Sep 19, 2022;Sep 20, 2022;19,927.00;4,787.00;72,985.75;31,396.00;1,799.75;32,214.50;131,702.00;47,436.75;19,067.50;11,053.75;3,623.50
Sep 20, 2022;Sep 21, 2022;19,851.25;4,389.00;20,869.25;29,065.25;1,773.25;32,330.00;144,820.50;82,500.75;36,493.75;7,210.25;3,394.50
Sep 21, 2022;Sep 22, 2022;20,272.50;4,200.00;6,550.75;47,458.50;1,724.00;32,340.00;149,364.75;90,826.75;44,999.75;6,147.25;3,475.00
Sep 22, 2022;Sep 23, 2022;20,378.25;3,853.75;9,956.00;50,803.75;1,719.25;32,311.75;155,701.00;97,433.00;41,714.75;9,475.00;3,241.00
Sep 23, 2022;Sep 24, 2022;20,453.50;3,744.75;14,137.50;35,288.25;1,807.25;32,253.50;153,531.00;99,066.25;41,144.75;7,810.00;3,456.50
Sep 24, 2022;Sep 25, 2022;20,371.75;3,147.75;6,719.50;15,414.75;1,797.25;32,168.75;148,415.00;88,742.75;20,768.75;6,319.00;3,345.25
Sep 25, 2022;Sep 26, 2022;20,156.00;3,166.50;17,081.25;26,366.00;1,819.75;32,296.75;129,613.00;76,786.25;21,068.75;5,139.75;3,213.50
Sep 26, 2022;Sep 27, 2022;20,278.50;3,391.50;111,109.50;18,208.75;1,801.50;32,243.00;125,168.75;65,975.75;18,452.50;8,039.50;3,686.25
Sep 27, 2022;Sep 28, 2022;20,301.50;3,965.25;92,615.00;20,401.00;1,799.25;32,352.00;136,728.00;82,154.75;24,811.50;9,772.25;3,477.50
Sep 28, 2022;Sep 29, 2022;20,178.25;4,210.75;32,023.00;21,003.25;1,869.00;32,420.75;155,377.50;106,548.00;38,958.75;11,927.25;3,440.75
Sep 29, 2022;Sep 30, 2022;20,552.50;4,169.00;4,647.00;29,015.00;1,893.50;32,412.00;166,207.00;124,512.00;37,695.00;8,551.75;3,439.50
Sep 30, 2022;Oct 1, 2022;20,774.00;4,136.00;32,135.75;37,727.50;1,925.25;32,326.25;159,982.00;108,303.75;25,444.50;11,528.75;3,282.75
Oct 1, 2022;Oct 2, 2022;20,194.50;4,328.25;146,659.25;17,106.25;1,856.50;32,137.50;79,447.00;18,727.25;13,675.75;10,427.75;3,205.75
Oct 2, 2022;Oct 3, 2022;20,434.25;5,578.50;73,691.00;17,332.75;1,825.25;32,141.25;102,165.75;22,365.75;13,830.75;8,044.00;3,330.00
Oct 3, 2022;Oct 4, 2022;20,321.00;5,444.25;14,788.00;31,313.50;1,770.25;32,268.75;136,245.25;53,046.50;15,155.00;10,386.25;3,275.50
Oct 4, 2022;Oct 5, 2022;20,177.00;5,218.75;25,751.00;40,154.50;1,777.50;32,178.50;149,177.00;92,161.00;18,267.25;9,022.50;2,406.75
Oct 5, 2022;Oct 6, 2022;19,903.75;4,962.75;114,544.50;32,503.50;1,862.50;31,927.00;120,648.25;41,821.75;14,781.75;11,473.00;2,775.00
Oct 6, 2022;Oct 7, 2022;20,333.25;4,743.50;59,286.75;40,043.75;1,854.00;32,131.25;134,845.00;53,210.00;22,708.75;11,493.00;2,954.50
Oct 7, 2022;Oct 8, 2022;20,995.50;4,578.25;40,922.50;36,922.50;1,985.00;32,213.75;148,571.50;72,273.75;20,985.75;11,173.75;3,078.00
Oct 8, 2022;Oct 9, 2022;20,595.00;3,903.50;58,275.25;26,045.00;1,910.00;32,224.50;141,209.50;52,504.00;18,417.00;8,244.25;3,034.75
Oct 9, 2022;Oct 10, 2022;20,655.25;3,620.00;43,976.50;39,950.00;1,897.25;32,389.25;147,797.75;36,804.25;14,616.00;7,658.00;2,937.75
Oct 10, 2022;Oct 11, 2022;21,012.50;3,371.25;50,949.00;29,538.00;1,845.00;32,302.50;144,141.25;86,236.75;21,863.50;9,326.25;3,008.75
Oct 11, 2022;Oct 12, 2022;21,300.00;3,365.00;17,335.50;31,001.25;1,896.75;32,394.75;146,270.50;89,718.50;38,884.75;10,296.50;3,020.50
Oct 12, 2022;Oct 13, 2022;21,390.00;3,192.25;7,680.00;27,277.50;1,894.00;32,426.00;133,598.50;98,090.00;47,766.00;10,830.75;3,219.75
Oct 13, 2022;Oct 14, 2022;21,423.75;3,190.25;38,743.75;13,417.75;1,875.50;32,233.25;149,323.25;98,627.50;47,127.75;8,684.50;3,293.25
Oct 14, 2022;Oct 15, 2022;21,280.25;3,307.75;31,003.75;9,743.50;1,904.00;32,171.25;159,689.00;96,968.50;44,911.25;8,963.00;3,302.75
Oct 15, 2022;Oct 16, 2022;20,759.25;3,783.00;64,502.75;14,505.25;1,816.25;32,113.50;159,774.75;45,801.00;17,439.00;3,534.50;3,233.00
Oct 16, 2022;Oct 17, 2022;20,682.75;3,523.25;51,967.75;26,182.25;1,745.75;32,098.50;125,153.75;41,758.25;19,510.75;9,528.75;3,198.50
Oct 17, 2022;Oct 18, 2022;20,666.75;3,322.00;73,548.00;22,317.25;1,719.75;31,920.00;148,172.50;44,100.25;41,469.25;7,732.50;3,427.75
Oct 18, 2022;Oct 19, 2022;20,605.00;3,362.25;8,131.00;21,003.75;1,841.50;32,086.25;135,198.25;86,231.25;53,750.00;9,614.75;3,077.00
Oct 19, 2022;Oct 20, 2022;20,573.25;3,448.25;50,417.50;22,255.50;1,951.50;32,336.25;142,176.00;60,855.75;52,705.75;9,838.50;2,824.75
Oct 20, 2022;Oct 21, 2022;20,470.25;3,327.00;88,639.75;10,741.25;2,024.75;32,266.00;144,342.25;51,208.50;29,231.00;10,682.00;2,936.75
Oct 21, 2022;Oct 22, 2022;20,772.25;3,513.75;66,268.50;9,517.25;2,025.75;32,049.50;155,058.25;40,161.50;47,536.00;7,123.75;3,047.00
Oct 22, 2022;Oct 23, 2022;20,309.50;3,545.00;57,597.00;20,334.00;2,049.50;32,081.25;135,290.50;21,316.75;37,580.50;6,151.75;3,068.25
Oct 23, 2022;Oct 24, 2022;19,860.00;3,454.75;79,517.00;17,218.50;1,981.00;32,080.50;121,071.75;13,149.00;22,584.75;2,641.50;2,914.50
Oct 24, 2022;Oct 25, 2022;19,669.00;3,565.50;148,751.25;13,698.25;1,897.50;31,954.25;97,937.75;17,371.00;30,785.00;6,285.50;3,102.00
Oct 25, 2022;Oct 26, 2022;19,777.00;3,570.00;64,294.50;20,064.75;1,881.75;32,110.25;125,637.25;23,181.50;41,740.25;14,557.00;3,040.75
Oct 26, 2022;Oct 27, 2022;19,836.50;3,804.00;58,063.50;22,870.75;1,831.25;32,118.75;159,245.50;28,760.75;45,597.50;6,503.50;2,922.25
Oct 27, 2022;Oct 28, 2022;19,563.50;3,379.00;58,463.50;26,843.00;1,943.75;31,910.25;160,743.75;23,546.75;31,830.75;8,015.75;2,927.75
Oct 28, 2022;Oct 29, 2022;19,667.50;3,352.50;85,107.00;21,158.25;2,057.00;31,816.00;153,901.50;23,062.75;32,641.75;3,490.50;3,179.50
Oct 29, 2022;Oct 30, 2022;19,665.00;2,792.00;41,666.50;18,167.00;2,058.25;31,936.25;114,024.25;21,775.25;34,213.25;6,411.75;2,701.00
Oct 30, 2022;Oct 31, 2022;20,286.75;2,905.25;41,476.50;25,357.50;2,073.25;33,303.25;133,127.50;21,938.75;34,591.50;8,283.75;2,570.50
Oct 31, 2022;Nov 1, 2022;19,860.00;3,253.50;40,384.50;16,033.50;2,017.50;32,097.00;129,072.00;23,287.75;46,652.50;6,757.25;3,174.75
Nov 1, 2022;Nov 2, 2022;19,974.25;3,175.25;137,926.75;24,006.50;2,047.75;32,058.75;98,747.25;22,197.75;13,124.50;8,000.50;3,719.50
Nov 2, 2022;Nov 3, 2022;20,046.50;3,119.50;120,711.25;20,952.00;2,060.00;32,181.50;99,353.75;31,910.75;22,524.75;12,459.25;2,902.00
Nov 3, 2022;Nov 4, 2022;20,519.25;3,150.00;112,998.50;10,682.75;2,042.25;32,148.75;134,015.25;38,602.75;31,934.25;5,566.00;3,459.25
Nov 4, 2022;Nov 5, 2022;20,734.25;3,234.25;47,128.00;10,870.75;2,110.25;32,350.25;155,612.75;74,466.50;33,877.75;11,448.75;3,865.00
Nov 5, 2022;Nov 6, 2022;20,525.25;3,023.75;53,312.25;15,282.00;2,090.75;32,416.00;147,035.00;58,169.00;22,457.75;3,173.00;3,725.00
Nov 6, 2022;Nov 7, 2022;19,830.25;3,015.25;109,843.00;17,126.75;2,098.50;32,316.25;69,154.75;60,840.25;16,945.00;10,821.25;2,416.75
Nov 7, 2022;Nov 8, 2022;20,054.00;3,030.25;133,892.25;9,660.50;2,051.75;32,151.00;99,955.50;56,165.75;22,272.50;13,871.50;3,251.75
Nov 8, 2022;Nov 9, 2022;20,021.50;3,054.00;130,931.50;16,473.25;2,047.00;32,086.75;122,580.50;57,390.75;24,056.75;11,044.25;3,336.00
Nov 9, 2022;Nov 10, 2022;20,329.00;3,098.25;130,967.75;11,976.75;2,071.00;32,093.75;127,525.50;61,564.75;20,793.25;11,306.25;3,539.00
Nov 10, 2022;Nov 11, 2022;20,404.50;3,125.25;79,868.50;20,203.75;2,069.25;32,210.00;143,037.25;70,203.00;16,147.00;10,127.25;3,857.00
Nov 11, 2022;Nov 12, 2022;20,858.25;3,021.75;52,738.50;15,546.25;2,029.50;32,280.75;147,859.25;69,596.75;16,662.00;6,344.75;3,402.50
Nov 12, 2022;Nov 13, 2022;20,920.00;2,997.25;20,357.75;14,701.00;2,026.25;32,418.50;171,762.25;65,913.00;19,317.00;5,731.75;3,129.00
Nov 13, 2022;Nov 14, 2022;20,603.00;2,935.50;55,949.00;21,909.50;2,126.25;32,380.00;173,827.75;60,514.50;17,592.75;2,735.75;1,869.25
Nov 14, 2022;Nov 15, 2022;20,955.00;2,922.75;64,733.25;11,024.50;2,050.50;32,362.00;186,246.25;85,464.25;30,028.75;7,233.25;2,789.00
Nov 15, 2022;Nov 16, 2022;20,971.50;3,081.50;75,803.25;14,797.00;2,118.50;32,005.25;185,267.25;100,877.00;22,996.00;8,155.50;3,198.25
Nov 16, 2022;Nov 17, 2022;20,944.50;3,321.75;74,499.75;12,812.00;2,204.25;31,899.25;168,160.00;84,820.50;17,228.25;8,381.25;2,189.50
Nov 17, 2022;Nov 18, 2022;20,435.00;3,611.75;128,880.25;6,989.25;2,159.50;31,802.75;137,067.00;80,928.50;12,930.50;9,216.50;2,176.25
Nov 18, 2022;Nov 19, 2022;21,301.50;3,976.00;44,187.75;7,171.00;2,101.75;31,923.75;163,387.50;118,497.00;30,736.25;9,356.50;2,719.50
Nov 19, 2022;Nov 20, 2022;21,102.25;4,224.50;40,355.00;9,380.00;2,120.75;31,987.75;169,019.00;124,617.50;25,956.75;9,343.75;2,736.00
Nov 20, 2022;Nov 21, 2022;20,513.50;4,025.25;55,622.00;8,237.25;2,076.50;31,866.25;174,346.75;121,094.00;24,142.75;4,967.50;1,994.50
Nov 21, 2022;Nov 22, 2022;21,174.00;4,271.75;68,564.50;10,316.75;2,120.50;31,703.00;174,299.00;118,931.50;44,102.25;14,722.25;3,814.00
Nov 22, 2022;Nov 23, 2022;21,391.00;4,256.00;104,942.25;7,661.75;2,152.75;31,327.25;170,962.75;113,603.75;31,670.50;8,917.25;3,626.50
Nov 23, 2022;Nov 24, 2022;21,236.50;4,143.25;101,133.25;16,543.75;2,192.25;31,091.25;173,015.25;107,561.25;29,336.75;7,421.50;3,381.75
Nov 24, 2022;Nov 25, 2022;21,026.00;4,259.50;100,848.50;9,474.25;2,185.50;31,005.50;180,994.25;108,035.75;31,668.75;10,575.00;3,329.00
Nov 25, 2022;Nov 26, 2022;21,650.75;4,105.75;71,734.50;10,309.50;2,207.75;30,849.00;162,109.25;132,011.75;33,968.50;7,226.25;3,159.25
Nov 26, 2022;Nov 27, 2022;21,561.50;3,979.50;36,858.00;8,534.00;2,099.25;30,817.75;166,098.75;135,383.00;24,368.25;6,187.25;3,170.75
Nov 27, 2022;Nov 28, 2022;21,264.25;3,621.25;80,599.25;7,901.75;2,068.75;30,719.00;148,303.75;95,801.50;22,321.75;3,416.25;2,395.75
Nov 28, 2022;Nov 29, 2022;21,742.25;3,465.50;42,310.75;2,993.50;2,110.50;30,539.25;165,686.50;117,642.75;45,628.50;12,818.75;3,233.00
Nov 29, 2022;Nov 30, 2022;21,394.75;3,646.75;9,422.75;2,955.75;1,994.75;30,440.50;180,099.25;151,660.50;65,608.50;11,079.50;3,464.00
Nov 30, 2022;Dec 1, 2022;21,607.75;4,064.75;12,906.00;2,050.00;2,057.25;30,403.50;190,088.00;158,606.50;66,385.25;11,722.25;3,421.50
Dec 1, 2022;Dec 2, 2022;21,732.50;3,751.25;22,547.50;2,171.75;1,950.75;30,299.25;195,020.50;150,506.00;62,258.00;12,175.25;3,637.50
Dec 2, 2022;Dec 3, 2022;21,852.25;3,454.25;44,088.75;1,583.25;2,082.75;30,222.25;173,275.00;153,335.50;53,718.50;4,273.00;3,663.50
Dec 3, 2022;Dec 4, 2022;21,452.00;3,327.25;34,599.00;2,012.75;2,152.00;30,124.25;149,854.75;134,224.75;46,531.50;6,215.75;3,060.75
Dec 4, 2022;Dec 5, 2022;20,912.50;3,210.50;31,432.25;1,248.50;2,118.00;29,982.50;148,501.75;126,704.00;40,739.50;4,941.25;2,856.00
Dec 5, 2022;Dec 6, 2022;20,804.00;3,393.50;10,483.25;1,415.00;2,101.50;29,800.75;178,278.75;145,956.00;57,837.50;9,929.50;3,666.25
Dec 6, 2022;Dec 7, 2022;20,653.25;3,321.50;16,393.50;3,378.75;2,155.00;29,585.75;175,889.25;152,432.75;74,150.25;11,089.25;3,583.75
Dec 7, 2022;Dec 8, 2022;20,363.75;3,580.00;49,638.25;6,819.75;2,086.25;29,478.00;168,590.75;154,033.75;68,164.25;8,208.50;3,379.50
Dec 8, 2022;Dec 9, 2022;20,801.50;3,517.50;35,656.50;4,315.50;2,070.00;29,396.50;178,289.00;153,597.25;69,709.75;12,041.50;3,514.50
Dec 9, 2022;Dec 10, 2022;21,222.50;3,490.75;6,296.75;5,542.25;2,059.25;29,316.75;165,932.25;131,954.00;74,012.75;9,930.25;3,465.50
Dec 10, 2022;Dec 11, 2022;21,370.25;3,223.00;6,583.75;4,624.75;2,013.50;29,218.25;141,998.75;129,692.25;69,656.50;4,009.25;3,619.75
Dec 11, 2022;Dec 12, 2022;21,076.50;3,220.50;2,366.75;2,174.25;1,976.50;29,105.25;157,076.25;126,110.50;67,314.00;2,984.75;3,656.00
Dec 12, 2022;Dec 13, 2022;21,318.00;3,145.00;6,290.00;7,628.25;1,936.50;28,973.25;183,787.25;137,755.50;74,346.50;10,989.75;3,589.50
Dec 13, 2022;Dec 14, 2022;21,073.75;3,133.25;46,271.00;9,259.00;1,835.50;28,773.00;188,783.50;145,554.50;72,978.00;14,489.50;3,771.00
Dec 14, 2022;Dec 15, 2022;21,293.00;3,121.00;23,558.00;4,402.00;1,843.50;28,657.75;192,371.50;134,623.75;71,971.25;13,905.50;3,992.00
Dec 15, 2022;Dec 16, 2022;21,417.00;3,128.75;36,078.75;6,656.50;1,763.25;28,587.25;167,840.50;110,410.50;71,353.00;10,666.00;3,964.00
Dec 16, 2022;Dec 17, 2022;21,812.50;3,128.25;20,819.75;6,303.25;1,625.00;28,478.25;168,698.50;107,913.50;72,658.50;13,500.25;4,021.00
Dec 17, 2022;Dec 18, 2022;21,757.25;3,057.00;13,095.75;4,696.25;1,616.00;28,394.25;162,778.50;102,662.75;62,390.25;3,585.50;4,048.75
Dec 18, 2022;Dec 19, 2022;21,850.50;3,020.00;86,965.25;4,528.00;1,622.50;28,236.50;157,233.00;85,930.50;40,534.50;1,004.75;2,909.25
Dec 19, 2022;Dec 20, 2022;21,701.75;3,043.00;139,889.25;1,917.25;1,593.75;27,974.75;146,164.25;55,251.00;42,003.50;7,662.25;2,824.00
Dec 20, 2022;Dec 21, 2022;21,218.50;3,087.75;139,596.50;2,525.75;1,668.75;27,717.50;126,856.50;58,065.75;32,524.75;10,205.75;2,366.50
Dec 21, 2022;Dec 22, 2022;20,978.25;3,314.75;90,877.25;4,479.00;1,760.75;27,732.25;143,696.75;56,955.00;32,116.00;5,653.25;2,996.00
Dec 22, 2022;Dec 23, 2022;21,460.75;4,061.50;108,867.25;4,766.00;1,678.25;27,591.00;144,995.00;62,195.25;23,143.00;3,756.50;3,224.75
Dec 23, 2022;Dec 24, 2022;21,652.75;4,998.50;107,250.00;1,473.50;1,741.50;27,484.50;146,409.75;59,730.25;26,257.50;10,208.50;3,727.75
Dec 24, 2022;Dec 25, 2022;21,130.25;5,450.75;111,211.25;5,624.50;1,783.50;27,287.25;120,805.00;28,877.50;23,264.50;12,705.50;3,101.50
Dec 25, 2022;Dec 26, 2022;20,870.00;5,451.00;78,230.75;6,276.00;1,738.00;27,217.00;91,010.00;23,650.75;20,874.75;7,900.50;2,778.00
Dec 26, 2022;Dec 27, 2022;20,632.75;5,713.50;143,616.50;3,666.25;1,728.50;27,103.25;59,572.50;35,956.25;18,542.50;3,376.75;2,732.50
Dec 27, 2022;Dec 28, 2022;20,910.75;5,756.75;115,392.25;9,254.50;1,653.25;27,072.75;78,243.75;30,666.25;20,105.00;13,596.50;2,711.00
Dec 28, 2022;Dec 29, 2022;20,611.00;5,662.50;172,825.75;5,290.00;1,728.75;26,793.25;66,887.50;28,820.25;19,828.75;12,696.50;2,851.75
Dec 29, 2022;Dec 30, 2022;20,574.50;5,667.50;173,071.25;5,668.00;1,744.75;26,598.00;65,441.75;32,882.25;16,863.75;15,672.25;2,655.50
Dec 30, 2022;Dec 31, 2022;20,825.75;5,411.25;153,179.50;6,775.50;1,785.25;26,543.75;59,690.25;45,259.75;13,148.50;6,796.00;2,643.00
Dec 31, 2022;Jan 1, 2023;20,441.25;5,344.00;170,455.25;6,685.50;1,695.50;26,125.75;36,035.25;22,645.00;13,323.00;2,332.50;2,853.50
Jan 1, 2023;Jan 2, 2023;19,151.50;5,114.25;118,738.00;6,599.50;1,538.50;26,100.00;36,406.50;19,996.00;8,819.50;1,557.25;17,311.75
Jan 2, 2023;Jan 3, 2023;19,920.25;5,084.75;130,934.50;4,200.25;1,565.25;26,108.25;109,720.75;39,516.50;18,474.00;9,233.25;17,305.75
Jan 3, 2023;Jan 4, 2023;20,558.25;5,065.75;79,579.75;6,157.00;1,582.00;26,205.75;133,127.25;65,722.50;30,667.00;12,032.25;16,888.50
Jan 4, 2023;Jan 5, 2023;20,259.25;5,300.50;218,038.50;2,551.50;1,621.00;25,786.00;53,089.50;47,372.50;15,646.75;7,422.00;13,967.75
Jan 5, 2023;Jan 6, 2023;20,554.50;5,470.00;128,269.75;3,982.00;1,596.00;25,771.75;102,061.50;59,348.75;34,568.25;12,395.25;13,703.50
Jan 6, 2023;Jan 7, 2023;20,285.50;5,423.75;120,858.25;5,932.00;1,634.50;25,642.50;118,552.50;49,203.75;26,119.50;5,285.00;13,147.50
Jan 7, 2023;Jan 8, 2023;20,069.50;5,188.50;113,866.50;9,482.50;1,595.00;25,514.75;70,052.75;29,453.25;17,279.00;6,842.25;13,549.50
Jan 8, 2023;Jan 9, 2023;20,162.50;5,101.75;119,030.00;6,345.25;1,594.75;25,480.25;78,069.50;29,383.50;16,294.50;12,954.50;13,814.75
Jan 9, 2023;Jan 10, 2023;20,887.50;5,280.25;133,693.50;4,647.25;1,539.00;25,438.00;149,133.50;64,652.00;30,804.25;13,064.00;14,770.50
Jan 10, 2023;Jan 11, 2023;20,524.75;5,322.50;134,978.50;6,224.50;1,513.50;25,312.25;167,537.25;68,903.25;33,017.25;8,637.25;14,694.75
Jan 11, 2023;Jan 12, 2023;20,507.25;5,319.00;165,812.50;5,186.25;1,553.25;25,046.50;121,739.25;52,955.25;28,029.25;11,781.25;13,619.25
Jan 12, 2023;Jan 13, 2023;20,645.75;5,256.50;225,200.50;2,873.00;1,565.00;24,866.25;74,955.00;37,148.25;18,231.50;11,260.50;16,253.00
Jan 13, 2023;Jan 14, 2023;20,684.75;5,257.25;209,835.75;6,969.75;1,588.00;24,828.25;56,656.75;35,165.50;26,788.00;12,435.50;16,738.50
Jan 14, 2023;Jan 15, 2023;20,333.50;5,231.25;190,667.25;3,459.50;1,504.00;24,721.25;47,573.75;21,849.50;16,760.25;3,922.25;15,256.50
Jan 15, 2023;Jan 16, 2023;20,062.50;5,258.75;183,259.25;6,129.75;1,475.00;24,686.25;47,988.25;22,833.00;13,573.50;2,662.00;15,056.75
Jan 16, 2023;Jan 17, 2023;20,848.50;5,224.00;153,120.25;4,663.75;1,494.50;24,438.25;146,445.25;74,782.25;38,316.50;11,886.25;15,696.25
Jan 17, 2023;Jan 18, 2023;21,061.00;5,160.50;59,823.50;12,364.75;1,569.75;24,101.75;170,667.25;103,909.00;55,472.50;10,000.75;16,181.75
Jan 18, 2023;Jan 19, 2023;21,157.00;4,991.75;59,494.25;12,096.00;1,625.50;23,703.50;153,133.50;120,727.25;69,418.25;2,608.00;13,822.50
Jan 19, 2023;Jan 20, 2023;21,161.75;4,918.00;83,034.75;7,198.00;1,655.25;23,200.25;154,936.25;129,188.50;70,189.75;4,113.00;13,472.00
Jan 20, 2023;Jan 21, 2023;21,681.50;4,982.00;27,012.25;4,259.25;1,665.50;22,681.50;165,099.50;149,556.75;83,694.75;8,983.00;14,508.25
Jan 21, 2023;Jan 22, 2023;21,378.25;4,962.00;56,426.00;2,083.25;1,544.00;17,216.25;189,522.75;122,359.25;59,630.00;2,002.25;14,699.00
Jan 22, 2023;Jan 23, 2023;21,046.50;4,941.25;44,899.00;870.75;1,568.00;0.00;183,118.75;114,503.50;66,115.00;4,895.75;15,087.50
Jan 23, 2023;Jan 24, 2023;21,183.75;4,938.50;42,878.25;2,048.50;1,561.50;0.00;183,416.25;138,841.50;91,222.00;10,037.25;14,704.50
Jan 24, 2023;Jan 25, 2023;21,264.75;4,950.00;36,721.00;1,921.75;1,427.25;0.00;181,910.00;152,197.75;92,014.00;13,677.75;15,044.00
Jan 25, 2023;Jan 26, 2023;21,192.00;4,924.50;1,638.75;1,259.00;1,576.50;0.00;185,318.50;157,151.75;96,132.00;12,495.25;10,518.00
Jan 26, 2023;Jan 27, 2023;21,520.75;5,010.00;8,711.25;2,296.00;1,648.50;0.00;183,355.00;149,628.75;94,258.50;6,283.00;11,157.25
Jan 27, 2023;Jan 28, 2023;21,673.75;5,029.00;37,883.75;2,633.50;1,706.25;0.00;186,818.25;123,913.25;88,427.50;6,961.00;11,444.00
Jan 28, 2023;Jan 29, 2023;21,522.75;4,844.00;12,543.75;6,026.25;1,697.00;0.00;184,159.25;85,758.25;75,528.00;1,271.00;10,712.25
Jan 29, 2023;Jan 30, 2023;20,929.00;4,698.25;55,307.75;6,782.75;1,656.25;0.00;120,662.25;47,470.75;60,051.75;5,756.25;12,636.25
Jan 30, 2023;Jan 31, 2023;20,479.75;4,738.50;152,374.00;6,443.25;1,686.50;1.00;103,202.25;43,563.25;55,383.25;6,163.50;12,905.00
Jan 31, 2023;Feb 1, 2023;20,907.25;4,826.00;158,026.75;4,927.75;1,671.50;0.00;101,138.75;41,306.25;54,317.25;8,322.75;12,839.75
Feb 1, 2023;Feb 2, 2023;20,821.75;4,912.25;197,376.00;4,818.00;1,706.00;0.00;101,172.50;43,032.75;88,844.75;6,331.25;13,523.00
Feb 2, 2023;Feb 3, 2023;21,201.00;5,053.50;148,418.75;3,447.00;1,741.25;0.00;135,868.75;90,414.50;93,093.75;8,032.75;14,510.25
Feb 3, 2023;Feb 4, 2023;20,593.75;5,014.00;190,472.75;3,883.75;1,736.25;0.00;103,437.00;76,888.25;78,600.75;987.50;13,993.75
Feb 4, 2023;Feb 5, 2023;21,038.50;5,184.50;24,100.25;13,320.75;1,726.50;0.00;127,921.25;96,715.25;84,007.00;11,127.25;14,294.00
Feb 5, 2023;Feb 6, 2023;20,096.00;5,230.25;74,094.50;5,034.25;1,738.50;5,167.50;117,536.50;84,875.25;60,383.50;809.25;14,915.50
Feb 6, 2023;Feb 7, 2023;20,802.50;5,158.00;32,307.75;12,307.50;1,662.50;11,687.75;152,598.25;119,797.00;148,690.00;10,004.25;15,716.25
Feb 7, 2023;Feb 8, 2023;20,996.50;5,056.00;39,019.50;28,599.50;1,490.25;16,864.50;134,312.75;142,740.00;165,583.50;11,655.00;14,795.50
Feb 8, 2023;Feb 9, 2023;20,905.75;5,010.75;47,458.00;31,613.50;1,423.75;21,534.50;138,250.50;136,480.25;145,049.00;6,038.75;13,443.25
Feb 9, 2023;Feb 10, 2023;20,926.50;4,931.00;40,285.00;26,818.75;1,506.75;23,161.00;150,710.75;114,679.25;134,781.75;9,297.00;14,781.25
Feb 10, 2023;Feb 11, 2023;21,232.00;4,835.75;55,105.00;22,893.25;1,581.25;23,613.75;147,676.25;93,055.75;128,963.75;9,073.75;16,080.75
Feb 11, 2023;Feb 12, 2023;20,724.50;4,786.25;65,840.75;10,376.25;1,667.00;23,502.00;127,667.25;77,406.75;70,352.75;3,063.00;16,390.00
Feb 12, 2023;Feb 13, 2023;20,690.50;4,814.00;15,385.75;12,633.75;1,663.25;23,563.25;158,385.25;90,601.00;91,193.00;2,283.00;16,451.50
Feb 13, 2023;Feb 14, 2023;20,957.00;4,818.50;21,457.00;25,416.00;1,701.50;23,565.25;152,263.25;130,295.75;158,555.50;7,543.25;18,041.75
Feb 14, 2023;Feb 15, 2023;21,044.50;4,751.50;15,825.50;27,636.25;1,720.75;23,600.25;166,655.25;141,857.25;164,041.50;4,799.25;17,365.25
Feb 15, 2023;Feb 16, 2023;20,878.00;4,617.00;28,856.50;27,122.75;1,654.00;23,579.50;174,870.50;144,997.75;125,748.25;6,618.50;11,277.50
Feb 16, 2023;Feb 17, 2023;20,829.75;4,544.00;96,476.00;17,160.00;1,730.25;23,512.75;174,073.75;113,225.00;90,282.75;9,340.75;14,895.00
Feb 17, 2023;Feb 18, 2023;20,147.25;4,659.00;196,288.50;8,007.25;1,743.75;23,367.25;78,413.25;52,707.00;51,466.75;5,008.75;17,802.25
Feb 18, 2023;Feb 19, 2023;20,558.75;4,808.75;184,313.00;9,287.00;1,741.25;23,383.50;80,052.75;32,845.75;42,936.50;3,771.75;17,428.75
Feb 19, 2023;Feb 20, 2023;20,666.00;5,014.75;106,453.75;9,893.25;1,690.00;23,545.00;105,921.75;33,837.75;57,230.75;11,472.50;12,257.00
Feb 20, 2023;Feb 21, 2023;20,427.50;4,994.50;145,664.25;22,994.00;1,681.50;23,402.25;95,695.25;53,559.25;60,095.00;4,771.75;11,883.25
Feb 21, 2023;Feb 22, 2023;21,038.50;4,938.50;33,008.50;23,347.25;1,690.50;23,482.75;150,553.50;85,040.50;105,586.25;7,207.00;15,439.00
Feb 22, 2023;Feb 23, 2023;20,981.25;4,755.25;20,667.00;24,208.75;1,645.75;23,509.25;174,770.75;119,408.00;137,478.25;5,698.25;14,350.25
Feb 23, 2023;Feb 24, 2023;20,979.50;4,704.75;11,346.75;8,452.75;1,672.75;23,576.00;182,725.00;129,288.00;134,237.75;5,090.25;17,497.25
Feb 24, 2023;Feb 25, 2023;20,973.50;4,700.50;81,433.25;11,158.50;1,761.75;23,647.75;150,993.75;83,742.25;95,883.25;3,704.25;16,384.00
Feb 25, 2023;Feb 26, 2023;20,582.00;4,864.50;96,445.00;20,597.25;1,741.25;23,675.00;93,343.25;46,212.75;50,112.75;5,124.75;16,252.50
Feb 26, 2023;Feb 27, 2023;20,593.00;4,667.00;98,497.75;25,732.75;1,701.25;23,705.25;103,132.50;41,872.25;62,419.50;1,552.25;18,695.25
Feb 27, 2023;Feb 28, 2023;21,155.50;4,371.50;86,812.75;32,498.25;1,694.00;23,684.50;166,905.25;103,539.25;136,124.75;5,721.50;15,862.50
Feb 28, 2023;Mar 1, 2023;21,239.75;4,170.75;74,090.50;35,269.75;1,574.75;23,744.75;175,794.00;107,612.25;142,780.50;8,255.00;15,031.75
Mar 1, 2023;Mar 2, 2023;21,128.25;3,980.75;73,328.75;39,723.25;1,647.50;23,696.75;157,102.75;108,013.75;160,516.25;5,074.50;14,529.00
Mar 2, 2023;Mar 3, 2023;21,297.50;3,971.50;60,529.00;37,746.75;1,712.25;23,694.75;156,652.75;112,259.50;160,655.50;6,849.50;13,998.00
Mar 3, 2023;Mar 4, 2023;21,141.75;4,043.50;21,146.50;25,233.75;1,831.75;23,689.25;156,515.50;123,069.75;158,400.00;6,221.75;15,979.50
Mar 4, 2023;Mar 5, 2023;20,371.75;3,927.00;43,478.00;14,628.75;1,842.75;23,610.00;122,913.25;63,385.00;80,742.50;6,099.50;13,780.50
Mar 5, 2023;Mar 6, 2023;20,441.25;3,957.00;25,189.75;12,182.25;1,838.00;23,648.25;135,838.50;67,775.75;92,559.50;4,592.25;16,119.50
Mar 6, 2023;Mar 7, 2023;20,920.50;3,836.75;52,807.00;14,001.00;1,824.50;23,689.50;144,942.50;108,142.75;163,567.50;11,547.00;19,185.50
Mar 7, 2023;Mar 8, 2023;20,351.75;3,854.75;125,729.50;15,621.50;1,787.75;23,687.25;134,719.00;79,848.25;107,058.25;4,564.25;19,519.00
Mar 8, 2023;Mar 9, 2023;20,815.50;4,045.50;67,849.00;6,868.25;1,758.50;23,721.75;159,449.50;105,569.00;169,897.75;9,656.00;13,633.00
Mar 9, 2023;Mar 10, 2023;20,702.25;4,480.00;106,636.75;14,626.25;1,844.00;23,715.25;142,576.75;90,043.75;146,531.25;9,408.50;15,806.25
Mar 10, 2023;Mar 11, 2023;20,319.25;3,645.00;148,251.75;13,514.75;1,884.75;23,689.25;99,257.00;46,537.25;98,934.00;3,836.50;17,025.00
Mar 11, 2023;Mar 12, 2023;20,265.75;3,710.00;33,556.50;33,588.00;1,817.25;23,679.00;86,556.25;57,084.25;67,043.25;11,609.25;18,548.00
Mar 12, 2023;Mar 13, 2023;20,099.25;3,660.00;104,000.00;12,889.25;1,803.75;23,599.25;68,552.75;23,002.25;60,103.00;8,438.00;18,504.50
Mar 13, 2023;Mar 14, 2023;19,534.50;3,624.00;188,988.00;22,288.25;1,543.25;23,255.00;49,659.00;41,209.25;51,639.00;13,491.50;18,396.25
Mar 14, 2023;Mar 15, 2023;20,089.75;3,636.00;159,512.50;17,332.25;1,495.25;23,498.50;72,644.25;69,126.25;57,301.00;12,526.00;17,502.00
Mar 15, 2023;Mar 16, 2023;20,583.00;3,788.00;45,847.75;33,932.25;1,511.25;23,655.25;124,069.50;62,451.25;100,834.25;9,870.50;17,274.75
Mar 16, 2023;Mar 17, 2023;20,230.00;3,650.00;95,683.50;37,005.00;1,617.00;23,549.00;93,254.25;48,029.25;80,508.50;6,784.00;17,805.50
Mar 17, 2023;Mar 18, 2023;20,418.50;3,630.00;75,550.00;33,705.50;1,728.25;23,376.00;104,429.25;46,652.50;54,388.75;11,839.25;18,059.25
Mar 18, 2023;Mar 19, 2023;20,181.00;3,626.00;43,336.50;38,444.50;1,648.25;23,307.25;89,620.75;37,977.00;45,654.50;7,994.00;17,856.75
Mar 19, 2023;Mar 20, 2023;19,950.50;3,654.00;30,975.00;24,430.50;1,601.25;23,365.00;87,930.00;38,779.50;58,788.75;8,093.25;18,443.25
Mar 20, 2023;Mar 21, 2023;20,322.50;3,664.00;49,300.00;21,783.25;1,617.50;23,454.75;133,287.50;54,687.25;138,540.25;8,585.75;20,408.50
Mar 21, 2023;Mar 22, 2023;20,095.25;3,652.00;55,725.25;18,808.75;1,558.00;23,368.25;130,094.00;60,341.75;130,924.00;3,667.75;15,651.00
Mar 22, 2023;Mar 23, 2023;19,540.50;3,672.00;139,738.50;29,952.25;1,639.75;23,310.25;54,141.25;55,471.50;69,848.50;10,943.50;14,921.25
Mar 23, 2023;Mar 24, 2023;19,500.25;3,672.00;155,033.75;18,656.75;1,680.50;23,261.50;59,472.00;40,392.25;69,497.25;15,931.50;15,212.75
Mar 24, 2023;Mar 25, 2023;19,589.00;3,678.00;169,507.00;26,311.25;1,684.00;23,298.00;52,922.75;38,662.00;61,872.75;12,469.25;17,416.00
Mar 25, 2023;Mar 26, 2023;19,500.00;3,679.00;174,187.25;30,722.25;1,676.00;23,397.50;38,728.00;23,101.75;40,680.50;5,165.75;18,278.25
Mar 26, 2023;Mar 27, 2023;19,085.25;3,243.00;78,470.50;17,291.75;1,617.25;22,556.50;45,591.50;21,069.75;36,993.50;4,281.75;18,155.00
Mar 27, 2023;Mar 28, 2023;19,909.25;3,624.00;93,253.00;39,088.75;1,693.00;23,603.00;73,630.00;56,932.25;56,766.50;11,901.25;17,834.75
Mar 28, 2023;Mar 29, 2023;20,061.00;3,616.00;41,182.50;46,176.75;1,640.25;23,632.00;112,399.00;62,121.50;72,850.25;13,386.25;18,384.75
Mar 29, 2023;Mar 30, 2023;20,105.75;3,636.00;59,294.25;22,619.50;1,656.50;23,481.00;123,884.00;45,605.50;97,023.25;10,428.25;17,504.00
Mar 30, 2023;Mar 31, 2023;19,210.00;3,940.00;161,161.50;25,811.75;1,669.25;23,241.75;86,737.50;29,246.25;55,539.00;8,423.50;17,525.75
Mar 31, 2023;Apr 1, 2023;19,875.50;4,022.00;147,570.00;23,287.50;1,747.00;23,356.25;101,921.25;24,975.25;64,134.75;11,914.75;18,533.50
Apr 1, 2023;Apr 2, 2023;19,144.50;2,270.50;136,311.00;15,363.00;1,633.25;23,416.75;62,929.25;20,703.25;29,379.75;10,194.25;18,398.00
Apr 2, 2023;Apr 3, 2023;19,244.50;2,224.50;83,748.75;25,173.00;1,541.50;23,600.25;70,518.25;22,208.25;36,301.25;3,391.25;16,997.00
Apr 3, 2023;Apr 4, 2023;19,877.00;2,359.00;79,096.50;53,113.25;1,408.00;23,615.75;104,689.50;64,380.75;81,236.25;7,130.75;19,208.50
Apr 4, 2023;Apr 5, 2023;20,199.50;2,521.50;30,494.25;63,910.00;1,485.25;23,670.25;110,714.00;82,283.00;100,160.75;9,196.00;19,538.25
Apr 5, 2023;Apr 6, 2023;20,292.50;2,574.00;6,513.50;64,411.00;1,573.25;23,605.50;114,499.25;80,638.00;114,112.75;12,495.25;17,194.25
Apr 6, 2023;Apr 7, 2023;20,121.75;2,602.50;39,913.00;45,186.75;1,673.75;23,576.00;120,370.75;52,257.00;85,342.00;8,548.75;17,875.00
Apr 7, 2023;Apr 8, 2023;20,000.25;2,320.00;23,673.50;23,012.50;1,703.50;23,493.75;111,618.00;40,769.00;66,185.50;3,882.00;17,795.75
Apr 8, 2023;Apr 9, 2023;20,247.25;2,262.00;13,936.00;23,657.75;1,689.75;23,539.75;96,241.50;31,025.75;78,961.25;10,313.75;17,895.00
Apr 9, 2023;Apr 10, 2023;19,887.75;2,269.50;21,115.75;52,669.50;1,699.00;23,449.00;55,760.00;21,519.50;49,229.00;10,423.25;18,016.50
Apr 10, 2023;Apr 11, 2023;19,251.75;2,265.00;99,509.00;50,191.00;1,661.75;23,308.25;45,256.75;22,032.75;36,598.25;2,784.50;16,487.25
Apr 11, 2023;Apr 12, 2023;19,457.00;2,217.00;118,685.00;44,759.25;1,657.25;23,402.75;63,462.75;30,171.25;52,775.25;20,716.50;16,672.75
Apr 12, 2023;Apr 13, 2023;19,356.50;2,255.00;102,684.25;22,836.50;1,649.00;23,434.00;99,811.25;34,706.50;53,609.25;10,151.75;15,140.75
Apr 13, 2023;Apr 14, 2023;19,283.25;2,568.00;114,141.50;35,215.00;1,598.25;23,399.00;98,262.75;43,307.25;62,239.25;9,434.75;15,057.50
Apr 14, 2023;Apr 15, 2023;19,811.75;2,544.00;10,494.75;53,401.75;1,714.25;23,413.00;115,832.50;48,474.75;84,154.00;6,552.00;15,058.50
Apr 15, 2023;Apr 16, 2023;19,368.75;2,508.50;61,164.50;27,880.25;1,692.25;19,984.25;91,123.25;30,020.50;51,880.75;1,394.75;16,276.50
Apr 16, 2023;Apr 17, 2023;19,348.00;2,175.50;46,052.50;18,536.00;1,638.75;0.00;92,565.75;35,081.25;56,737.00;4,617.00;17,025.00
Apr 17, 2023;Apr 18, 2023;19,678.00;2,273.00;39,761.00;36,985.00;1,634.50;0.00;105,303.25;51,261.75;92,531.50;12,764.50;17,242.00
Apr 18, 2023;Apr 19, 2023;19,497.25;2,541.50;88,307.75;34,567.50;1,662.50;0.00;109,578.75;40,474.75;64,853.75;8,084.75;17,239.25
Apr 19, 2023;Apr 20, 2023;19,395.75;2,523.50;98,847.75;49,306.75;1,685.75;0.00;94,004.25;44,822.25;49,087.00;6,005.25;12,314.75
Apr 20, 2023;Apr 21, 2023;19,793.00;2,722.00;74,971.00;28,234.00;1,706.75;0.00;112,693.25;60,199.25;72,888.75;10,807.75;13,653.00
Apr 21, 2023;Apr 22, 2023;19,589.75;2,720.00;56,240.50;50,467.25;1,697.50;0.00;102,300.00;49,069.00;68,671.50;14,066.75;15,133.50
Apr 22, 2023;Apr 23, 2023;19,263.75;2,831.00;68,771.00;45,625.25;1,638.00;0.00;81,805.25;31,143.75;52,899.50;9,904.00;16,361.25
Apr 23, 2023;Apr 24, 2023;18,963.25;2,822.50;65,066.00;42,643.75;1,653.25;0.00;76,738.50;10,662.00;39,217.75;5,737.00;16,853.00
Apr 24, 2023;Apr 25, 2023;19,205.00;2,678.00;135,486.00;26,109.50;1,618.25;0.00;92,416.00;23,482.75;53,302.00;9,665.75;15,026.75
Apr 25, 2023;Apr 26, 2023;19,293.50;2,304.00;44,293.25;35,508.50;1,584.25;0.00;104,066.00;61,755.00;86,928.25;8,501.00;16,230.50
Apr 26, 2023;Apr 27, 2023;19,285.75;2,256.00;12,907.50;48,272.25;1,612.75;0.00;111,465.00;58,760.25;85,348.25;8,641.75;12,746.75
Apr 27, 2023;Apr 28, 2023;19,471.50;2,793.00;12,620.75;60,360.75;1,677.00;0.00;105,924.50;36,723.00;81,015.50;6,023.75;13,876.75
Apr 28, 2023;Apr 29, 2023;19,584.50;2,793.00;55,286.50;24,099.25;1,673.25;0.00;117,201.50;17,897.50;66,684.50;5,253.50;16,299.00
Apr 29, 2023;Apr 30, 2023;19,332.50;2,831.00;32,574.50;29,636.50;1,492.00;0.00;98,956.00;16,854.50;41,011.75;7,495.75;13,480.25
Apr 30, 2023;May 1, 2023;18,771.25;2,753.50;26,995.75;64,887.50;1,420.50;0.00;77,049.50;12,800.00;34,224.50;10,036.50;17,244.00
May 1, 2023;May 2, 2023;18,579.00;2,592.00;24,660.50;41,962.50;1,429.00;0.00;78,385.50;11,736.50;33,672.25;6,416.50;17,953.25
May 2, 2023;May 3, 2023;18,946.50;2,808.00;37,792.00;41,865.25;1,406.25;0.00;96,954.50;16,735.25;58,974.25;10,649.25;14,068.50
May 3, 2023;May 4, 2023;19,035.50;2,952.00;32,151.00;71,838.00;1,506.00;0.00;99,474.75;18,821.00;76,948.25;8,751.75;15,185.00
May 4, 2023;May 5, 2023;19,051.00;2,952.00;51,314.25;69,842.50;1,471.00;0.00;94,426.50;16,176.00;61,701.00;9,716.50;15,298.75
May 5, 2023;May 6, 2023;18,857.50;2,952.00;31,890.00;45,028.50;1,513.25;0.00;103,314.50;26,353.25;72,438.25;8,410.75;15,018.50
May 6, 2023;May 7, 2023;18,814.25;2,952.00;8,043.00;52,868.25;1,584.00;0.00;95,057.00;22,366.50;39,842.50;8,585.75;14,844.50
May 7, 2023;May 8, 2023;18,205.25;2,952.00;23,435.75;46,094.25;1,579.25;0.00;71,188.75;16,869.25;42,333.50;1,021.25;16,329.00
May 8, 2023;May 9, 2023;18,499.00;2,952.00;10,163.75;33,986.75;1,547.75;0.00;111,892.50;36,924.50;70,831.75;9,337.00;17,292.75
May 9, 2023;May 10, 2023;18,351.75;1,512.00;25,058.50;35,302.50;1,536.50;0.00;95,757.50;54,102.25;77,892.75;8,372.50;17,744.25
May 10, 2023;May 11, 2023;18,616.50;2,856.00;33,764.75;32,759.00;1,349.00;0.00;123,395.00;49,581.25;77,989.50;7,807.00;15,505.75
May 11, 2023;May 12, 2023;18,703.50;2,872.50;7,452.50;27,177.00;1,476.75;0.00;140,258.00;38,350.75;98,223.00;5,589.75;19,222.25
May 12, 2023;May 13, 2023;18,811.75;2,881.00;38,646.75;37,269.75;1,688.25;0.00;125,218.75;13,376.50;68,776.75;7,357.50;19,283.75
May 13, 2023;May 14, 2023;18,163.75;2,900.00;35,912.50;53,747.50;1,724.75;0.00;50,185.00;12,472.50;40,144.00;10,620.75;18,756.00
May 14, 2023;May 15, 2023;17,907.00;2,909.00;14,961.75;56,935.00;1,768.25;0.00;49,863.00;12,368.50;46,717.75;4,729.00;17,145.75
May 15, 2023;May 16, 2023;18,284.50;2,899.50;32,863.00;54,021.50;1,727.25;0.00;65,689.00;14,342.75;97,716.00;13,188.00;15,479.25
May 16, 2023;May 17, 2023;18,312.75;2,880.00;80,554.50;43,613.25;1,777.00;0.00;63,452.25;23,647.25;104,599.75;7,675.75;15,360.25
May 17, 2023;May 18, 2023;18,603.50;2,976.00;43,771.00;59,564.75;1,728.25;0.00;59,753.50;23,998.50;75,164.00;15,903.50;14,771.00
May 18, 2023;May 19, 2023;18,598.75;2,976.00;42,161.50;74,108.75;1,756.50;0.00;56,632.50;12,129.25;45,109.25;8,690.25;16,519.75
May 19, 2023;May 20, 2023;18,712.75;2,976.00;49,472.25;62,628.75;1,784.50;0.00;48,527.50;12,374.25;50,047.50;12,909.25;18,502.50
May 20, 2023;May 21, 2023;18,225.00;2,976.00;74,119.25;54,859.75;1,763.00;0.00;43,026.25;10,275.75;27,980.25;11,429.75;18,264.00
May 21, 2023;May 22, 2023;17,801.50;2,976.00;33,774.25;60,855.25;1,695.00;0.00;46,036.50;12,969.75;27,416.75;3,045.25;11,871.75
May 22, 2023;May 23, 2023;17,902.00;2,957.50;25,414.75;57,132.75;1,578.00;0.00;68,706.75;12,912.50;75,117.50;14,592.50;12,727.00
May 23, 2023;May 24, 2023;17,467.75;1,512.00;80,160.25;35,138.75;1,561.50;0.00;82,461.00;13,328.25;75,211.75;5,131.50;19,093.50
May 24, 2023;May 25, 2023;18,437.25;2,526.00;33,771.00;43,888.00;1,678.00;0.00;82,247.00;13,523.25;116,639.50;6,982.25;18,869.00
May 25, 2023;May 26, 2023;18,374.00;2,666.00;45,932.25;62,410.50;1,730.00;0.00;69,819.00;12,874.75;81,467.25;6,648.00;15,900.25
May 26, 2023;May 27, 2023;18,341.50;2,696.00;53,643.00;74,664.00;1,694.00;0.00;35,614.50;12,743.50;66,710.75;11,054.75;16,473.75
May 27, 2023;May 28, 2023;18,179.25;2,916.00;42,305.75;79,826.00;1,749.25;0.00;31,266.50;11,529.25;54,899.75;12,048.00;17,400.25
May 28, 2023;May 29, 2023;17,305.75;2,928.00;33,435.25;76,854.00;1,594.00;0.00;29,048.00;11,230.00;25,916.75;10,367.00;16,472.25
May 29, 2023;May 30, 2023;17,382.00;2,976.00;60,403.50;77,141.50;1,524.00;0.00;29,113.50;11,636.50;24,957.00;3,835.75;17,372.75
May 30, 2023;May 31, 2023;18,414.25;2,658.50;56,014.00;71,744.00;1,545.50;0.00;39,404.50;11,582.50;89,016.75;13,622.50;17,331.25
May 31, 2023;Jun 1, 2023;18,337.25;2,622.00;64,231.00;79,231.25;1,703.50;0.00;48,262.75;12,042.00;83,678.00;7,131.50;17,442.00
Jun 1, 2023;Jun 2, 2023;18,180.00;2,711.00;36,929.75;65,427.75;1,640.75;0.00;45,514.25;18,958.00;99,092.00;7,905.25;16,675.00
Jun 2, 2023;Jun 3, 2023;18,300.75;2,797.50;39,196.00;66,773.00;1,694.25;0.00;42,736.75;11,410.50;67,960.25;8,462.75;17,543.00
Jun 3, 2023;Jun 4, 2023;17,693.00;2,800.50;62,543.25;80,743.00;1,658.00;0.00;38,068.50;9,039.50;42,983.00;9,385.50;18,170.00
Jun 4, 2023;Jun 5, 2023;17,509.00;2,838.25;44,674.00;80,030.50;1,682.00;0.00;34,996.75;8,495.75;39,715.75;2,125.00;17,936.00
Jun 5, 2023;Jun 6, 2023;17,772.00;2,903.75;36,074.00;74,325.75;1,711.50;0.00;49,452.00;15,321.00;119,773.50;12,202.00;16,154.75
Jun 6, 2023;Jun 7, 2023;17,641.50;2,911.75;27,028.50;67,065.75;1,676.25;0.00;58,047.00;19,413.50;133,205.75;9,448.50;15,456.25
Jun 7, 2023;Jun 8, 2023;17,731.75;2,845.00;19,797.25;54,957.75;1,722.25;0.00;84,741.75;17,579.00;131,431.00;8,884.50;15,062.50
Jun 8, 2023;Jun 9, 2023;17,902.00;2,867.50;31,311.50;68,049.25;1,696.50;0.00;67,754.25;15,342.25;96,407.75;5,612.00;15,141.50
Jun 9, 2023;Jun 10, 2023;17,592.00;2,889.50;52,763.25;75,324.50;1,617.00;0.00;75,767.75;15,370.00;72,451.00;7,012.00;16,601.75
Jun 10, 2023;Jun 11, 2023;17,411.50;2,502.50;50,474.75;75,462.75;1,508.00;0.00;38,229.00;12,999.50;51,574.25;8,445.00;16,152.25
Jun 11, 2023;Jun 12, 2023;16,988.75;2,472.50;56,433.25;77,479.00;1,511.75;0.00;45,998.25;11,449.75;49,488.75;2,157.25;14,978.75
Jun 12, 2023;Jun 13, 2023;16,769.75;2,597.00;45,546.25;74,648.25;1,521.25;0.00;86,868.75;16,473.00;67,796.75;10,711.75;15,391.25
Jun 13, 2023;Jun 14, 2023;16,496.50;2,448.75;53,562.00;80,425.00;1,553.50;0.00;86,390.25;18,080.00;69,717.25;7,409.25;15,624.25
Jun 14, 2023;Jun 15, 2023;16,856.25;2,036.50;53,406.75;77,582.75;1,578.25;0.00;97,441.50;20,846.75;88,524.50;8,427.75;14,281.00
Jun 15, 2023;Jun 16, 2023;17,269.50;2,026.00;20,854.00;69,996.75;1,560.25;0.00;109,296.00;49,385.50;117,538.25;6,549.50;14,746.50
Jun 16, 2023;Jun 17, 2023;17,535.00;1,995.00;16,450.50;70,367.25;1,552.25;0.00;118,433.00;72,992.50;99,622.75;7,152.75;13,767.25
Jun 17, 2023;Jun 18, 2023;17,389.75;1,890.75;5,850.00;75,424.75;1,578.25;0.00;67,212.00;15,368.00;58,559.50;8,023.50;17,447.75
Jun 18, 2023;Jun 19, 2023;16,864.75;1,884.00;13,320.75;60,785.75;1,483.75;0.00;71,295.00;12,644.25;49,126.75;4,533.00;13,563.50
Jun 19, 2023;Jun 20, 2023;17,059.00;1,971.00;37,107.50;57,983.00;1,586.25;0.00;125,503.00;37,964.75;98,477.75;8,575.75;19,183.25
Jun 20, 2023;Jun 21, 2023;16,835.00;2,004.50;28,457.00;59,474.25;1,533.75;0.00;160,084.25;39,765.25;130,651.25;6,507.25;19,311.25
Jun 21, 2023;Jun 22, 2023;16,843.25;2,105.00;17,945.00;58,832.25;1,505.00;0.00;153,741.75;59,797.00;112,666.50;6,082.75;17,069.00
Jun 22, 2023;Jun 23, 2023;16,573.25;2,341.25;65,975.50;42,302.00;1,587.50;0.00;154,752.00;56,096.75;123,422.75;4,652.25;17,240.25
Jun 23, 2023;Jun 24, 2023;16,919.00;2,843.25;74,088.50;60,595.50;1,632.25;0.00;113,696.75;33,579.00;62,635.50;7,212.00;16,378.50
Jun 24, 2023;Jun 25, 2023;16,697.50;2,637.75;3,717.00;74,562.25;1,652.75;0.00;59,409.75;17,336.75;55,270.25;6,253.00;16,920.25
Jun 25, 2023;Jun 26, 2023;16,170.50;2,063.75;9,111.00;80,026.25;1,590.50;0.00;49,593.75;16,403.25;50,638.75;6,341.75;15,764.50
Jun 26, 2023;Jun 27, 2023;16,230.00;2,056.75;77,804.25;64,640.75;1,613.00;0.00;54,432.75;21,104.25;55,522.00;4,012.75;15,603.00
Jun 27, 2023;Jun 28, 2023;16,535.50;1,948.25;32,826.00;55,369.00;1,650.00;0.00;85,849.75;24,979.75;74,070.25;7,688.25;15,512.75
Jun 28, 2023;Jun 29, 2023;16,731.75;1,730.25;4,065.25;43,391.75;1,655.50;0.00;119,263.25;51,290.00;118,942.75;8,373.75;14,179.00
Jun 29, 2023;Jun 30, 2023;16,618.50;1,680.25;9,146.00;40,098.50;1,695.25;0.00;125,336.00;57,905.00;134,378.50;6,128.25;13,560.75
Jun 30, 2023;Jul 1, 2023;16,783.50;1,807.50;17,940.00;51,459.75;1,716.50;0.00;115,170.25;47,500.75;90,136.25;6,911.75;16,244.50
Jul 1, 2023;Jul 2, 2023;16,377.00;2,439.00;91,749.50;31,900.75;1,773.75;0.00;31,305.50;12,708.25;37,066.00;8,339.75;18,316.00
Jul 2, 2023;Jul 3, 2023;15,987.75;2,436.25;76,727.50;56,561.75;1,756.00;0.00;31,892.75;15,742.75;40,403.75;5,424.25;17,981.00
Jul 3, 2023;Jul 4, 2023;16,129.75;2,408.00;101,006.75;46,069.25;1,704.00;0.00;48,548.75;29,271.00;53,208.75;9,790.25;17,248.25
Jul 4, 2023;Jul 5, 2023;16,199.75;2,268.25;66,007.00;60,734.50;1,628.25;0.00;63,050.50;30,304.75;62,553.00;7,166.50;18,076.75
Jul 5, 2023;Jul 6, 2023;16,091.00;2,297.50;143,587.25;48,845.00;1,659.25;0.00;55,059.00;29,591.25;43,461.50;4,150.50;16,887.75
Jul 6, 2023;Jul 7, 2023;16,592.00;2,238.50;21,997.75;69,314.50;1,602.25;0.00;88,184.75;29,975.75;85,049.75;6,444.25;18,730.25
Jul 7, 2023;Jul 8, 2023;16,402.25;2,142.25;15,745.50;79,120.50;1,497.00;0.00;82,830.25;16,612.25;78,558.25;5,772.25;17,672.25
Jul 8, 2023;Jul 9, 2023;15,654.00;1,937.25;40,253.75;71,465.00;1,434.75;0.00;68,027.25;11,486.50;40,534.75;4,158.00;17,014.25
Jul 9, 2023;Jul 10, 2023;15,510.75;1,820.75;18,154.50;61,818.25;1,340.25;0.00;71,198.00;9,953.25;52,260.50;1,984.75;17,895.25
Jul 10, 2023;Jul 11, 2023;16,401.25;1,849.25;18,953.75;61,229.25;1,340.00;0.00;80,773.50;15,674.25;118,955.75;6,542.50;20,115.50
Jul 11, 2023;Jul 12, 2023;16,455.50;1,821.75;32,805.00;70,277.75;1,352.00;0.00;74,008.25;11,013.75;110,229.00;5,132.50;20,020.25
Jul 12, 2023;Jul 13, 2023;16,417.00;1,887.25;77,937.25;54,146.50;1,486.75;0.00;57,476.75;17,854.00;94,228.75;5,680.75;14,163.25
Jul 13, 2023;Jul 14, 2023;17,057.25;2,303.25;52,654.50;52,526.50;1,641.00;0.00;59,573.75;13,811.00;109,816.75;5,926.00;13,907.25
Jul 14, 2023;Jul 15, 2023;17,181.50;2,270.50;25,950.50;61,792.00;1,742.50;0.00;74,878.25;19,987.25;111,604.00;5,608.75;17,135.00
Jul 15, 2023;Jul 16, 2023;16,299.00;2,147.50;101,326.50;45,097.75;1,704.75;0.00;42,459.75;16,469.50;35,717.25;5,096.75;17,769.50
Jul 16, 2023;Jul 17, 2023;16,008.00;2,129.50;87,429.25;60,596.75;1,688.50;0.00;43,518.75;11,110.50;47,389.50;5,562.00;16,925.50
Jul 17, 2023;Jul 18, 2023;16,941.50;2,114.00;62,589.50;59,921.75;1,655.50;0.00;62,692.25;28,106.00;67,442.50;7,124.75;17,160.75
Jul 18, 2023;Jul 19, 2023;17,354.75;2,037.50;11,966.25;67,387.00;1,675.50;0.00;89,057.00;17,360.25;100,947.75;5,204.75;18,205.25
Jul 19, 2023;Jul 20, 2023;17,107.50;2,140.25;35,254.00;54,264.50;1,696.75;0.00;98,053.25;24,383.50;134,811.00;4,092.00;15,896.50
Jul 20, 2023;Jul 21, 2023;17,157.50;1,991.75;14,530.25;58,882.50;1,754.50;0.00;90,603.00;22,704.75;126,710.25;3,979.25;17,142.25
Jul 21, 2023;Jul 22, 2023;17,314.00;2,181.50;22,227.75;43,169.00;1,767.00;0.00;87,022.75;25,855.75;135,404.50;4,290.00;14,014.25
Jul 22, 2023;Jul 23, 2023;16,391.00;2,192.25;45,587.75;58,742.75;1,733.00;0.00;38,154.50;25,502.25;44,931.50;5,982.75;16,334.00
Jul 23, 2023;Jul 24, 2023;15,670.25;2,320.75;109,168.75;38,403.25;1,712.50;0.00;35,085.75;22,069.25;37,027.50;2,548.00;17,320.00
Jul 24, 2023;Jul 25, 2023;16,250.50;2,350.50;77,900.00;37,621.50;1,709.00;0.00;54,110.25;26,716.75;74,736.25;6,819.75;16,634.50
Jul 25, 2023;Jul 26, 2023;16,411.00;2,548.25;27,167.25;37,929.50;1,722.00;0.00;55,091.25;29,261.75;88,702.25;3,894.00;16,599.25
Jul 26, 2023;Jul 27, 2023;15,805.75;2,568.00;40,070.25;49,015.25;1,694.50;0.00;45,567.75;31,383.75;70,356.75;2,600.50;14,817.50
Jul 27, 2023;Jul 28, 2023;15,610.75;2,726.75;108,847.75;18,182.00;1,683.50;0.00;48,133.00;22,347.25;56,589.25;4,466.75;15,885.50
Jul 28, 2023;Jul 29, 2023;15,556.50;2,730.00;61,623.25;34,048.75;1,680.75;0.00;58,699.25;21,069.00;79,433.50;6,710.25;16,837.25
Jul 29, 2023;Jul 30, 2023;15,883.00;2,823.00;56,022.50;46,830.50;1,593.25;0.00;33,285.75;19,723.50;45,718.25;7,115.50;17,340.75
Jul 30, 2023;Jul 31, 2023;15,608.00;3,024.75;91,505.00;47,583.25;1,548.75;0.00;32,946.75;21,511.25;33,590.75;2,067.25;16,836.00
Jul 31, 2023;Aug 1, 2023;16,243.75;2,990.75;145,508.75;28,204.75;1,589.50;0.00;30,627.75;22,960.25;35,711.25;11,175.50;17,764.25
Aug 1, 2023;Aug 2, 2023;16,285.25;3,139.00;122,475.50;41,116.75;1,706.75;0.00;31,006.50;28,597.00;41,774.00;7,633.75;18,286.75
Aug 2, 2023;Aug 3, 2023;16,369.25;3,216.75;125,040.50;29,973.00;1,806.50;0.00;38,130.00;25,077.50;42,503.75;9,821.25;17,249.00
Aug 3, 2023;Aug 4, 2023;16,171.00;3,062.00;157,001.75;38,251.00;1,801.00;0.00;36,669.75;24,864.25;37,799.00;3,614.75;14,185.00
Aug 4, 2023;Aug 5, 2023;17,161.00;2,857.25;17,447.25;40,824.75;1,777.00;0.00;48,416.75;28,233.00;65,295.75;14,439.50;14,196.25
Aug 5, 2023;Aug 6, 2023;17,208.50;2,885.25;24,888.25;41,589.00;1,832.00;0.00;38,959.00;18,174.25;62,046.50;7,937.25;14,793.25
Aug 6, 2023;Aug 7, 2023;16,552.00;3,209.75;105,902.25;27,929.75;1,782.75;0.00;36,304.50;19,445.75;23,642.50;8,623.00;14,681.50
Aug 7, 2023;Aug 8, 2023;16,321.25;3,390.50;135,250.25;43,027.75;1,755.75;0.00;59,880.75;21,399.00;31,341.75;10,096.75;13,585.00
Aug 8, 2023;Aug 9, 2023;16,642.50;3,387.50;97,562.00;46,839.50;1,796.25;0.00;64,042.00;22,521.75;51,862.50;8,276.75;14,090.00
Aug 9, 2023;Aug 10, 2023;17,327.25;3,316.50;34,032.50;44,936.25;1,776.25;0.00;65,799.00;25,625.25;89,400.75;7,909.75;14,311.00
Aug 10, 2023;Aug 11, 2023;17,271.75;3,621.00;1,742.25;65,772.00;1,767.25;0.00;63,135.75;30,811.25;99,665.50;7,684.25;12,432.25
Aug 11, 2023;Aug 12, 2023;17,049.50;3,305.00;11,758.75;69,022.75;1,742.00;0.00;60,712.50;39,484.50;72,282.25;8,436.50;14,110.75
Aug 12, 2023;Aug 13, 2023;17,027.50;2,565.75;31,673.50;36,156.00;1,698.00;0.00;58,456.75;21,881.50;25,495.75;6,201.25;14,749.25
Aug 13, 2023;Aug 14, 2023;17,138.25;2,502.00;19,442.25;52,044.00;1,765.25;0.00;46,222.00;24,543.50;28,149.25;5,364.75;14,498.75
Aug 14, 2023;Aug 15, 2023;17,467.00;2,557.00;9,392.00;51,312.50;1,761.75;0.00;69,084.00;43,292.25;75,460.50;9,802.25;14,896.00
Aug 15, 2023;Aug 16, 2023;17,212.00;2,672.25;22,763.25;44,276.25;1,794.00;0.00;72,867.50;38,287.50;80,451.25;7,032.00;16,916.75
Aug 16, 2023;Aug 17, 2023;17,291.00;2,425.00;15,229.75;47,530.25;1,830.25;0.00;77,166.00;43,314.75;103,337.75;5,098.50;12,939.25
Aug 17, 2023;Aug 18, 2023;17,446.75;2,560.25;15,617.50;33,712.00;1,764.50;0.00;79,168.00;45,314.00;74,766.00;5,502.75;12,993.25
Aug 18, 2023;Aug 19, 2023;17,386.00;2,502.75;10,016.25;59,756.50;1,776.00;0.00;76,327.50;41,491.75;81,122.50;8,481.00;14,287.25
Aug 19, 2023;Aug 20, 2023;16,963.25;2,320.50;29,858.00;38,450.25;1,774.75;0.00;43,747.50;23,951.25;46,963.75;7,794.25;15,812.50
Aug 20, 2023;Aug 21, 2023;17,075.50;2,169.00;4,748.50;63,707.50;1,774.75;0.00;43,711.25;25,822.25;51,375.50;3,660.25;16,806.75
Aug 21, 2023;Aug 22, 2023;17,278.25;2,273.00;5,224.00;59,445.50;1,782.75;0.00;100,858.25;46,809.75;108,133.75;8,726.75;17,955.25
Aug 22, 2023;Aug 23, 2023;17,120.25;2,052.25;6,219.50;54,845.50;1,766.50;0.00;131,082.75;60,583.50;133,277.00;9,448.25;18,423.50
Aug 23, 2023;Aug 24, 2023;17,114.25;2,027.50;3,453.25;63,245.00;1,722.00;0.00;125,796.00;81,924.25;131,906.25;11,092.75;20,681.00
Aug 24, 2023;Aug 25, 2023;17,037.50;2,019.00;28,835.00;39,533.00;1,676.25;0.00;117,945.75;86,498.75;137,756.75;9,147.50;14,250.00
Aug 25, 2023;Aug 26, 2023;17,010.75;2,022.00;48,015.75;26,185.50;1,782.50;0.00;114,287.00;43,972.50;123,576.00;6,327.25;17,466.00
Aug 26, 2023;Aug 27, 2023;16,827.00;2,028.00;42,198.00;49,088.25;1,813.75;0.00;88,313.00;21,687.25;55,405.75;3,243.00;14,095.50
Aug 27, 2023;Aug 28, 2023;16,766.00;2,528.00;34,605.00;34,550.50;1,751.00;0.00;77,789.50;15,720.50;34,395.50;1,198.00;17,818.00
Aug 28, 2023;Aug 29, 2023;17,251.50;2,954.25;15,516.25;30,273.75;1,723.50;0.00;121,961.00;40,223.50;102,079.75;7,641.50;16,382.50
Aug 29, 2023;Aug 30, 2023;17,300.00;3,110.00;6,552.25;31,172.50;1,753.25;0.00;141,979.25;48,399.50;135,142.25;10,935.50;15,616.25
Aug 30, 2023;Aug 31, 2023;17,120.75;3,365.50;40,382.25;31,513.25;1,724.50;0.00;131,648.00;49,673.50;96,768.25;6,535.00;16,459.00
Aug 31, 2023;Sep 1, 2023;17,413.50;3,295.25;65,848.75;41,899.75;1,664.00;0.00;106,334.00;45,064.75;78,488.25;4,960.50;17,748.25
Sep 1, 2023;Sep 2, 2023;17,562.00;3,209.25;30,631.50;26,979.00;1,708.50;0.00;104,435.50;38,751.00;84,766.75;12,335.50;18,624.75
Sep 2, 2023;Sep 3, 2023;17,409.50;3,140.50;3,551.50;51,348.50;1,725.00;0.00;62,086.50;31,052.00;62,125.25;7,321.25;19,426.75
Sep 3, 2023;Sep 4, 2023;16,733.75;2,497.50;7,487.25;53,983.00;1,649.00;0.00;49,900.50;15,270.00;41,131.75;3,390.75;18,666.75
Sep 4, 2023;Sep 5, 2023;16,921.75;2,334.50;51,916.50;65,119.25;1,649.75;0.00;54,692.75;36,014.25;75,323.25;9,737.25;18,635.50
Sep 5, 2023;Sep 6, 2023;16,489.00;2,309.25;65,898.00;64,702.50;1,648.75;0.00;71,631.00;36,126.75;88,052.75;8,952.00;15,468.00
Sep 6, 2023;Sep 7, 2023;16,339.25;2,261.00;36,701.00;63,951.50;1,583.00;0.00;86,969.75;37,840.25;99,617.00;12,481.50;12,858.50
Sep 7, 2023;Sep 8, 2023;16,148.00;2,221.75;53,821.25;63,359.50;1,614.50;0.00;75,845.00;37,233.25;84,878.75;8,309.00;13,688.00
Sep 8, 2023;Sep 9, 2023;16,471.50;2,172.00;17,903.75;61,375.25;1,660.25;0.00;83,282.50;36,945.50;98,477.75;12,075.25;13,195.50
Sep 9, 2023;Sep 10, 2023;16,741.25;2,188.50;2,242.50;60,257.75;1,679.75;0.00;85,124.25;34,073.50;74,946.50;7,329.75;15,290.00
Sep 10, 2023;Sep 11, 2023;16,542.75;1,989.00;1,712.25;57,799.75;1,618.75;0.00;72,385.50;33,012.75;58,395.00;6,345.00;17,825.50
Sep 11, 2023;Sep 12, 2023;16,628.25;1,865.50;10,677.25;55,913.75;1,645.25;0.00;100,951.50;48,166.00;107,813.75;14,658.75;17,553.00
Sep 12, 2023;Sep 13, 2023;16,678.50;1,858.50;10,222.25;42,663.75;1,674.00;0.00;126,283.50;70,614.75;119,005.00;10,331.75;17,330.00
Sep 13, 2023;Sep 14, 2023;16,938.25;1,978.50;30,255.25;24,910.50;1,729.00;0.00;132,059.50;61,867.25;102,539.00;4,865.50;18,222.25
Sep 14, 2023;Sep 15, 2023;17,774.75;2,056.00;7,545.00;47,863.00;1,757.75;0.00;143,509.00;71,406.00;109,657.25;11,797.00;19,691.50
Sep 15, 2023;Sep 16, 2023;17,782.25;2,138.50;18,390.25;54,302.75;1,744.25;0.00;126,204.25;46,845.00;87,377.50;9,900.75;17,625.75
Sep 16, 2023;Sep 17, 2023;17,596.75;2,017.75;14,417.00;50,576.75;1,782.25;0.00;60,202.25;32,026.00;42,954.75;9,886.50;15,790.25
Sep 17, 2023;Sep 18, 2023;17,140.00;1,885.25;27,168.50;46,174.25;1,752.75;0.00;50,675.25;20,279.00;38,900.75;4,823.50;18,443.75
Sep 18, 2023;Sep 19, 2023;17,032.50;2,081.50;115,962.25;28,805.25;1,749.25;0.00;61,195.25;28,515.25;51,684.75;9,109.00;19,946.00
Sep 19, 2023;Sep 20, 2023;17,318.50;2,227.25;139,686.00;41,328.00;1,784.75;0.00;82,368.75;16,226.00;40,747.25;13,786.00;19,001.75
Sep 20, 2023;Sep 21, 2023;17,434.25;2,027.75;105,254.00;44,316.50;1,780.75;0.00;78,148.75;17,052.00;58,435.75;10,375.25;17,820.75
Sep 21, 2023;Sep 22, 2023;17,667.00;1,896.75;95,762.50;27,570.25;1,756.75;0.00;81,868.50;35,988.25;59,785.50;9,747.75;18,586.75
Sep 22, 2023;Sep 23, 2023;17,505.25;2,085.25;79,680.00;29,409.75;1,773.75;0.00;109,159.00;38,702.50;77,644.50;13,661.25;19,062.25
Sep 23, 2023;Sep 24, 2023;17,372.50;2,091.50;65,108.75;33,057.25;1,751.00;0.00;55,441.25;7,876.50;36,365.25;6,373.00;19,313.25
Sep 24, 2023;Sep 25, 2023;17,620.00;2,013.25;29,462.00;55,486.25;1,656.50;0.00;45,831.00;7,314.25;26,767.00;6,278.50;19,384.25
Sep 25, 2023;Sep 26, 2023;17,949.00;1,915.75;41,654.00;51,772.75;1,615.75;0.00;64,929.75;27,217.25;71,868.25;9,186.75;19,066.75
Sep 26, 2023;Sep 27, 2023;18,212.00;1,904.75;6,076.00;49,889.25;1,538.00;0.00;101,692.75;48,880.50;95,206.50;11,475.25;18,813.00
Sep 27, 2023;Sep 28, 2023;18,218.75;1,850.50;17,101.00;44,710.00;1,526.00;0.00;99,131.25;54,307.75;87,579.00;10,846.75;16,115.50
Sep 28, 2023;Sep 29, 2023;18,131.50;1,827.25;36,611.75;41,863.25;1,637.00;0.00;82,549.50;21,548.25;67,827.00;12,290.50;18,286.75
Sep 29, 2023;Sep 30, 2023;18,048.25;1,802.00;82,457.50;29,354.00;1,756.75;0.00;90,952.25;22,710.75;61,604.75;4,324.75;17,273.50
Sep 30, 2023;Oct 1, 2023;18,303.25;1,794.25;13,323.75;40,073.50;1,660.00;0.00;77,888.75;23,975.75;43,751.50;8,770.25;16,382.00
Oct 1, 2023;Oct 2, 2023;18,118.50;1,683.50;32,176.50;47,834.50;1,664.25;0.00;56,970.00;10,451.25;33,481.75;5,609.75;16,843.50
Oct 2, 2023;Oct 3, 2023;18,270.75;1,665.50;32,826.75;42,326.00;1,695.75;0.00;82,810.25;38,077.75;78,969.50;11,816.50;16,896.00
Oct 3, 2023;Oct 4, 2023;17,184.00;1,677.25;147,692.50;20,363.25;1,731.25;0.00;49,623.75;18,575.50;26,257.25;6,168.75;14,075.75
Oct 4, 2023;Oct 5, 2023;17,807.50;1,758.00;73,626.50;35,412.75;1,714.00;0.00;66,059.25;28,552.00;67,727.75;11,614.00;13,554.50
Oct 5, 2023;Oct 6, 2023;18,054.75;1,705.25;55,610.25;23,819.50;1,724.00;0.00;76,546.50;41,039.50;102,906.25;11,246.50;12,229.75
Oct 6, 2023;Oct 7, 2023;17,986.25;1,671.50;77,527.25;39,663.75;1,755.00;0.00;75,978.00;28,156.25;63,288.00;12,613.00;16,467.50
Oct 7, 2023;Oct 8, 2023;17,853.00;1,650.00;129,965.25;31,517.25;1,711.00;0.00;60,047.00;18,187.00;32,228.75;7,568.25;16,819.25
Oct 8, 2023;Oct 9, 2023;18,060.50;1,632.00;40,207.75;25,133.75;1,654.00;0.00;70,526.00;21,166.50;66,688.50;6,044.00;16,444.00
Oct 9, 2023;Oct 10, 2023;18,334.00;1,625.50;71,433.00;17,237.25;1,536.75;0.00;108,889.50;54,428.75;138,730.75;8,170.75;17,098.00
Oct 10, 2023;Oct 11, 2023;18,710.75;1,608.00;44,364.00;35,695.00;1,670.00;0.00;126,949.50;57,912.75;121,792.50;8,963.50;17,395.75
Oct 11, 2023;Oct 12, 2023;18,305.50;1,548.50;127,024.50;36,731.75;1,706.25;0.00;82,198.00;33,318.50;37,389.25;13,735.25;14,325.75
Oct 12, 2023;Oct 13, 2023;18,896.25;1,561.50;76,959.50;12,029.75;1,665.25;0.00;153,102.25;71,351.50;102,490.50;9,892.25;18,470.25
Oct 13, 2023;Oct 14, 2023;18,490.50;1,573.50;149,778.50;26,629.50;1,741.00;0.00;96,484.00;34,107.50;43,544.75;8,825.50;18,039.25
Oct 14, 2023;Oct 15, 2023;18,134.00;1,715.50;122,487.75;29,428.00;1,704.25;0.00;55,703.25;29,048.50;27,533.75;13,803.25;15,785.25
Oct 15, 2023;Oct 16, 2023;17,861.75;1,855.00;62,562.00;27,267.25;1,708.00;0.00;72,741.50;33,462.50;31,232.00;6,750.25;16,105.00
Oct 16, 2023;Oct 17, 2023;18,410.00;1,792.00;30,726.25;32,890.00;1,698.25;0.00;160,453.00;79,224.00;83,319.50;7,392.50;15,900.50
Oct 17, 2023;Oct 18, 2023;18,799.50;1,760.50;63,915.25;30,431.25;1,727.00;0.00;192,893.00;81,680.00;97,619.25;6,849.25;15,902.75
Oct 18, 2023;Oct 19, 2023;18,825.00;1,714.50;116,819.50;22,882.00;1,694.75;0.00;137,493.75;45,578.50;54,980.75;5,537.00;14,982.00
Oct 19, 2023;Oct 20, 2023;18,353.50;1,717.25;66,922.25;13,138.75;1,733.00;0.00;101,332.00;46,703.75;67,749.50;5,695.75;12,829.50
Oct 20, 2023;Oct 21, 2023;18,307.50;1,753.25;117,680.25;7,948.50;1,784.50;0.00;91,833.50;37,866.50;60,666.00;7,738.75;14,094.00
Oct 21, 2023;Oct 22, 2023;18,352.00;1,800.00;139,330.50;24,129.25;1,830.50;0.00;64,672.25;24,820.75;35,681.50;11,916.00;15,689.25
Oct 22, 2023;Oct 23, 2023;17,984.00;1,794.75;104,607.25;21,199.00;1,778.75;0.00;87,747.25;21,508.25;21,799.00;5,009.25;15,102.75
Oct 23, 2023;Oct 24, 2023;17,857.75;1,764.75;49,098.25;17,215.00;1,757.00;0.00;181,463.00;49,799.75;94,267.50;9,921.75;14,551.00
Oct 24, 2023;Oct 25, 2023;18,023.25;1,767.50;65,254.75;8,513.00;1,779.00;0.00;183,963.00;64,155.00;92,067.00;5,061.50;15,145.75
Oct 25, 2023;Oct 26, 2023;18,434.50;1,832.25;89,007.25;10,796.25;1,869.50;0.00;174,435.00;67,357.25;91,732.75;4,985.50;13,896.00
Oct 26, 2023;Oct 27, 2023;18,732.50;1,970.00;41,812.25;9,515.75;1,885.25;0.00;180,023.00;74,326.50;104,037.75;5,017.00;13,079.00
Oct 27, 2023;Oct 28, 2023;18,936.25;2,018.25;60,345.25;12,251.25;1,947.75;0.00;171,433.25;65,955.50;60,347.75;6,265.50;13,788.00
Oct 28, 2023;Oct 29, 2023;18,828.00;1,826.50;109,443.00;15,495.25;1,912.25;0.00;50,868.50;25,377.25;19,869.25;6,562.50;6,088.50
Oct 29, 2023;Oct 30, 2023;18,604.50;1,880.75;177,412.25;12,562.75;1,929.75;0.00;31,087.75;21,159.75;13,098.25;5,241.50;6,284.25
Oct 30, 2023;Oct 31, 2023;18,658.25;2,008.50;88,087.00;13,134.75;1,737.00;0.00;107,954.00;43,795.00;72,403.25;7,979.50;17,579.25
Oct 31, 2023;Nov 1, 2023;18,744.00;2,115.00;115,996.75;13,985.50;1,797.25;0.00;103,595.00;38,503.25;57,361.00;6,149.25;17,894.00
Nov 1, 2023;Nov 2, 2023;18,932.25;2,170.50;128,011.50;16,960.50;1,739.75;0.00;41,381.00;18,310.25;35,701.75;4,012.50;17,727.00
Nov 2, 2023;Nov 3, 2023;18,821.00;2,145.50;205,092.75;8,779.25;1,708.50;0.00;49,192.75;29,916.50;35,327.50;8,125.50;17,799.75
Nov 3, 2023;Nov 4, 2023;19,318.50;2,230.50;147,029.75;12,787.75;1,748.50;0.00;56,496.25;26,696.75;54,691.50;12,347.00;16,607.75
Nov 4, 2023;Nov 5, 2023;18,516.75;2,185.50;164,699.00;10,855.25;1,658.50;0.00;30,962.00;15,474.25;27,366.75;7,386.75;15,971.75
Nov 5, 2023;Nov 6, 2023;18,352.50;2,221.75;182,984.00;9,454.50;1,563.50;0.00;33,207.00;15,436.50;25,139.50;8,373.75;16,605.75
Nov 6, 2023;Nov 7, 2023;18,741.75;2,255.25;171,510.75;15,942.00;1,541.00;0.00;73,131.25;30,164.25;53,279.75;8,338.75;17,200.75
Nov 7, 2023;Nov 8, 2023;18,929.75;2,252.00;131,671.50;13,438.50;1,570.50;0.00;85,016.75;36,242.75;59,527.25;10,899.00;15,113.00
Nov 8, 2023;Nov 9, 2023;18,977.75;2,231.75;155,284.25;16,368.75;1,655.75;0.00;83,864.00;32,171.50;48,612.25;7,746.75;15,870.75
Nov 9, 2023;Nov 10, 2023;19,502.25;2,172.00;148,581.25;8,861.75;1,779.25;0.00;127,812.00;50,644.75;57,053.50;4,808.50;16,043.00
Nov 10, 2023;Nov 11, 2023;19,750.75;2,150.75;123,560.50;10,217.00;1,725.25;0.00;148,325.25;42,820.00;72,515.25;7,869.50;16,248.75
Nov 11, 2023;Nov 12, 2023;19,396.50;2,045.50;112,127.25;13,235.50;1,777.50;0.00;125,941.00;37,370.75;56,010.50;6,546.50;15,508.75
Nov 12, 2023;Nov 13, 2023;19,411.25;2,136.75;24,018.50;12,038.50;1,700.00;0.00;120,352.75;38,239.25;49,435.75;7,557.50;12,419.25
Nov 13, 2023;Nov 14, 2023;19,577.75;2,201.75;148,089.00;1,891.25;1,641.25;0.00;105,550.75;49,777.00;56,245.50;10,589.00;10,638.75
Nov 14, 2023;Nov 15, 2023;19,167.00;2,792.25;192,625.75;4,868.75;1,675.50;0.00;71,787.75;36,023.25;39,573.50;9,087.25;11,805.50
Nov 15, 2023;Nov 16, 2023;19,431.50;2,943.00;147,611.00;10,213.75;1,649.75;0.00;130,645.25;60,679.50;74,861.25;9,312.75;12,438.75
Nov 16, 2023;Nov 17, 2023;19,645.75;3,116.00;47,941.00;5,662.75;1,782.75;0.00;147,553.25;79,797.00;122,732.50;9,874.50;13,509.50
Nov 17, 2023;Nov 18, 2023;20,149.00;3,120.25;22,954.75;8,384.50;1,667.25;0.00;162,071.25;86,806.50;117,871.50;10,149.00;14,259.50
Nov 18, 2023;Nov 19, 2023;19,774.50;3,097.50;89,481.50;5,800.50;1,743.75;0.00;83,871.25;28,406.00;65,744.50;4,699.00;14,762.00
Nov 19, 2023;Nov 20, 2023;18,894.25;3,101.50;186,747.75;11,508.25;1,696.25;0.00;35,854.25;29,348.50;29,445.25;7,808.00;16,110.75
Nov 20, 2023;Nov 21, 2023;19,678.25;3,093.75;124,808.00;10,402.75;1,753.50;0.00;110,226.00;64,679.00;94,776.75;10,775.50;14,818.75
Nov 21, 2023;Nov 22, 2023;20,028.00;3,054.50;29,675.00;6,089.75;1,626.75;0.00;160,346.75;111,670.00;129,283.50;5,169.00;16,695.00
Nov 22, 2023;Nov 23, 2023;20,144.25;3,022.75;42,301.75;13,205.00;1,643.50;0.00;158,819.00;92,988.00;133,554.25;7,839.25;17,400.75
Nov 23, 2023;Nov 24, 2023;19,772.00;2,770.25;168,651.75;7,146.50;1,653.50;0.00;62,052.50;60,823.25;102,696.75;4,171.25;17,434.75
Nov 24, 2023;Nov 25, 2023;20,214.50;2,767.50;173,808.25;6,903.75;1,786.00;0.00;66,047.75;41,082.00;61,470.25;9,985.00;17,143.75
Nov 25, 2023;Nov 26, 2023;20,419.25;2,435.50;111,816.50;5,972.75;1,744.25;0.00;91,179.00;54,754.00;49,603.25;2,356.00;17,179.50
Nov 26, 2023;Nov 27, 2023;20,363.75;2,360.25;56,219.25;4,927.00;1,727.25;0.00;145,744.75;77,003.00;69,640.75;3,150.75;17,551.00
Nov 27, 2023;Nov 28, 2023;20,465.50;2,289.00;98,506.75;2,092.75;1,694.25;0.00;163,596.75;86,442.25;124,275.00;6,965.50;18,314.00
Nov 28, 2023;Nov 29, 2023;20,393.25;2,267.75;79,792.25;3,229.50;1,819.25;0.00;155,010.75;100,943.75;146,986.75;9,533.75;16,831.25
Nov 29, 2023;Nov 30, 2023;20,428.00;2,372.75;89,447.75;5,363.25;1,905.50;0.00;147,122.50;110,807.50;147,613.00;10,502.75;17,015.50
Nov 30, 2023;Dec 1, 2023;20,702.25;2,422.75;3,430.25;4,521.25;1,922.50;0.00;153,603.25;105,778.25;169,267.00;9,348.75;15,752.00
Dec 1, 2023;Dec 2, 2023;20,695.75;2,587.25;18,051.00;1,458.00;1,889.75;-;161,843.75;109,756.50;163,927.75;3,853.75;15,799.50
Dec 2, 2023;Dec 3, 2023;20,510.75;2,485.50;22,102.75;4,183.00;1,858.00;-;167,899.75;105,726.00;140,815.00;2,481.25;14,191.75
Dec 3, 2023;Dec 4, 2023;20,054.00;2,635.25;52,990.25;8,724.75;1,823.75;-;166,268.25;89,384.25;94,150.25;2,967.50;15,778.50
Dec 4, 2023;Dec 5, 2023;20,329.00;2,603.75;105,983.75;838.00;1,802.75;-;167,177.50;84,121.25;132,583.25;2,720.75;16,266.50
Dec 5, 2023;Dec 6, 2023;20,396.00;2,480.00;85,518.50;2,338.75;1,755.50;-;159,502.25;92,832.50;135,453.75;3,877.75;13,111.00
Dec 6, 2023;Dec 7, 2023;20,715.00;2,612.50;48,665.75;2,796.75;1,670.00;-;158,244.50;95,230.50;164,047.50;4,195.00;13,220.00
Dec 7, 2023;Dec 8, 2023;20,625.25;2,612.25;48,514.50;9,535.75;1,697.50;-;152,937.50;91,192.25;152,898.00;5,037.50;13,378.75
Dec 8, 2023;Dec 9, 2023;20,820.25;2,603.75;59,859.75;1,751.75;1,815.50;-;160,331.75;70,881.25;117,791.75;3,303.00;13,853.00
Dec 9, 2023;Dec 10, 2023;20,467.50;2,499.25;147,180.00;4,903.75;1,788.50;-;95,821.75;40,579.00;49,550.25;1,192.00;14,976.00
Dec 10, 2023;Dec 11, 2023;19,756.25;2,524.50;216,247.25;6,269.50;1,667.50;-;53,299.75;15,576.00;41,859.75;2,375.50;15,224.00
Dec 11, 2023;Dec 12, 2023;20,187.75;2,611.75;184,221.00;3,727.75;1,636.00;-;134,139.25;33,683.25;53,452.50;4,191.25;14,354.50
Dec 12, 2023;Dec 13, 2023;20,602.50;2,775.00;54,936.75;4,692.00;1,647.25;-;188,859.50;86,728.25;113,542.50;3,808.00;16,755.00
Dec 13, 2023;Dec 14, 2023;20,495.00;2,793.50;37,971.25;5,616.25;1,676.50;-;178,760.00;80,215.25;102,205.25;2,101.75;16,780.75
Dec 14, 2023;Dec 15, 2023;20,739.75;2,825.00;23,452.25;3,269.00;1,659.00;-;178,968.25;92,065.00;122,595.00;4,794.50;12,452.00
Dec 15, 2023;Dec 16, 2023;20,965.75;2,771.00;40,359.75;3,840.00;1,678.50;-;178,890.25;50,438.75;88,168.75;4,064.25;11,393.75
Dec 16, 2023;Dec 17, 2023;20,377.75;2,663.00;75,496.50;9,021.25;1,698.00;-;85,903.25;43,502.50;77,684.75;4,962.00;13,461.75
Dec 17, 2023;Dec 18, 2023;20,135.25;2,617.00;75,657.50;10,649.50;1,715.75;-;72,961.00;45,853.50;69,896.00;4,130.50;14,217.50
Dec 18, 2023;Dec 19, 2023;20,485.25;2,623.50;106,792.75;10,866.50;1,753.75;-;101,180.00;53,838.50;74,239.00;5,503.00;15,430.00
Dec 19, 2023;Dec 20, 2023;20,748.25;2,742.50;133,022.25;5,721.25;1,719.25;-;86,000.50;34,054.75;72,134.75;5,222.50;15,490.25
Dec 20, 2023;Dec 21, 2023;20,387.25;2,614.50;179,728.50;3,973.00;1,692.25;-;62,465.00;22,634.50;80,651.75;5,927.75;16,054.75
Dec 21, 2023;Dec 22, 2023;19,614.50;2,639.50;230,202.00;1,736.50;1,707.25;-;31,981.75;18,350.50;43,479.00;6,409.75;16,439.25
Dec 22, 2023;Dec 23, 2023;19,188.25;2,609.50;216,802.25;1,735.50;1,723.00;-;31,721.25;15,251.25;34,247.25;6,800.00;16,180.00
Dec 23, 2023;Dec 24, 2023;19,457.00;2,678.50;215,652.50;2,127.25;1,692.25;-;33,232.25;13,024.75;33,247.25;6,385.50;15,954.50
Dec 24, 2023;Dec 25, 2023;18,519.50;2,591.50;197,275.00;2,081.75;1,638.50;-;31,224.50;10,982.75;26,744.25;2,331.00;16,024.25
Dec 25, 2023;Dec 26, 2023;18,392.25;2,554.50;167,415.00;5,180.00;1,651.00;-;30,216.75;10,779.00;27,792.00;7,965.25;16,073.25
Dec 26, 2023;Dec 27, 2023;18,530.25;2,574.75;139,691.00;6,969.25;1,655.00;-;40,335.75;12,332.25;32,705.00;4,268.25;15,768.00
Dec 27, 2023;Dec 28, 2023;19,332.25;2,534.50;92,511.75;7,377.50;1,703.00;-;52,256.00;13,867.00;49,313.25;6,666.50;16,428.00
Dec 28, 2023;Dec 29, 2023;18,858.25;2,676.50;190,340.50;6,252.75;1,770.25;-;26,938.00;13,476.75;27,879.25;6,790.00;16,596.75
Dec 29, 2023;Dec 30, 2023;18,903.75;2,686.50;203,641.00;4,410.50;1,828.75;-;26,364.75;17,653.00;25,863.75;5,764.00;17,477.50
Dec 30, 2023;Dec 31, 2023;19,205.00;2,698.50;137,077.75;9,647.00;1,879.25;-;27,867.75;24,281.75;28,372.50;7,536.25;17,298.75
Dec 31, 2023;Jan 1, 2024;18,874.50;2,353.00;182,360.50;4,729.50;1,869.25;-;27,001.25;22,669.00;25,524.50;6,211.50;16,445.25
Jan 1, 2024;Jan 2, 2024;18,824.00;2,729.75;181,662.50;6,683.25;1,786.25;-;26,998.25;22,431.25;24,423.00;4,222.50;12,859.50
Jan 2, 2024;Jan 3, 2024;19,506.00;2,812.50;204,857.50;2,127.50;1,769.50;-;33,392.75;23,558.50;40,135.00;6,698.75;14,579.50
Jan 3, 2024;Jan 4, 2024;19,536.25;2,802.00;214,682.00;6,763.75;1,824.50;-;29,954.75;24,773.50;34,936.25;4,585.50;14,100.25
Jan 4, 2024;Jan 5, 2024;20,107.75;2,927.00;128,493.75;5,967.25;1,742.25;-;65,170.00;30,431.00;65,778.25;4,126.50;14,419.75
Jan 5, 2024;Jan 6, 2024;20,286.25;2,879.75;120,528.75;5,369.25;1,838.75;-;75,799.50;35,428.75;70,523.25;1,819.50;14,305.25
Jan 6, 2024;Jan 7, 2024;20,387.00;2,669.25;23,566.25;1,867.50;1,836.75;-;89,925.00;32,197.50;65,509.00;1,119.75;17,834.25
Jan 7, 2024;Jan 8, 2024;20,043.50;2,612.50;72,991.00;3,101.00;1,793.25;-;81,296.50;30,573.50;62,537.50;1,651.50;17,896.25
Jan 8, 2024;Jan 9, 2024;20,311.50;2,549.25;111,396.25;9,708.00;1,528.50;-;119,605.50;37,250.75;113,264.75;1,177.75;18,376.75
Jan 9, 2024;Jan 10, 2024;20,372.25;2,494.75;110,484.25;16,708.25;1,529.50;-;143,175.75;73,976.75;142,856.50;3,723.25;17,665.25
Jan 10, 2024;Jan 11, 2024;20,410.00;2,666.00;57,885.50;14,299.75;1,553.25;-;165,238.75;96,055.00;170,282.00;3,377.00;15,043.25
Jan 11, 2024;Jan 12, 2024;20,351.00;2,615.00;32,990.75;14,597.75;1,659.50;-;172,787.50;96,010.25;167,727.00;3,569.25;15,021.25
Jan 12, 2024;Jan 13, 2024;20,586.25;2,596.50;12,980.50;3,163.75;1,655.75;-;163,663.00;90,917.00;160,894.25;3,946.75;14,870.50
Jan 13, 2024;Jan 14, 2024;20,558.75;2,397.25;57,552.25;2,097.75;1,557.50;-;124,405.50;67,920.75;99,780.25;1,293.75;15,378.00
Jan 14, 2024;Jan 15, 2024;20,202.75;2,404.00;79,917.50;4,996.25;1,557.50;-;107,317.00;57,743.50;80,421.00;1,171.00;15,043.75
Jan 15, 2024;Jan 16, 2024;20,141.00;2,472.00;106,357.50;3,886.00;1,556.25;-;120,589.00;60,071.25;111,271.50;2,636.25;16,096.25
Jan 16, 2024;Jan 17, 2024;20,037.50;2,467.50;62,240.75;8,291.75;1,527.00;-;150,507.00;91,699.50;137,913.75;4,451.50;16,700.25
Jan 17, 2024;Jan 18, 2024;20,482.25;2,451.25;32,870.75;2,585.25;1,596.75;-;160,959.75;88,559.50;140,332.50;3,969.00;14,913.25
Jan 18, 2024;Jan 19, 2024;20,612.25;2,505.75;22,638.25;7,849.25;1,663.50;-;159,915.50;75,786.25;140,298.50;3,101.25;15,227.00
Jan 19, 2024;Jan 20, 2024;20,665.00;2,457.00;61,037.25;6,481.25;1,575.75;-;148,380.00;62,679.50;106,840.50;2,723.25;15,726.25
Jan 20, 2024;Jan 21, 2024;20,560.25;2,327.75;69,835.75;9,536.00;1,448.50;-;85,449.00;42,505.00;90,734.50;5,025.50;15,262.00
Jan 21, 2024;Jan 22, 2024;20,183.75;2,341.25;163,168.75;5,245.75;1,440.75;-;34,307.75;30,720.25;63,432.25;1,064.25;15,571.50
Jan 22, 2024;Jan 23, 2024;20,315.75;2,368.25;211,964.75;4,724.00;1,454.00;-;38,634.00;34,147.00;55,060.50;3,786.25;14,703.00
Jan 23, 2024;Jan 24, 2024;20,250.00;2,498.25;190,005.50;12,491.00;1,554.25;-;54,305.50;36,530.50;68,670.75;4,272.50;15,572.75
Jan 24, 2024;Jan 25, 2024;19,754.00;2,480.50;209,504.75;7,999.25;1,495.75;-;34,068.50;33,742.50;49,652.75;3,723.00;13,206.00
Jan 25, 2024;Jan 26, 2024;20,651.50;2,713.25;69,368.75;15,333.75;1,516.00;-;80,129.00;48,244.75;84,622.25;5,084.50;13,077.00
Jan 26, 2024;Jan 27, 2024;20,291.00;3,042.75;149,578.00;6,640.75;1,458.75;-;74,692.50;50,548.50;63,309.50;1,004.00;15,110.50
Jan 27, 2024;Jan 28, 2024;20,654.75;3,187.50;42,974.50;28,199.00;1,478.25;-;67,358.50;33,882.75;59,028.00;3,993.50;15,720.00
Jan 28, 2024;Jan 29, 2024;20,522.00;3,068.00;80,303.50;30,080.50;1,484.75;-;49,498.00;28,783.50;57,287.75;1,921.75;16,033.75
Jan 29, 2024;Jan 30, 2024;20,804.00;3,038.50;68,966.00;24,420.75;1,500.50;-;78,869.25;40,739.50;87,062.75;3,582.00;13,839.25
Jan 30, 2024;Jan 31, 2024;21,026.75;2,960.50;94,885.25;11,556.25;1,524.50;-;107,261.25;48,663.25;88,727.75;2,249.50;14,742.75
Jan 31, 2024;Feb 1, 2024;20,654.00;2,946.75;66,810.00;9,610.00;1,576.25;-;101,527.25;46,994.50;72,518.50;3,743.00;14,847.50
Feb 1, 2024;Feb 2, 2024;20,441.25;4,289.25;95,900.25;16,943.00;1,609.25;-;82,935.75;51,294.50;65,483.25;4,747.50;15,807.50
Feb 2, 2024;Feb 3, 2024;20,620.50;4,213.75;146,530.00;14,502.75;1,606.25;-;64,086.75;39,568.25;64,971.75;2,951.25;15,535.50
Feb 3, 2024;Feb 4, 2024;19,831.50;4,022.25;163,942.50;10,644.50;1,594.75;-;32,052.00;28,104.25;40,340.75;5,180.75;16,204.25
Feb 4, 2024;Feb 5, 2024;19,344.75;3,855.50;196,902.50;7,596.75;1,579.25;-;29,598.00;22,182.75;34,140.75;5,805.75;16,682.75
Feb 5, 2024;Feb 6, 2024;19,392.25;3,980.25;211,947.00;18,497.50;1,543.25;-;31,785.25;29,826.25;63,558.50;6,895.25;16,331.75
Feb 6, 2024;Feb 7, 2024;19,288.00;3,914.50;226,050.00;8,912.00;1,574.50;-;35,921.00;29,367.25;57,534.00;3,065.00;13,955.25
Feb 7, 2024;Feb 8, 2024;20,610.25;3,935.75;106,847.50;8,278.00;1,587.00;-;121,896.25;45,827.25;100,981.75;4,182.50;15,849.50
Feb 8, 2024;Feb 9, 2024;20,935.00;3,861.25;89,842.50;6,286.75;1,605.50;-;166,170.00;56,003.00;132,128.50;4,466.75;16,873.00
Feb 9, 2024;Feb 10, 2024;20,802.50;3,863.00;124,252.50;6,943.00;1,673.75;-;119,233.75;29,117.50;74,691.75;2,075.50;15,272.00
Feb 10, 2024;Feb 11, 2024;20,798.00;3,816.00;35,349.00;15,010.75;1,829.00;-;120,747.50;28,037.50;63,161.50;1,441.25;17,601.25
Feb 11, 2024;Feb 12, 2024;20,392.75;3,734.00;64,830.75;9,132.00;1,814.50;-;98,288.50;27,016.00;54,329.50;1,713.25;17,795.25
Feb 12, 2024;Feb 13, 2024;20,972.50;3,793.75;56,765.25;12,764.25;1,774.50;-;136,886.00;32,607.25;85,052.75;5,374.00;16,544.25
Feb 13, 2024;Feb 14, 2024;20,739.25;3,794.00;76,839.75;25,639.25;1,712.50;-;120,856.75;34,447.25;75,248.25;2,681.00;17,055.25
Feb 14, 2024;Feb 15, 2024;20,608.50;3,780.25;135,330.25;9,532.00;1,583.50;-;128,125.75;42,981.25;62,662.25;2,103.50;16,392.50
Feb 15, 2024;Feb 16, 2024;20,712.75;3,760.00;80,343.25;17,165.25;1,573.75;-;127,780.00;41,224.50;77,866.00;1,474.50;18,166.50
Feb 16, 2024;Feb 17, 2024;20,580.25;3,792.00;97,549.25;10,749.75;1,607.75;-;86,129.00;33,505.25;73,133.25;2,189.25;18,540.00
Feb 17, 2024;Feb 18, 2024;20,884.50;3,694.50;27,149.25;15,457.50;1,611.50;-;93,705.25;33,175.50;74,095.75;4,731.50;17,864.75
Feb 18, 2024;Feb 19, 2024;20,269.75;3,742.75;120,505.25;12,415.50;1,661.75;-;48,593.75;24,322.00;54,800.00;1,216.25;17,558.75
Feb 19, 2024;Feb 20, 2024;20,698.25;3,818.00;109,702.75;10,580.75;1,658.50;-;77,424.50;30,575.00;59,283.00;3,526.25;16,041.25
Feb 20, 2024;Feb 21, 2024;20,834.00;3,906.00;85,332.75;18,077.50;1,651.25;-;87,143.00;39,507.50;77,232.75;3,270.50;15,524.75
Feb 21, 2024;Feb 22, 2024;20,719.25;3,839.25;127,273.50;17,578.50;1,662.25;-;73,153.25;31,732.75;69,622.25;4,949.75;15,898.75
Feb 22, 2024;Feb 23, 2024;20,260.75;3,781.00;181,796.25;8,482.00;1,606.50;-;76,826.00;18,436.00;56,706.25;5,138.50;14,678.50
Feb 23, 2024;Feb 24, 2024;20,487.25;3,829.00;153,730.25;15,767.25;1,765.00;-;79,306.00;15,221.25;73,683.75;4,872.00;14,123.00
Feb 24, 2024;Feb 25, 2024;20,649.50;3,836.50;95,632.50;23,851.75;1,759.00;-;86,055.50;11,732.25;56,580.50;1,611.50;14,800.00
Feb 25, 2024;Feb 26, 2024;20,642.75;3,859.75;81,726.50;27,652.50;1,697.00;-;88,583.75;10,533.00;55,608.25;2,869.50;15,076.75
Feb 26, 2024;Feb 27, 2024;20,690.50;3,922.00;90,753.50;12,484.00;1,690.25;-;139,432.25;22,237.25;76,568.00;620.00;16,158.75
Feb 27, 2024;Feb 28, 2024;21,108.75;3,931.00;39,985.75;24,782.50;1,683.75;-;158,746.25;35,906.25;117,855.50;3,896.75;16,582.50
Feb 28, 2024;Feb 29, 2024;21,015.50;3,922.00;17,491.50;24,036.00;1,647.75;-;158,733.50;34,540.75;122,469.50;4,754.50;15,515.00
Feb 29, 2024;Mar 1, 2024;20,717.50;3,873.50;73,561.00;29,549.25;1,700.00;-;101,824.50;35,171.75;92,677.50;3,658.25;13,729.00
Mar 1, 2024;Mar 2, 2024;20,548.75;3,982.50;100,359.75;20,762.50;1,685.25;-;100,700.00;31,355.50;77,072.25;2,711.75;13,858.50
Mar 2, 2024;Mar 3, 2024;20,521.75;3,898.75;93,017.25;38,710.00;1,651.25;-;70,777.75;24,559.00;56,635.50;2,859.00;14,693.00
Mar 3, 2024;Mar 4, 2024;20,300.25;3,841.00;45,591.25;42,846.00;1,550.50;-;71,355.50;22,929.25;52,514.50;858.25;16,416.25
Mar 4, 2024;Mar 5, 2024;20,425.25;3,738.75;20,161.00;8,152.50;1,611.50;-;169,886.75;45,265.50;91,628.25;4,451.25;19,327.50
Mar 5, 2024;Mar 6, 2024;20,266.00;3,736.50;10,498.50;10,381.25;1,649.75;-;187,434.00;56,223.75;116,928.50;1,561.25;18,335.50
Mar 6, 2024;Mar 7, 2024;20,654.25;3,762.50;10,834.75;24,878.50;1,623.00;-;178,163.25;53,862.25;106,234.75;4,128.25;18,950.25
Mar 7, 2024;Mar 8, 2024;20,849.00;3,757.75;67,996.75;26,846.75;1,712.00;-;150,662.00;35,467.00;79,944.25;5,491.25;18,460.50
Mar 8, 2024;Mar 9, 2024;20,575.75;3,707.50;126,833.25;52,374.00;1,652.00;-;58,504.50;26,856.00;49,714.25;7,515.00;17,442.00
Mar 9, 2024;Mar 10, 2024;20,130.75;3,551.00;82,794.75;48,869.75;1,656.25;-;27,865.00;24,587.50;46,831.00;7,524.25;18,105.50
Mar 10, 2024;Mar 11, 2024;19,823.50;3,533.50;88,588.00;26,698.75;1,666.00;-;41,448.25;28,291.75;45,376.25;1,441.75;18,579.25
Mar 11, 2024;Mar 12, 2024;20,231.00;3,688.00;64,638.00;23,071.75;1,658.75;-;113,490.50;36,180.25;90,612.75;5,657.75;17,345.50
Mar 12, 2024;Mar 13, 2024;20,666.25;3,770.50;46,281.00;10,258.75;1,625.75;-;166,031.75;53,510.50;118,872.75;4,944.00;15,750.75
Mar 13, 2024;Mar 14, 2024;20,809.50;3,765.75;45,770.50;12,148.00;1,651.00;-;152,911.50;45,719.25;103,711.75;7,073.00;17,561.00
Mar 14, 2024;Mar 15, 2024;20,809.50;3,773.50;47,974.75;46,575.75;1,627.50;-;104,307.25;41,232.75;92,728.75;8,737.25;17,248.50
Mar 15, 2024;Mar 16, 2024;20,642.00;3,792.25;121,976.50;24,108.75;1,634.50;-;67,813.75;25,639.75;57,166.75;6,735.25;16,032.75
Mar 16, 2024;Mar 17, 2024;20,365.50;3,937.75;75,923.50;22,378.00;1,599.50;-;53,796.25;21,781.75;51,065.25;5,735.25;13,420.00
Mar 17, 2024;Mar 18, 2024;20,430.50;3,909.50;20,801.00;36,294.25;1,548.00;-;69,566.75;22,092.25;44,461.25;4,203.25;13,477.75
Mar 18, 2024;Mar 19, 2024;20,561.75;3,903.50;14,410.50;21,640.00;1,591.75;-;136,509.75;42,202.75;89,561.00;8,127.75;14,808.25
Mar 19, 2024;Mar 20, 2024;20,417.75;3,887.50;6,931.25;38,246.50;1,595.25;-;149,343.00;47,934.75;89,972.75;6,013.25;14,594.75
Mar 20, 2024;Mar 21, 2024;20,587.50;3,814.25;4,519.75;48,871.25;1,564.25;-;151,546.00;56,697.50;111,270.00;7,919.00;12,362.00
Mar 21, 2024;Mar 22, 2024;20,425.00;3,878.50;38,820.25;33,186.25;1,534.25;-;125,099.00;44,851.50;97,137.25;4,503.00;15,922.75
Mar 22, 2024;Mar 23, 2024;20,492.25;3,878.25;69,216.00;28,485.25;1,692.25;-;72,170.00;29,408.75;76,702.25;5,079.00;16,444.75
Mar 23, 2024;Mar 24, 2024;20,262.00;3,917.25;111,402.75;36,084.50;1,783.25;-;37,905.00;10,579.25;45,045.25;6,687.00;16,893.75
Mar 24, 2024;Mar 25, 2024;19,920.25;4,022.25;179,162.50;27,334.25;1,712.75;-;34,348.50;10,201.75;34,964.00;4,107.00;16,940.75
Mar 25, 2024;Mar 26, 2024;20,780.00;3,953.00;54,897.50;57,698.00;1,680.50;-;109,147.00;20,027.25;82,362.25;8,041.25;16,415.25
Mar 26, 2024;Mar 27, 2024;20,508.00;3,856.00;69,139.25;37,910.50;1,728.00;-;90,025.50;28,667.00;66,833.75;5,669.50;14,302.75
Mar 27, 2024;Mar 28, 2024;20,483.50;3,582.50;39,446.50;24,041.50;1,683.50;-;60,144.00;22,913.00;71,217.75;6,697.00;15,494.75
Mar 28, 2024;Mar 29, 2024;20,296.00;3,630.75;141,047.25;31,136.00;1,657.50;-;42,542.75;18,166.25;53,643.00;5,695.75;15,155.75
Mar 29, 2024;Mar 30, 2024;20,237.00;3,604.50;96,301.25;26,308.25;1,699.75;-;36,351.50;18,409.00;40,124.50;9,206.50;17,556.25
Mar 30, 2024;Mar 31, 2024;20,220.25;3,842.00;64,054.75;23,733.00;1,674.00;-;60,582.50;18,681.50;48,280.50;5,708.50;17,469.50
Mar 31, 2024;Apr 1, 2024;18,831.25;3,674.00;40,357.25;47,075.25;1,549.25;-;44,352.75;16,629.75;20,926.75;6,913.00;5,533.75
Apr 1, 2024;Apr 2, 2024;18,917.00;2,995.00;70,503.00;18,228.25;1,642.75;-;44,340.00;15,292.50;32,871.00;2,590.50;17,537.00
Apr 2, 2024;Apr 3, 2024;19,061.25;3,027.25;151,519.75;34,349.75;1,566.00;-;43,394.00;20,701.50;39,308.00;6,779.75;18,062.25
Apr 3, 2024;Apr 4, 2024;19,633.25;3,046.00;91,219.50;19,369.75;1,591.75;-;110,577.00;24,025.00;78,225.25;5,459.75;15,709.00
Apr 4, 2024;Apr 5, 2024;19,034.50;2,996.50;159,684.50;26,171.00;1,565.25;-;72,197.25;19,764.50;48,558.75;2,929.25;17,401.25
Apr 5, 2024;Apr 6, 2024;18,969.00;3,218.75;132,014.00;34,011.75;1,588.25;-;54,212.25;28,147.75;45,728.25;4,448.00;16,673.00
Apr 6, 2024;Apr 7, 2024;18,628.50;3,024.00;88,103.50;63,184.00;1,522.25;-;40,177.25;23,712.00;33,752.75;6,042.25;17,252.75
Apr 7, 2024;Apr 8, 2024;18,246.25;2,976.25;73,216.25;50,101.00;1,471.00;-;39,884.25;18,004.50;40,956.75;6,683.50;19,192.25
Apr 8, 2024;Apr 9, 2024;18,573.25;2,997.25;32,385.75;50,589.75;1,393.00;-;98,306.00;39,590.00;75,470.75;10,065.00;18,604.75
Apr 9, 2024;Apr 10, 2024;18,053.50;3,168.00;139,047.00;23,495.00;1,412.75;-;59,166.00;19,310.50;51,340.50;6,397.00;18,078.75
Apr 10, 2024;Apr 11, 2024;19,204.75;3,345.25;46,672.75;47,569.50;1,471.25;-;66,174.75;31,558.25;62,870.00;10,802.50;16,579.25
Apr 11, 2024;Apr 12, 2024;19,363.25;3,241.50;51,509.75;41,730.25;1,519.75;-;62,493.75;31,571.25;67,247.50;6,248.00;17,277.75
Apr 12, 2024;Apr 13, 2024;19,393.75;3,120.50;41,664.25;43,764.75;1,549.00;-;59,916.25;15,517.75;41,155.25;7,518.25;18,494.75
Apr 13, 2024;Apr 14, 2024;18,576.50;3,206.00;69,292.75;64,485.50;1,541.00;-;35,482.25;7,985.00;33,063.25;9,449.50;18,117.00
Apr 14, 2024;Apr 15, 2024;18,359.50;3,201.25;47,285.50;60,509.00;1,547.00;-;45,306.50;7,300.25;39,051.50;6,595.50;17,990.25
Apr 15, 2024;Apr 16, 2024;18,892.50;3,379.00;125,402.50;40,910.00;1,603.50;-;59,203.75;9,780.75;49,519.50;10,482.00;19,121.00
Apr 16, 2024;Apr 17, 2024;19,080.00;3,617.25;152,115.25;30,350.00;1,622.00;-;76,151.75;25,080.25;49,234.25;2,368.50;17,429.00
Apr 17, 2024;Apr 18, 2024;19,577.75;3,608.00;33,634.00;38,107.00;1,566.00;-;123,053.75;55,459.50;102,362.25;4,314.75;15,338.75
Apr 18, 2024;Apr 19, 2024;19,700.00;3,562.75;31,673.25;47,039.50;1,560.00;-;124,404.25;49,850.75;89,480.50;7,490.50;13,660.25
Apr 19, 2024;Apr 20, 2024;19,350.50;3,332.25;171,514.75;24,322.00;1,641.50;-;47,101.75;22,683.75;47,162.50;6,355.00;14,949.50
Apr 20, 2024;Apr 21, 2024;19,415.75;3,153.75;70,234.00;44,472.75;1,604.50;-;53,819.25;12,595.50;36,002.00;4,747.00;15,594.00
Apr 21, 2024;Apr 22, 2024;18,839.75;3,090.00;71,408.25;47,463.50;1,613.75;-;60,178.50;16,843.50;40,891.25;491.25;16,493.50
Apr 22, 2024;Apr 23, 2024;19,318.25;3,099.50;28,483.50;51,228.00;1,596.25;-;109,583.75;26,475.75;114,284.25;8,240.75;15,006.50
Apr 23, 2024;Apr 24, 2024;18,870.75;3,048.00;23,059.50;56,413.50;1,596.25;-;87,946.00;39,519.50;130,433.25;3,664.75;13,255.25
Apr 24, 2024;Apr 25, 2024;18,716.50;2,930.75;71,980.50;45,543.25;1,593.25;-;95,888.75;30,630.25;113,326.00;4,980.00;14,948.75
Apr 25, 2024;Apr 26, 2024;19,042.50;2,963.75;56,194.50;41,959.00;1,593.50;-;116,159.00;30,192.25;112,254.75;4,449.50;15,617.25
Apr 26, 2024;Apr 27, 2024;19,245.75;2,890.50;39,958.25;46,607.25;1,603.00;-;120,462.25;33,117.50;103,697.00;6,282.50;15,954.75
Apr 27, 2024;Apr 28, 2024;19,063.00;2,817.75;56,995.25;60,684.50;1,602.75;-;62,711.25;9,869.00;41,940.75;8,322.50;17,045.25
Apr 28, 2024;Apr 29, 2024;18,372.50;2,809.75;104,642.25;44,871.00;1,544.75;-;35,057.75;4,757.25;36,811.25;2,545.00;16,429.75
Apr 29, 2024;Apr 30, 2024;18,872.75;2,855.75;25,228.25;66,453.00;1,514.00;-;53,008.50;12,550.50;75,914.00;9,509.00;15,833.00
Apr 30, 2024;May 1, 2024;18,526.75;2,809.75;14,093.00;74,363.50;1,538.50;-;53,788.25;7,831.75;64,029.25;8,382.00;14,411.75
May 1, 2024;May 2, 2024;17,428.50;2,814.75;45,409.25;74,275.25;1,389.00;-;38,941.75;4,840.50;31,185.75;5,766.50;16,632.50
May 2, 2024;May 3, 2024;17,494.75;2,916.75;65,244.00;60,645.25;1,489.50;-;43,695.25;17,791.25;43,251.75;5,138.75;15,858.50
May 3, 2024;May 4, 2024;18,400.25;3,214.00;85,774.50;26,996.25;1,641.50;-;60,720.00;16,309.00;55,215.50;8,438.25;14,411.75
May 4, 2024;May 5, 2024;18,416.50;3,024.25;27,032.75;55,091.75;1,631.75;-;52,061.00;5,857.25;64,668.25;6,539.50;16,987.75
May 5, 2024;May 6, 2024;17,966.00;2,938.75;37,039.75;50,117.00;1,621.75;-;50,261.75;8,482.25;30,824.00;1,102.25;15,969.75
May 6, 2024;May 7, 2024;18,294.75;3,071.75;26,422.50;37,077.50;1,559.25;-;78,681.75;24,376.00;94,167.50;7,010.75;14,951.00
May 7, 2024;May 8, 2024;18,617.25;3,207.75;23,193.50;38,872.50;1,547.50;-;83,872.00;32,367.00;113,618.25;4,914.75;14,930.00
May 8, 2024;May 9, 2024;18,833.50;3,381.50;19,642.75;49,147.50;1,612.50;-;97,655.50;22,189.75;113,550.75;6,857.25;16,237.50
May 9, 2024;May 10, 2024;18,501.75;3,422.00;12,167.00;79,087.50;1,601.25;-;61,251.50;5,985.50;64,026.75;5,160.75;17,774.25
May 10, 2024;May 11, 2024;18,564.00;3,429.25;10,930.00;81,642.75;1,552.50;-;49,492.75;9,569.75;67,611.25;5,957.25;18,002.75
May 11, 2024;May 12, 2024;18,300.25;3,237.25;28,418.50;86,475.50;1,537.50;-;43,105.75;7,930.00;44,532.50;6,230.25;17,645.25
May 12, 2024;May 13, 2024;17,557.75;3,287.00;53,929.50;85,638.50;1,496.50;-;32,090.25;9,194.75;36,815.25;4,685.00;17,073.25
May 13, 2024;May 14, 2024;17,924.25;3,328.75;31,844.00;68,411.75;1,449.00;-;47,369.75;6,646.25;64,987.00;8,911.75;15,309.50
May 14, 2024;May 15, 2024;17,691.00;3,344.50;63,890.25;83,195.75;1,413.75;-;44,730.25;10,296.25;52,414.75;8,392.00;15,003.25
May 15, 2024;May 16, 2024;17,902.00;3,379.50;31,382.50;48,676.75;1,442.25;-;64,778.25;20,782.75;86,200.00;7,933.75;14,267.00
May 16, 2024;May 17, 2024;17,948.25;3,667.50;25,760.50;52,996.00;1,420.75;-;60,275.25;20,975.50;91,655.75;6,705.00;15,142.00
May 17, 2024;May 18, 2024;18,374.25;3,941.00;41,448.50;29,158.25;1,504.00;-;72,803.25;18,858.50;68,309.00;6,673.75;15,327.50
May 18, 2024;May 19, 2024;18,145.50;3,783.75;26,435.75;54,244.75;1,540.75;-;56,998.75;7,788.50;41,519.50;5,406.50;17,879.00
May 19, 2024;May 20, 2024;17,995.00;3,842.00;13,011.75;52,225.25;1,522.50;-;49,677.50;4,751.25;30,562.25;2,642.25;17,780.00
May 20, 2024;May 21, 2024;18,251.25;3,755.50;6,019.75;74,190.00;1,543.50;-;53,590.50;5,745.25;29,835.00;6,065.00;14,688.75
May 21, 2024;May 22, 2024;17,980.25;3,643.50;45,414.75;38,531.50;1,504.25;-;78,724.00;10,207.75;81,286.50;6,521.50;19,012.00
May 22, 2024;May 23, 2024;18,023.75;3,770.00;50,016.50;44,392.75;1,519.50;-;93,048.50;16,851.00;77,017.25;5,597.00;17,968.25
May 23, 2024;May 24, 2024;18,419.50;3,803.50;27,738.75;64,315.25;1,442.75;-;100,235.75;28,677.50;75,846.50;4,669.50;15,847.75
May 24, 2024;May 25, 2024;18,474.75;3,960.75;12,024.00;40,301.25;1,447.50;-;98,440.75;32,195.75;119,775.75;3,665.25;16,486.50
May 25, 2024;May 26, 2024;18,313.25;3,871.50;11,418.00;63,216.25;1,477.25;-;67,869.75;9,604.00;45,055.25;4,629.25;17,479.50
May 26, 2024;May 27, 2024;18,148.75;3,807.50;35,006.25;71,552.50;1,429.50;-;54,846.75;8,699.75;36,207.00;1,844.50;19,763.75
May 27, 2024;May 28, 2024;18,274.50;3,819.75;21,893.25;56,540.25;1,403.50;-;86,308.00;24,025.25;74,758.00;4,050.75;21,009.00
May 28, 2024;May 29, 2024;18,562.75;4,143.25;44,394.25;63,815.25;1,426.50;-;105,146.00;27,404.00;59,775.50;4,806.25;18,568.75
May 29, 2024;May 30, 2024;18,748.75;4,059.00;79,448.75;42,314.00;1,415.00;-;67,935.25;23,244.25;55,272.75;5,075.25;18,324.25
May 30, 2024;May 31, 2024;18,927.50;4,282.50;16,931.50;54,397.50;1,434.75;-;87,780.50;4,225.75;74,183.00;2,991.75;18,157.00
May 31, 2024;Jun 1, 2024;18,832.50;4,359.25;24,449.00;44,098.75;1,414.75;-;86,457.00;2,793.75;48,940.25;5,073.50;19,429.75
Jun 1, 2024;Jun 2, 2024;18,067.25;4,299.75;42,338.00;31,952.25;1,491.50;-;43,823.00;3,498.50;29,405.25;5,779.00;16,578.00
Jun 2, 2024;Jun 3, 2024;17,782.50;4,298.50;51,184.00;33,201.50;1,377.00;-;46,810.50;3,582.25;25,545.25;2,653.25;15,518.25
Jun 3, 2024;Jun 4, 2024;18,713.25;3,199.00;14,539.50;43,527.25;1,342.25;-;112,728.50;13,151.00;97,257.50;10,583.75;18,541.25
Jun 4, 2024;Jun 5, 2024;18,249.75;4,291.25;18,525.00;68,366.25;1,340.50;-;105,457.50;11,325.50;89,646.50;8,385.50;18,506.00
Jun 5, 2024;Jun 6, 2024;17,974.50;4,270.25;59,652.75;52,876.00;1,375.25;-;87,181.75;1,858.50;59,527.50;5,583.50;15,291.00
Jun 6, 2024;Jun 7, 2024;18,430.00;4,279.50;20,736.75;76,776.50;1,417.75;-;114,731.75;799.50;77,696.75;4,502.00;15,185.00
Jun 7, 2024;Jun 8, 2024;18,474.50;4,248.50;12,048.00;80,756.00;1,471.00;-;92,036.50;1,064.25;83,321.25;7,851.75;18,671.00
Jun 8, 2024;Jun 9, 2024;18,093.75;4,226.00;34,809.50;81,492.25;1,535.75;-;52,497.00;4,824.00;49,751.50;7,630.75;18,257.25
Jun 9, 2024;Jun 10, 2024;17,895.50;4,243.00;30,012.75;82,222.25;1,452.50;-;41,902.00;15,110.25;61,575.25;5,656.25;18,069.00
Jun 10, 2024;Jun 11, 2024;18,396.50;4,261.50;86,522.00;45,793.75;1,467.75;-;78,311.50;12,616.25;72,688.25;7,552.00;18,599.75
Jun 11, 2024;Jun 12, 2024;18,220.00;4,272.25;63,041.00;61,392.25;1,392.00;-;60,844.50;26,489.75;51,884.75;5,073.50;17,702.50
Jun 12, 2024;Jun 13, 2024;18,412.00;4,256.50;30,541.75;60,833.75;1,406.75;-;90,459.25;16,543.75;60,964.50;5,205.50;15,321.00
Jun 13, 2024;Jun 14, 2024;18,641.75;4,185.50;15,975.50;72,779.25;1,417.50;-;116,877.50;14,189.50;70,240.25;8,192.75;13,756.00
Jun 14, 2024;Jun 15, 2024;18,189.00;4,168.25;76,715.75;37,336.75;1,450.75;-;76,955.25;13,023.00;36,665.25;8,347.50;14,787.25
Jun 15, 2024;Jun 16, 2024;17,721.00;3,913.75;119,349.75;65,570.75;1,457.00;-;34,221.00;3,452.00;27,955.25;8,176.00;15,541.00
Jun 16, 2024;Jun 17, 2024;17,789.25;3,822.00;82,012.00;55,518.00;1,471.50;-;43,116.25;5,873.75;27,431.75;6,184.00;18,127.50
Jun 17, 2024;Jun 18, 2024;18,636.50;3,967.75;30,339.50;58,104.50;1,345.50;-;88,408.50;18,765.00;56,001.50;4,866.00;16,132.00
Jun 18, 2024;Jun 19, 2024;18,553.75;4,017.00;15,072.50;51,232.75;1,362.00;-;123,155.50;30,883.50;94,886.50;4,356.00;16,770.25
Jun 19, 2024;Jun 20, 2024;18,314.75;4,069.50;18,155.75;55,868.00;1,353.00;-;112,265.00;28,294.25;70,166.00;5,476.25;18,064.50
Jun 20, 2024;Jun 21, 2024;18,412.00;3,850.50;33,864.25;51,602.50;1,440.25;-;123,325.25;26,037.50;78,450.00;6,005.25;19,308.00
Jun 21, 2024;Jun 22, 2024;18,055.75;4,104.00;44,177.00;32,623.75;1,476.50;-;122,010.00;32,428.50;103,036.50;4,199.75;17,852.00
Jun 22, 2024;Jun 23, 2024;18,102.50;4,158.00;49,326.75;62,483.25;1,426.50;-;38,245.00;1,758.25;28,867.25;6,427.75;18,339.25
Jun 23, 2024;Jun 24, 2024;17,813.00;4,169.75;7,064.25;70,691.25;1,460.75;-;45,946.75;5,302.50;33,641.75;4,398.75;19,149.00
Jun 24, 2024;Jun 25, 2024;18,054.25;4,113.50;16,870.25;86,041.00;1,427.25;-;73,598.75;19,541.75;67,043.75;6,630.00;21,088.50
Jun 25, 2024;Jun 26, 2024;17,656.50;4,036.50;35,153.25;93,894.00;1,387.25;-;92,425.25;12,971.00;63,872.25;5,972.00;18,511.00
Jun 26, 2024;Jun 27, 2024;17,403.75;3,429.25;15,168.50;83,759.25;1,361.25;-;103,986.50;18,576.25;70,256.75;7,699.00;17,349.50
Jun 27, 2024;Jun 28, 2024;17,281.00;3,473.25;17,927.25;75,477.50;1,294.75;-;106,500.50;26,363.75;80,663.50;6,993.50;15,629.00
Jun 28, 2024;Jun 29, 2024;17,727.75;4,028.25;42,059.50;81,743.25;1,436.50;-;76,318.00;7,059.75;52,413.00;5,213.75;16,106.25
Jun 29, 2024;Jun 30, 2024;17,724.25;4,082.25;15,701.75;81,513.75;1,397.25;-;53,712.25;741.75;49,235.75;7,544.00;18,158.50
Jun 30, 2024;Jul 1, 2024;17,249.75;4,191.00;44,742.50;33,186.00;1,349.25;-;52,225.00;4,022.75;34,004.50;556.25;18,444.50
Jul 1, 2024;Jul 2, 2024;17,749.00;4,275.75;39,337.00;53,419.00;1,328.00;-;111,325.50;14,857.50;68,974.50;6,012.50;19,421.00
Jul 2, 2024;Jul 3, 2024;17,878.00;4,175.50;42,915.50;31,073.75;1,356.75;-;122,511.50;15,945.00;45,695.75;815.25;17,167.25
Jul 3, 2024;Jul 4, 2024;18,138.00;4,193.25;22,435.75;37,628.25;1,355.25;-;128,626.50;13,392.25;70,063.75;7,580.25;17,935.00
Jul 4, 2024;Jul 5, 2024;17,363.50;3,716.25;101,213.75;61,474.00;1,326.25;-;34,364.00;5,004.25;37,718.75;6,148.50;17,568.25
Jul 5, 2024;Jul 6, 2024;17,820.75;3,638.75;72,629.75;53,311.50;1,315.75;-;42,462.50;1,238.00;39,078.00;6,667.50;16,310.25
Jul 6, 2024;Jul 7, 2024;17,358.25;4,140.50;112,228.50;58,038.50;1,354.50;-;36,721.25;1,521.75;29,081.75;6,399.00;15,239.00
Jul 7, 2024;Jul 8, 2024;17,654.75;4,180.50;40,638.25;69,382.75;1,319.25;-;46,378.50;4,093.00;30,661.75;9,667.50;17,632.75
Jul 8, 2024;Jul 9, 2024;17,874.25;4,188.00;8,707.00;78,491.25;1,323.75;-;88,198.00;15,346.75;69,613.75;7,508.75;17,183.75
Jul 9, 2024;Jul 10, 2024;17,171.75;3,981.75;39,409.00;88,451.00;1,274.75;-;89,057.50;11,558.50;65,551.25;4,371.50;17,226.75
Jul 10, 2024;Jul 11, 2024;17,635.25;3,874.25;29,298.75;58,530.00;1,267.50;-;99,290.00;20,960.00;63,816.25;6,227.00;15,132.25
Jul 11, 2024;Jul 12, 2024;17,674.00;4,030.00;14,728.75;72,699.25;1,436.50;-;100,854.75;24,655.00;85,033.25;7,408.00;15,162.75
Jul 12, 2024;Jul 13, 2024;17,940.50;4,205.50;78,290.75;38,657.75;1,481.50;-;81,704.50;15,976.00;71,513.00;3,995.50;14,419.25
Jul 13, 2024;Jul 14, 2024;17,912.50;4,215.00;52,526.25;51,542.00;1,506.50;-;38,038.00;1,535.25;31,847.25;5,430.00;17,258.75
Jul 14, 2024;Jul 15, 2024;17,327.75;4,165.50;21,672.50;77,329.25;1,407.75;-;38,182.25;1,290.50;33,113.00;4,117.25;17,600.75
Jul 15, 2024;Jul 16, 2024;17,301.50;3,960.75;16,315.75;84,465.25;1,358.50;-;55,424.75;4,626.50;69,357.50;10,874.00;18,710.00
Jul 16, 2024;Jul 17, 2024;17,300.00;3,876.00;101,836.00;62,094.50;1,363.25;-;64,998.25;4,494.50;52,561.00;2,052.25;16,588.75
Jul 17, 2024;Jul 18, 2024;17,550.25;3,859.50;32,829.75;56,480.75;1,361.25;-;70,931.25;6,726.75;57,391.75;7,665.25;15,740.75
Jul 18, 2024;Jul 19, 2024;17,602.00;3,816.75;9,599.25;81,536.25;1,328.00;-;98,222.00;26,416.25;92,705.25;7,324.00;15,335.25
Jul 19, 2024;Jul 20, 2024;17,286.00;3,664.00;14,533.75;75,357.50;1,433.00;-;102,446.75;15,749.00;75,307.00;7,566.25;14,874.25
Jul 20, 2024;Jul 21, 2024;16,441.75;3,467.25;10,348.00;82,992.75;1,361.00;-;57,392.75;2,116.50;34,513.00;6,787.75;17,578.00
Jul 21, 2024;Jul 22, 2024;16,217.50;3,381.25;26,738.50;58,101.75;1,229.75;-;48,753.25;3,293.00;38,794.75;5,060.25;18,580.25
Jul 22, 2024;Jul 23, 2024;16,810.25;3,529.25;27,932.50;67,914.75;1,281.25;-;59,034.25;5,724.00;60,113.25;8,528.75;20,181.00
Jul 23, 2024;Jul 24, 2024;16,907.00;3,534.25;65,065.75;50,409.50;1,407.75;-;66,618.25;14,631.75;61,133.75;4,470.75;18,311.75
Jul 24, 2024;Jul 25, 2024;17,124.75;3,804.25;18,999.25;64,068.50;1,231.00;-;71,875.25;20,137.25;62,710.25;6,237.50;15,739.00
Jul 25, 2024;Jul 26, 2024;17,231.25;3,782.25;5,164.25;72,126.00;1,238.75;-;69,296.25;23,805.00;67,079.50;5,988.50;15,689.00
Jul 26, 2024;Jul 27, 2024;17,195.25;3,699.75;26,861.50;48,294.50;1,233.50;-;76,869.00;17,931.50;71,113.00;5,093.50;15,331.50
Jul 27, 2024;Jul 28, 2024;16,916.50;3,698.50;11,762.50;38,955.50;1,251.00;-;75,022.50;14,275.75;82,586.00;4,257.75;18,057.50
Jul 28, 2024;Jul 29, 2024;16,457.25;3,723.75;25,718.25;75,826.75;1,199.50;-;59,715.00;3,196.25;31,901.25;4,832.50;19,746.75
Jul 29, 2024;Jul 30, 2024;16,330.25;3,728.25;22,020.25;91,654.00;1,149.00;-;72,653.25;10,196.25;52,793.50;7,645.25;19,607.50
Jul 30, 2024;Jul 31, 2024;16,020.25;3,446.00;12,037.75;85,006.50;1,131.00;-;95,474.75;39,831.25;70,980.00;5,832.75;18,272.50
Jul 31, 2024;Aug 1, 2024;16,035.00;3,230.75;8,265.50;56,378.00;1,159.25;-;98,849.00;46,503.75;77,787.75;3,795.75;20,492.00
Aug 1, 2024;Aug 2, 2024;16,135.00;3,682.50;15,938.00;37,391.50;1,222.50;-;109,284.25;53,623.00;77,174.00;2,009.00;18,937.00
Aug 2, 2024;Aug 3, 2024;16,184.50;3,983.50;9,179.00;67,417.00;1,228.75;-;108,095.25;46,350.25;64,512.25;5,213.25;18,300.50
Aug 3, 2024;Aug 4, 2024;16,208.00;4,000.50;22,877.25;60,457.50;1,275.75;-;61,169.75;14,531.75;37,092.75;7,502.25;15,585.50
Aug 4, 2024;Aug 5, 2024;16,296.50;3,989.25;24,780.25;49,222.50;1,260.00;-;54,558.25;4,431.25;26,533.25;2,498.75;13,337.00
Aug 5, 2024;Aug 6, 2024;16,755.25;4,031.25;3,608.25;72,544.50;1,244.50;-;99,609.00;16,682.00;60,787.50;7,880.00;12,740.25
Aug 6, 2024;Aug 7, 2024;16,302.00;3,783.75;6,803.00;82,204.75;1,238.00;-;100,956.50;21,247.00;76,885.75;6,679.50;14,019.75
Aug 7, 2024;Aug 8, 2024;16,478.25;3,748.00;18,139.25;47,997.75;1,205.00;-;111,673.25;21,553.00;79,062.50;6,842.25;13,392.00
Aug 8, 2024;Aug 9, 2024;17,247.75;3,755.75;16,060.25;61,859.50;1,210.75;-;102,725.50;26,614.75;61,855.75;5,312.25;13,513.25
Aug 9, 2024;Aug 10, 2024;16,858.25;3,608.25;89,385.25;51,791.00;1,221.75;-;48,983.75;16,386.50;54,003.00;5,890.50;16,752.00
Aug 10, 2024;Aug 11, 2024;16,989.75;3,449.00;25,136.25;80,806.25;1,184.25;-;45,265.75;5,179.00;28,229.00;6,232.75;19,082.50
Aug 11, 2024;Aug 12, 2024;17,004.25;3,329.50;12,287.25;83,592.75;1,176.25;-;53,011.50;1,109.00;31,086.75;4,986.75;19,423.25
Aug 12, 2024;Aug 13, 2024;16,956.00;3,232.50;35,961.75;79,003.00;1,126.75;-;81,145.00;18,406.75;53,903.25;8,110.00;19,269.25
Aug 13, 2024;Aug 14, 2024;16,413.25;3,206.50;27,315.75;69,566.50;1,035.75;-;100,483.75;31,118.75;58,779.00;3,872.25;18,671.25
Aug 14, 2024;Aug 15, 2024;17,327.50;3,262.00;17,143.00;47,028.50;1,099.75;-;112,584.50;33,877.50;81,474.50;8,921.75;15,441.25
Aug 15, 2024;Aug 16, 2024;17,408.50;3,294.75;20,168.25;70,128.25;1,216.50;-;98,159.00;40,715.25;63,777.75;2,848.25;14,290.00
Aug 16, 2024;Aug 17, 2024;17,766.25;3,285.25;34,584.75;58,637.75;1,286.00;-;105,008.75;31,043.75;66,822.50;8,780.75;17,132.75
Aug 17, 2024;Aug 18, 2024;17,430.75;3,221.25;14,357.00;46,487.00;1,331.50;-;100,329.50;29,088.00;62,137.25;4,332.00;18,015.50
Aug 18, 2024;Aug 19, 2024;16,844.75;3,612.25;17,631.25;37,364.75;1,312.25;-;100,883.75;27,440.00;27,389.75;2,415.75;17,963.00
Aug 19, 2024;Aug 20, 2024;16,753.25;3,783.00;8,569.25;58,916.75;1,285.00;-;113,018.25;28,040.50;54,032.25;6,110.75;16,784.25
Aug 20, 2024;Aug 21, 2024;16,631.25;3,613.25;33,995.75;57,151.50;1,281.75;-;102,900.75;29,010.25;53,145.25;7,225.75;17,598.75
Aug 21, 2024;Aug 22, 2024;16,909.00;3,347.75;67,058.00;61,327.75;1,307.25;-;54,783.00;20,158.25;36,297.25;4,739.50;14,265.25
Aug 22, 2024;Aug 23, 2024;17,372.00;3,247.50;64,472.00;73,117.50;1,431.00;-;44,843.50;19,374.00;36,786.75;7,190.00;15,037.25
Aug 23, 2024;Aug 24, 2024;17,015.75;3,147.75;118,187.00;57,867.75;1,456.25;-;35,609.00;27,693.50;29,025.50;6,451.25;17,495.25
Aug 24, 2024;Aug 25, 2024;16,854.75;3,034.75;79,510.50;72,850.50;1,313.75;-;36,277.00;11,717.50;23,129.50;8,306.00;15,086.75
Aug 25, 2024;Aug 26, 2024;17,110.25;3,087.50;64,963.75;60,831.25;1,238.25;-;36,755.25;16,809.00;31,599.50;3,511.00;15,147.50
Aug 26, 2024;Aug 27, 2024;17,783.50;3,046.00;18,143.25;62,096.75;1,201.00;-;65,314.25;33,789.75;72,192.25;7,666.75;17,832.50
Aug 27, 2024;Aug 28, 2024;17,169.50;2,900.50;19,881.00;73,543.25;1,179.75;-;80,382.00;39,357.75;85,572.50;6,172.25;15,402.50
Aug 28, 2024;Aug 29, 2024;17,044.25;2,819.50;27,400.00;76,529.50;1,182.00;-;86,133.25;36,644.25;76,933.75;7,340.75;15,584.25
Aug 29, 2024;Aug 30, 2024;16,961.75;2,760.25;35,650.00;68,439.00;1,168.00;-;90,531.50;37,706.75;102,616.50;8,525.00;15,550.00
Aug 30, 2024;Aug 31, 2024;16,748.00;2,728.50;27,941.25;43,759.25;1,208.00;-;93,852.00;37,363.75;111,456.25;6,467.25;15,888.75
Aug 31, 2024;Sep 1, 2024;16,791.50;2,692.75;64,801.00;69,398.00;1,264.25;-;46,987.75;22,338.00;39,241.25;5,623.75;17,665.25
Sep 1, 2024;Sep 2, 2024;16,293.00;2,652.25;55,097.75;70,852.75;1,260.75;-;39,155.75;16,652.25;42,354.00;1,365.25;16,908.25
Sep 2, 2024;Sep 3, 2024;16,327.75;2,661.25;20,998.50;53,715.00;1,200.50;-;87,202.50;37,787.25;97,518.00;7,008.00;16,755.25
Sep 3, 2024;Sep 4, 2024;16,820.75;2,643.00;3,900.50;55,371.25;1,206.75;-;93,848.00;53,889.75;129,217.25;6,602.50;14,244.00
Sep 4, 2024;Sep 5, 2024;17,402.00;2,710.50;7,117.50;29,136.75;1,244.25;-;85,856.50;60,424.00;145,009.75;5,766.25;12,873.00
Sep 5, 2024;Sep 6, 2024;17,491.50;2,758.00;64,565.75;57,459.50;1,303.25;-;59,713.50;33,443.00;89,037.50;5,853.75;13,546.50
Sep 6, 2024;Sep 7, 2024;17,586.50;2,737.50;42,074.00;32,306.00;1,038.25;-;71,780.75;41,359.00;87,834.00;6,518.50;12,368.50
Sep 7, 2024;Sep 8, 2024;17,441.50;2,677.50;19,947.00;65,588.75;973.00;-;68,913.75;25,209.50;50,481.50;6,117.75;11,980.25
Sep 8, 2024;Sep 9, 2024;17,068.75;2,714.25;33,568.25;40,380.50;942.75;-;66,568.75;25,003.50;33,624.00;3,636.25;12,914.25
Sep 9, 2024;Sep 10, 2024;17,668.75;3,019.25;56,710.25;29,315.00;894.75;-;98,282.00;34,191.75;86,594.50;7,124.25;12,229.75
Sep 10, 2024;Sep 11, 2024;17,215.50;3,183.50;121,154.50;33,164.00;955.25;-;60,611.75;23,740.50;39,955.50;5,527.25;11,301.00
Sep 11, 2024;Sep 12, 2024;17,673.00;3,242.50;103,907.00;37,193.00;982.75;-;65,053.50;24,972.75;46,069.75;3,423.75;12,350.50
Sep 12, 2024;Sep 13, 2024;18,037.75;3,379.50;33,932.75;46,058.25;988.25;-;72,015.00;35,595.25;103,272.00;7,064.50;12,471.25
Sep 13, 2024;Sep 14, 2024;17,797.25;3,356.50;45,461.75;42,038.75;1,015.00;-;53,010.50;28,191.00;53,357.00;7,667.25;13,320.00
Sep 14, 2024;Sep 15, 2024;17,953.25;3,371.25;44,493.25;44,064.00;1,053.75;-;31,550.75;21,982.25;30,620.75;5,334.00;14,519.50
Sep 15, 2024;Sep 16, 2024;18,003.50;3,346.00;15,469.00;54,802.25;1,039.50;-;43,252.75;17,715.25;30,258.50;3,300.50;14,737.75
Sep 16, 2024;Sep 17, 2024;18,308.75;3,252.25;33,836.75;26,188.00;1,014.50;-;103,266.75;32,298.50;83,322.75;7,376.50;14,707.50
Sep 17, 2024;Sep 18, 2024;18,091.75;3,226.25;79,284.50;36,318.25;995.00;-;103,589.25;33,955.75;49,881.00;6,315.25;14,264.25
Sep 18, 2024;Sep 19, 2024;17,887.75;3,186.50;105,310.25;55,872.50;1,011.50;-;98,711.50;31,968.25;43,189.00;2,360.00;16,297.00
Sep 19, 2024;Sep 20, 2024;17,778.00;3,135.75;103,606.25;55,458.00;1,046.50;-;95,661.25;29,072.75;35,217.00;6,173.75;16,782.00
Sep 20, 2024;Sep 21, 2024;18,137.25;3,067.75;76,743.50;63,500.00;1,077.50;-;79,932.25;19,611.50;31,979.00;6,243.00;17,201.25
Sep 21, 2024;Sep 22, 2024;18,422.25;2,969.25;20,900.75;64,426.75;1,037.50;-;79,663.25;11,360.50;29,709.50;5,980.25;16,932.00
Sep 22, 2024;Sep 23, 2024;18,096.25;2,870.50;4,239.25;53,476.00;1,007.00;-;87,740.75;21,037.25;37,701.25;3,459.25;16,883.25
Sep 23, 2024;Sep 24, 2024;18,402.00;2,877.50;25,500.75;29,813.00;1,002.25;-;118,972.00;39,412.50;68,950.00;7,793.50;15,321.50
Sep 24, 2024;Sep 25, 2024;18,222.25;3,093.75;78,687.50;30,088.50;1,020.75;-;105,487.25;37,715.75;49,566.25;3,519.50;14,451.75
Sep 25, 2024;Sep 26, 2024;18,421.50;3,126.00;92,916.75;22,390.00;1,061.00;-;102,180.75;24,082.00;38,125.75;6,337.50;13,275.00
Sep 26, 2024;Sep 27, 2024;18,387.00;3,235.00;158,241.25;15,028.25;1,144.50;-;56,042.00;9,114.25;15,678.75;5,079.00;15,058.00
Sep 27, 2024;Sep 28, 2024;17,683.00;3,422.50;192,528.50;33,095.00;1,453.00;-;37,064.75;8,849.00;17,515.75;4,668.00;13,434.50
Sep 28, 2024;Sep 29, 2024;17,928.50;3,474.75;62,321.25;40,756.00;1,485.75;-;41,268.00;9,090.25;16,768.50;9,257.25;15,341.75
Sep 29, 2024;Sep 30, 2024;18,325.50;3,491.75;39,326.25;47,767.50;1,454.50;-;44,513.25;10,844.50;11,906.75;8,898.00;15,712.75
Sep 30, 2024;Oct 1, 2024;18,142.75;3,455.00;115,778.50;21,090.00;1,415.00;-;54,059.00;24,769.25;52,995.00;10,570.75;16,404.25
Oct 1, 2024;Oct 2, 2024;18,984.50;2,987.75;87,211.50;19,391.75;1,406.50;-;85,897.00;34,630.75;35,953.00;5,663.00;15,474.50
Oct 2, 2024;Oct 3, 2024;18,939.75;3,032.00;22,901.00;22,726.75;1,447.50;-;117,437.25;47,152.75;48,673.50;4,534.50;15,905.50
Oct 3, 2024;Oct 4, 2024;18,808.75;3,020.25;57,890.50;26,357.25;1,444.50;-;116,929.50;9,679.50;15,618.75;5,031.75;14,796.50
Oct 4, 2024;Oct 5, 2024;18,909.25;2,997.00;31,433.50;29,542.00;1,384.25;-;129,343.75;26,530.75;28,500.50;5,867.00;16,094.25
Oct 5, 2024;Oct 6, 2024;18,506.75;2,977.00;18,746.75;45,037.25;1,390.00;-;122,488.75;24,516.75;16,858.50;4,322.75;16,526.50
Oct 6, 2024;Oct 7, 2024;18,119.00;2,927.00;72,319.50;41,758.50;1,386.00;-;87,690.50;9,924.50;19,379.25;5,080.25;15,816.25
Oct 7, 2024;Oct 8, 2024;18,658.25;2,862.25;61,330.50;30,229.50;1,378.75;-;118,990.00;24,525.75;41,158.25;7,461.50;14,009.00
Oct 8, 2024;Oct 9, 2024;18,468.50;2,888.75;89,037.25;20,278.50;1,396.00;-;127,365.75;25,425.50;27,543.00;5,150.75;14,716.75
Oct 9, 2024;Oct 10, 2024;18,295.50;3,007.75;108,249.75;17,953.25;1,393.00;-;114,207.50;11,493.00;31,082.75;8,622.50;14,273.75
Oct 10, 2024;Oct 11, 2024;18,404.00;2,971.75;110,794.75;20,016.25;1,497.50;-;65,946.00;22,262.75;45,957.00;5,740.50;14,196.75
Oct 11, 2024;Oct 12, 2024;19,352.00;3,004.50;19,127.75;35,225.75;1,449.00;-;109,441.75;28,889.25;45,643.25;10,386.25;14,170.25
Oct 12, 2024;Oct 13, 2024;18,857.75;3,054.25;62,842.50;23,971.75;1,322.50;-;51,148.00;3,306.25;21,123.50;5,432.25;13,911.00
Oct 13, 2024;Oct 14, 2024;17,900.00;3,064.00;132,570.50;27,421.25;1,360.00;-;37,919.50;9,706.25;24,313.50;1,259.75;15,683.50
Oct 14, 2024;Oct 15, 2024;19,437.25;3,076.00;15,881.25;15,245.25;1,170.50;-;93,699.75;30,875.50;91,373.75;8,204.50;17,439.00
Oct 15, 2024;Oct 16, 2024;19,194.00;3,077.25;64,084.25;25,659.25;1,077.50;-;117,209.75;27,172.50;59,699.50;6,658.25;17,597.50
Oct 16, 2024;Oct 17, 2024;18,736.25;3,039.25;104,451.75;23,865.50;1,011.00;-;50,696.50;29,859.25;74,404.50;6,062.00;16,392.25
Oct 17, 2024;Oct 18, 2024;19,122.75;2,954.75;62,100.25;22,770.25;1,108.50;-;89,180.50;19,276.00;64,914.50;4,356.00;14,465.75
Oct 18, 2024;Oct 19, 2024;19,295.00;2,910.25;12,266.50;19,535.25;1,292.75;-;132,171.75;30,644.50;61,194.75;7,458.50;15,549.00
Oct 19, 2024;Oct 20, 2024;19,162.50;2,880.25;40,977.25;15,482.25;1,449.25;-;88,927.00;1,988.50;38,907.50;4,554.00;16,095.00
Oct 20, 2024;Oct 21, 2024;18,742.50;2,789.25;87,544.50;20,087.25;1,454.50;-;46,317.25;291.00;27,574.75;4,108.75;17,270.75
Oct 21, 2024;Oct 22, 2024;19,256.00;2,731.50;61,572.25;24,754.75;1,501.75;-;93,710.00;21,477.75;71,479.50;5,734.75;16,511.75
Oct 22, 2024;Oct 23, 2024;19,344.25;2,700.00;49,722.75;28,787.00;1,536.50;-;111,507.00;26,439.75;65,786.50;3,573.00;17,049.75
Oct 23, 2024;Oct 24, 2024;19,347.50;2,723.75;18,389.25;29,774.75;1,476.25;-;124,990.50;39,270.75;80,584.75;8,268.00;16,202.00
Oct 24, 2024;Oct 25, 2024;19,157.25;2,689.50;51,976.25;18,793.25;1,421.00;-;136,286.25;38,803.50;56,820.50;3,656.25;17,271.75
Oct 25, 2024;Oct 26, 2024;19,158.00;2,634.50;41,241.50;30,630.50;1,406.75;-;126,090.75;34,071.25;80,968.50;5,483.25;16,872.75
Oct 26, 2024;Oct 27, 2024;18,756.50;2,573.75;24,097.50;27,935.50;1,475.00;-;126,500.00;31,005.50;41,924.50;3,221.50;17,323.50
Oct 27, 2024;Oct 28, 2024;19,424.50;2,623.75;20,739.00;19,192.50;1,455.00;-;120,657.00;22,379.00;28,706.75;4,360.50;18,179.00
Oct 28, 2024;Oct 29, 2024;18,814.00;2,443.75;51,722.25;20,490.00;1,349.25;-;135,557.50;33,181.00;76,051.25;1,921.25;17,385.25
Oct 29, 2024;Oct 30, 2024;18,530.00;2,419.25;28,311.50;17,463.50;1,400.00;-;143,570.50;23,038.25;99,885.50;5,853.00;16,654.25
Oct 30, 2024;Oct 31, 2024;18,511.75;2,394.50;3,842.00;13,406.75;1,379.00;-;144,828.25;35,086.00;105,124.00;4,109.25;12,996.25
Oct 31, 2024;Nov 1, 2024;18,674.00;2,358.75;6,870.75;11,352.25;1,484.50;-;139,708.50;48,142.75;81,084.25;6,427.00;13,357.50
Nov 1, 2024;Nov 2, 2024;18,534.25;2,146.00;23,367.25;10,172.00;1,478.75;-;104,039.75;27,981.25;52,041.50;5,209.50;13,623.50
Nov 2, 2024;Nov 3, 2024;18,705.75;2,112.25;25,389.00;9,894.75;1,496.50;-;126,572.25;30,105.25;44,323.50;5,321.25;6,678.25
Nov 3, 2024;Nov 4, 2024;18,015.50;2,093.25;15,623.25;27,454.00;1,382.00;-;121,065.00;27,582.00;39,082.25;1,371.50;7,443.00
Nov 4, 2024;Nov 5, 2024;18,911.00;2,061.75;48,519.25;25,796.25;1,396.75;-;123,168.50;35,739.00;115,752.00;5,971.25;8,276.25
Nov 5, 2024;Nov 6, 2024;19,302.00;2,043.00;27,663.50;20,052.00;1,497.75;-;114,473.75;33,594.00;133,057.25;6,207.25;8,298.75
Nov 6, 2024;Nov 7, 2024;19,849.00;2,026.75;2,575.00;9,194.00;1,497.75;-;116,840.00;41,102.00;161,302.00;8,828.75;10,451.50
Nov 7, 2024;Nov 8, 2024;19,644.00;2,011.75;15,126.50;5,010.75;1,468.00;-;143,652.50;39,520.00;159,686.50;8,450.75;14,530.00
Nov 8, 2024;Nov 9, 2024;19,622.75;1,999.00;30,420.00;4,273.25;1,583.75;-;143,652.75;35,889.00;147,859.75;3,064.50;14,688.00
Nov 9, 2024;Nov 10, 2024;19,413.25;1,958.75;10,490.25;8,008.00;1,589.00;-;142,675.00;35,473.75;119,020.50;3,862.50;15,605.00
Nov 10, 2024;Nov 11, 2024;19,026.00;1,950.00;2,555.75;7,844.25;1,533.25;-;128,130.00;21,769.25;99,471.00;2,361.00;15,445.25
Nov 11, 2024;Nov 12, 2024;18,984.50;1,950.75;50,624.75;8,718.25;1,502.00;-;127,686.50;46,912.75;134,489.75;2,783.25;16,957.50
Nov 12, 2024;Nov 13, 2024;19,449.25;1,980.25;53,967.25;6,808.75;1,546.00;-;135,593.50;38,049.50;151,572.50;3,998.25;17,326.75
Nov 13, 2024;Nov 14, 2024;19,710.25;1,974.50;21,385.00;4,952.75;1,595.50;-;150,571.75;42,866.75;157,444.50;6,164.25;16,923.50
Nov 14, 2024;Nov 15, 2024;19,707.75;1,985.50;28,340.00;6,209.75;1,465.75;-;143,962.00;48,565.75;143,219.75;3,303.50;16,918.50
Nov 15, 2024;Nov 16, 2024;20,004.75;1,971.25;9,587.00;6,653.25;1,677.75;-;146,882.00;43,200.75;139,871.25;5,752.50;15,096.50
Nov 16, 2024;Nov 17, 2024;19,993.50;1,942.25;61,900.00;9,219.00;1,774.75;-;112,588.25;17,630.25;71,854.00;3,200.50;14,041.00
Nov 17, 2024;Nov 18, 2024;19,552.50;1,951.25;140,204.00;9,393.75;1,658.25;-;50,324.50;11,588.25;49,433.00;963.75;14,545.50
Nov 18, 2024;Nov 19, 2024;19,957.25;2,017.25;79,627.00;13,015.75;1,633.50;-;96,149.25;35,692.25;84,068.25;3,840.75;12,711.00
Nov 19, 2024;Nov 20, 2024;19,558.25;2,122.50;138,938.00;4,158.75;1,648.50;-;140,268.50;33,593.75;109,996.25;4,588.50;12,150.75
Nov 20, 2024;Nov 21, 2024;19,305.75;2,154.50;149,039.00;9,077.75;1,508.00;-;142,852.75;31,559.75;68,844.75;2,654.25;12,501.25
Nov 21, 2024;Nov 22, 2024;19,514.50;2,047.25;87,483.00;9,456.75;1,555.75;-;143,512.25;32,636.50;126,550.75;7,162.00;13,091.50
Nov 22, 2024;Nov 23, 2024;19,896.50;2,033.00;174,438.75;6,072.25;1,555.25;-;137,618.00;34,027.00;77,183.00;2,811.00;14,255.25
Nov 23, 2024;Nov 24, 2024;19,685.50;1,969.75;153,430.25;7,625.75;1,553.50;-;58,292.75;7,148.50;53,063.75;997.75;13,947.00
Nov 24, 2024;Nov 25, 2024;18,888.50;1,968.75;206,514.50;13,140.50;1,519.50;-;36,499.00;1,126.50;34,594.75;3,377.00;14,149.50
Nov 25, 2024;Nov 26, 2024;19,515.50;2,013.75;165,913.75;8,591.75;1,512.25;-;81,348.25;11,057.00;77,446.25;2,727.50;14,761.75
Nov 26, 2024;Nov 27, 2024;19,832.50;2,246.50;86,131.00;12,216.00;1,571.50;-;130,812.25;35,812.25;120,452.50;1,367.00;14,508.75
Nov 27, 2024;Nov 28, 2024;19,865.00;2,203.75;148,727.75;9,348.50;1,632.75;-;127,844.25;24,602.00;91,054.00;5,734.00;14,031.25
Nov 28, 2024;Nov 29, 2024;19,865.25;2,466.75;110,429.50;11,010.00;1,622.00;-;121,123.00;26,234.25;96,099.50;719.25;14,251.50
Nov 29, 2024;Nov 30, 2024;20,449.00;2,489.00;39,736.25;17,429.50;1,636.00;-;140,791.75;35,032.75;116,959.25;4,358.75;14,204.50
Nov 30, 2024;Dec 1, 2024;20,230.75;2,283.25;68,212.50;22,435.25;1,637.25;-;139,737.75;27,199.75;61,641.00;2,330.75;14,385.00
Dec 1, 2024;Dec 2, 2024;20,076.50;1,967.25;69,666.75;15,406.00;1,541.00;-;140,023.75;18,471.25;48,546.25;899.00;15,045.00
Dec 2, 2024;Dec 3, 2024;20,203.50;1,797.75;99,871.25;5,373.50;1,578.50;-;133,317.00;29,413.00;115,187.00;4,905.25;15,097.25
Dec 3, 2024;Dec 4, 2024;20,230.00;2,055.50;76,489.00;8,124.00;1,479.00;-;143,626.25;38,902.25;143,956.75;4,071.50;16,262.75
Dec 4, 2024;Dec 5, 2024;20,917.75;1,977.75;29,308.50;7,393.25;1,533.50;-;148,796.50;36,226.50;148,975.25;7,083.25;14,790.75
Dec 5, 2024;Dec 6, 2024;20,293.25;1,899.50;138,897.50;7,140.00;1,550.75;-;131,736.50;41,313.50;98,386.50;211.25;15,545.75
Dec 6, 2024;Dec 7, 2024;20,604.00;2,235.00;213,518.25;6,010.00;1,628.00;-;93,464.25;28,153.50;38,519.50;7,759.25;15,097.50
Dec 7, 2024;Dec 8, 2024;20,213.50;2,301.00;170,648.50;3,859.25;1,713.00;-;87,049.75;7,351.25;32,445.00;1,433.50;14,596.25
Dec 8, 2024;Dec 9, 2024;20,340.75;2,213.50;81,341.00;8,170.75;1,690.00;-;112,548.25;13,790.50;56,817.75;5,327.25;16,200.50
Dec 9, 2024;Dec 10, 2024;19,972.25;2,191.25;132,223.00;3,017.00;1,593.00;-;115,225.50;32,722.25;84,620.25;3,089.50;16,214.00
Dec 10, 2024;Dec 11, 2024;20,643.00;2,115.50;96,802.50;2,043.75;1,560.75;-;144,378.50;34,183.50;133,887.75;2,033.25;15,770.25
Dec 11, 2024;Dec 12, 2024;21,347.25;2,009.00;14,998.25;2,279.00;1,615.25;-;150,508.00;37,078.25;176,962.75;5,043.75;15,981.25
Dec 12, 2024;Dec 13, 2024;21,245.25;1,938.25;4,144.50;3,045.25;1,554.25;-;147,516.50;37,794.00;179,507.00;9,494.50;18,071.00
Dec 13, 2024;Dec 14, 2024;21,537.50;1,821.00;17,555.75;4,342.50;1,623.00;-;115,711.25;37,700.50;175,647.00;5,751.50;16,015.00
Dec 14, 2024;Dec 15, 2024;21,026.50;1,766.75;68,645.00;3,596.50;1,672.25;-;107,921.50;36,791.00;70,557.75;2,529.75;16,598.00
Dec 15, 2024;Dec 16, 2024;20,321.50;1,725.75;157,000.00;4,596.00;1,580.25;-;58,388.00;24,146.50;49,576.75;2,662.50;16,891.25
Dec 16, 2024;Dec 17, 2024;19,996.75;1,686.25;186,388.25;5,693.25;1,550.00;-;72,677.75;25,129.75;63,265.75;3,228.50;9,475.00
Dec 17, 2024;Dec 18, 2024;20,648.75;1,679.50;72,476.50;5,977.75;1,613.00;-;118,474.25;28,817.00;105,018.50;5,154.00;9,926.00
Dec 18, 2024;Dec 19, 2024;20,268.75;1,668.50;190,542.50;6,327.25;1,608.00;-;50,122.00;2,930.50;72,643.00;4,627.00;10,743.00
Dec 19, 2024;Dec 20, 2024;20,467.50;1,775.75;201,955.75;3,282.50;1,598.00;-;38,183.25;1,580.00;46,267.75;7,138.50;15,274.75
Dec 20, 2024;Dec 21, 2024;20,807.25;2,025.75;134,966.00;9,151.00;1,665.25;-;54,694.00;12,502.50;52,063.00;8,475.50;14,814.75
Dec 21, 2024;Dec 22, 2024;19,871.50;1,934.25;197,096.50;5,684.50;1,578.75;-;38,289.50;4,911.75;32,692.25;3,739.50;13,627.75
Dec 22, 2024;Dec 23, 2024;19,657.25;2,127.50;169,601.00;5,057.75;1,512.75;-;42,425.75;1,497.00;26,970.25;4,580.50;14,931.50
Dec 23, 2024;Dec 24, 2024;19,794.00;2,123.25;123,549.75;7,757.50;1,539.25;-;60,900.25;1,612.75;47,999.00;1,110.50;14,462.75
Dec 24, 2024;Dec 25, 2024;20,267.00;2,101.50;49,499.75;5,153.50;1,632.75;-;79,739.00;13,869.25;52,052.50;4,692.75;14,594.75
Dec 25, 2024;Dec 26, 2024;20,020.50;2,042.00;16,939.75;7,136.50;1,563.75;-;79,627.75;11,495.00;30,957.75;1,047.25;14,998.50
Dec 26, 2024;Dec 27, 2024;20,110.75;1,999.50;25,997.25;12,804.50;1,521.25;-;85,237.00;19,102.25;57,203.25;1,654.75;12,925.25
Dec 27, 2024;Dec 28, 2024;20,284.00;1,895.25;25,229.00;13,488.25;1,559.00;-;85,894.50;19,904.75;113,018.25;5,365.25;14,654.50
Dec 28, 2024;Dec 29, 2024;20,187.50;1,832.50;8,601.75;15,820.75;1,601.50;-;85,910.75;19,542.25;100,944.75;3,523.50;14,343.00
Dec 29, 2024;Dec 30, 2024;19,965.75;1,786.00;24,861.25;4,982.25;1,586.50;-;83,970.75;21,656.25;86,260.75;2,436.25;14,753.75
Dec 30, 2024;Dec 31, 2024;20,489.00;1,724.00;60,843.50;4,490.00;1,528.75;-;76,321.50;36,870.00;101,676.50;2,654.25;14,129.75
Dec 31, 2024;Jan 1, 2025;20,320.50;1,704.00;79,951.75;7,581.00;1,456.00;-;76,308.00;15,697.25;87,443.50;2,704.00;14,861.50
Jan 1, 2025;Jan 2, 2025;18,021.75;1,605.25;164,246.25;10,335.75;1,401.00;-;29,280.00;2,059.00;22,100.50;2,234.75;14,664.50
Jan 2, 2025;Jan 3, 2025;19,122.00;1,746.75;76,881.00;6,856.75;1,379.75;-;64,842.75;33,698.50;83,546.50;7,432.00;14,247.75
Jan 3, 2025;Jan 4, 2025;18,851.50;1,817.25;120,680.00;7,662.75;1,435.75;-;84,307.50;33,794.75;86,183.25;590.50;14,111.00
Jan 4, 2025;Jan 5, 2025;19,397.75;1,758.00;33,346.50;5,679.25;1,533.50;-;107,179.50;37,228.25;53,892.00;4,163.25;14,140.00
Jan 5, 2025;Jan 6, 2025;18,438.50;1,931.50;136,638.00;1,813.75;1,531.00;-;64,160.25;11,038.00;42,357.50;2,448.25;13,651.00
Jan 6, 2025;Jan 7, 2025;17,903.75;2,114.75;209,612.00;8,789.25;1,443.00;-;33,535.50;2,490.00;41,961.50;2,447.25;13,643.50
Jan 7, 2025;Jan 8, 2025;18,512.50;2,166.75;181,818.50;9,998.75;1,470.00;-;70,382.75;16,254.25;62,711.00;5,701.75;11,434.75
Jan 8, 2025;Jan 9, 2025;19,191.75;2,210.75;85,110.25;6,450.00;1,495.00;-;97,818.75;43,109.00;99,339.25;2,434.00;10,184.00
Jan 9, 2025;Jan 10, 2025;19,469.25;2,354.00;106,027.50;4,066.25;1,473.50;-;93,450.25;49,735.25;115,003.00;4,458.50;10,698.50
Jan 10, 2025;Jan 11, 2025;19,277.00;2,359.75;87,795.00;9,798.25;1,561.50;-;82,027.75;38,526.00;91,056.00;2,820.75;12,010.50
Jan 11, 2025;Jan 12, 2025;18,772.25;2,189.25;28,927.75;9,752.00;1,593.00;-;81,363.00;32,976.75;111,043.75;126.00;12,788.25
Jan 12, 2025;Jan 13, 2025;18,972.50;2,137.50;24,317.25;10,142.50;1,606.75;-;85,371.75;33,048.50;76,044.75;2,154.25;12,863.25
Jan 13, 2025;Jan 14, 2025;19,216.50;2,159.50;27,379.50;20,683.00;1,492.50;-;85,549.50;41,038.25;144,865.75;5,027.25;11,591.25
Jan 14, 2025;Jan 15, 2025;19,045.50;2,075.50;48,254.75;16,199.25;1,465.00;-;95,667.50;43,566.50;152,187.75;3,755.75;11,664.75
Jan 15, 2025;Jan 16, 2025;19,904.75;2,078.50;18,935.75;5,572.00;1,539.75;-;107,652.25;36,944.50;176,441.00;6,283.75;12,323.00
Jan 16, 2025;Jan 17, 2025;19,660.00;2,081.75;19,439.25;8,451.00;1,551.75;-;87,495.00;31,854.00;172,025.75;3,412.75;12,709.00
Jan 17, 2025;Jan 18, 2025;19,779.50;2,043.00;12,543.25;5,804.50;1,543.50;-;91,460.00;32,144.25;163,356.00;7,703.50;13,667.25
Jan 18, 2025;Jan 19, 2025;19,545.25;1,981.00;21,064.50;10,853.00;1,503.75;-;75,919.75;37,130.00;137,970.75;1,227.00;13,045.75
Jan 19, 2025;Jan 20, 2025;19,075.25;1,956.00;11,224.75;16,946.50;1,572.50;-;75,077.25;37,221.00;116,903.25;910.50;12,834.75
Jan 20, 2025;Jan 21, 2025;19,895.75;1,972.25;2,739.75;7,632.75;1,464.00;-;83,803.25;38,278.25;178,192.50;7,748.25;13,847.75
Jan 21, 2025;Jan 22, 2025;19,705.50;1,941.75;12,338.00;17,040.00;1,508.75;-;94,226.50;43,169.50;185,562.50;7,658.75;12,173.75
Jan 22, 2025;Jan 23, 2025;19,742.25;1,883.75;82,956.50;9,322.25;1,560.50;-;93,161.25;36,397.75;164,501.50;4,786.50;12,675.75
Jan 23, 2025;Jan 24, 2025;19,526.00;2,107.25;144,110.75;7,213.50;1,577.50;-;83,721.50;28,652.50;86,028.50;2,105.00;12,124.50
Jan 24, 2025;Jan 25, 2025;19,069.75;2,186.75;182,748.25;9,619.50;1,619.25;-;37,113.50;14,306.25;87,747.75;893.50;12,210.75
Jan 25, 2025;Jan 26, 2025;19,839.50;2,279.75;97,293.00;8,845.25;1,600.00;-;60,818.25;17,368.00;46,227.00;8,648.50;11,140.75
Jan 26, 2025;Jan 27, 2025;19,528.25;2,249.25;111,805.50;10,882.75;1,631.25;-;70,018.75;3,200.50;38,591.75;2,862.00;12,529.50
Jan 27, 2025;Jan 28, 2025;19,009.00;2,314.50;193,744.75;11,446.75;1,595.75;-;52,052.75;1,629.50;61,208.00;3,459.25;12,690.00
Jan 28, 2025;Jan 29, 2025;19,500.50;2,506.75;158,577.00;13,977.50;1,447.50;-;70,463.50;19,821.75;75,733.00;7,760.00;10,770.25
Jan 29, 2025;Jan 30, 2025;19,217.00;2,465.25;149,213.25;13,958.50;1,497.75;-;66,150.50;12,394.25;62,327.75;4,053.75;10,312.50
Jan 30, 2025;Jan 31, 2025;19,690.50;2,313.50;46,158.50;10,979.50;1,522.75;-;80,720.50;18,282.25;119,661.50;2,679.50;10,340.25
Jan 31, 2025;Feb 1, 2025;20,007.25;2,269.75;29,209.25;22,159.00;1,573.00;-;94,547.75;29,829.50;114,317.25;2,807.25;12,001.75
Feb 1, 2025;Feb 2, 2025;19,749.00;2,198.75;34,797.25;32,561.25;1,600.75;-;113,289.50;19,760.25;82,465.75;2,761.00;13,097.25
Feb 2, 2025;Feb 3, 2025;19,435.75;2,143.75;18,296.25;31,684.75;1,579.25;-;111,069.50;18,270.00;77,302.75;519.25;13,304.75
Feb 3, 2025;Feb 4, 2025;20,020.75;2,088.25;9,078.00;24,551.00;1,470.25;-;113,145.00;18,526.50;146,857.25;4,719.50;13,852.00
Feb 4, 2025;Feb 5, 2025;19,865.75;2,041.00;31,887.50;15,267.25;1,366.25;-;108,310.50;24,524.50;148,761.50;4,441.00;12,742.75
Feb 5, 2025;Feb 6, 2025;20,081.00;1,974.75;29,680.00;13,193.00;1,491.50;-;95,015.75;31,080.00;159,547.50;3,407.00;11,932.25
Feb 6, 2025;Feb 7, 2025;20,282.75;1,934.50;50,868.75;7,130.50;1,439.25;-;95,880.75;55,487.00;154,569.00;4,921.00;11,685.00
Feb 7, 2025;Feb 8, 2025;19,931.75;1,927.25;169,089.25;11,463.75;1,471.75;-;87,024.50;49,668.75;95,028.00;2,740.25;15,642.75
Feb 8, 2025;Feb 9, 2025;19,610.25;1,901.50;79,091.00;27,173.50;1,374.50;-;82,779.50;45,367.00;82,105.25;1,430.00;15,201.25
Feb 9, 2025;Feb 10, 2025;19,835.00;1,893.25;28,741.25;22,642.50;1,304.00;-;77,049.50;62,086.75;82,837.50;2,504.25;14,840.00
Feb 10, 2025;Feb 11, 2025;19,981.25;1,856.50;98,529.25;14,151.25;1,351.75;-;76,680.50;63,490.25;118,604.00;4,922.50;15,466.25
Feb 11, 2025;Feb 12, 2025;20,099.00;1,909.50;67,928.25;11,296.25;1,430.25;-;78,915.25;72,453.00;130,492.00;4,475.25;15,469.00
Feb 12, 2025;Feb 13, 2025;20,282.75;1,978.75;7,414.25;14,382.00;1,541.00;-;83,098.25;84,308.00;156,830.00;4,312.75;15,115.25
Feb 13, 2025;Feb 14, 2025;20,557.00;2,093.75;20,776.25;7,473.75;1,497.75;-;84,934.75;61,757.00;172,660.25;6,246.75;15,551.50
Feb 14, 2025;Feb 15, 2025;20,971.25;2,119.75;11,769.00;7,767.50;1,501.50;-;69,666.25;60,327.50;177,276.50;7,006.25;16,254.50
Feb 15, 2025;Feb 16, 2025;20,619.75;2,006.75;13,402.00;12,492.50;1,565.50;-;67,631.50;61,879.00;129,550.25;2,203.00;16,150.50
Feb 16, 2025;Feb 17, 2025;19,910.75;1,952.50;58,168.00;25,235.00;1,552.50;-;64,410.75;60,143.50;72,982.00;522.25;15,729.50
Feb 17, 2025;Feb 18, 2025;20,286.00;1,935.25;45,194.00;46,602.25;1,524.75;-;93,599.75;61,325.25;139,639.50;7,040.00;17,644.25
Feb 18, 2025;Feb 19, 2025;20,179.50;1,920.25;93,453.25;48,490.25;1,522.25;-;101,358.75;52,177.75;103,355.50;4,721.75;15,427.50
Feb 19, 2025;Feb 20, 2025;20,014.00;1,893.75;119,386.00;41,227.75;1,537.25;-;84,186.75;50,092.75;98,248.50;1,992.00;13,886.50
Feb 20, 2025;Feb 21, 2025;20,270.25;1,920.50;70,683.00;22,866.25;1,402.50;-;95,259.50;60,919.75;103,033.25;3,900.75;16,030.25
Feb 21, 2025;Feb 22, 2025;19,517.75;2,017.25;88,546.75;34,859.75;1,401.00;-;90,062.25;25,522.00;76,488.75;2,646.75;14,134.50
Feb 22, 2025;Feb 23, 2025;19,313.25;2,068.50;111,101.25;20,423.00;1,346.25;-;70,974.50;16,886.75;46,839.25;8,005.50;13,820.25
Feb 23, 2025;Feb 24, 2025;18,911.00;2,120.00;56,254.25;38,493.50;1,404.25;-;77,919.75;26,333.00;42,322.50;4,405.75;13,504.50
Feb 24, 2025;Feb 25, 2025;18,619.00;2,182.75;138,943.25;15,347.75;1,344.50;-;82,301.75;26,302.75;65,514.25;210.75;12,958.50
Feb 25, 2025;Feb 26, 2025;19,424.25;2,216.25;30,041.00;24,104.75;1,434.75;-;110,971.25;36,751.50;114,331.25;6,498.00;11,288.00
Feb 26, 2025;Feb 27, 2025;19,226.50;2,351.25;68,892.00;21,692.75;1,516.25;-;110,618.50;35,960.75;152,625.75;4,348.75;10,392.00
Feb 27, 2025;Feb 28, 2025;19,817.00;2,358.00;69,153.50;26,316.00;1,535.25;-;111,624.50;36,973.00;138,221.00;2,863.50;11,757.50
Feb 28, 2025;Mar 1, 2025;19,982.25;2,380.25;36,747.75;18,011.00;1,494.50;-;109,315.00;35,972.00;143,780.25;3,736.25;12,156.25
Mar 1, 2025;Mar 2, 2025;19,956.75;2,606.50;25,925.75;20,715.25;1,490.75;-;111,194.00;35,014.00;69,582.50;3,124.75;13,400.00
Mar 2, 2025;Mar 3, 2025;19,451.50;2,498.25;27,214.25;62,363.50;1,470.75;-;92,721.00;23,180.00;41,757.00;3,181.25;19,674.75
Mar 3, 2025;Mar 4, 2025;19,753.75;2,437.00;11,224.75;66,196.50;1,330.75;-;96,314.50;31,675.25;75,616.75;5,964.25;19,525.75
Mar 4, 2025;Mar 5, 2025;19,732.00;2,383.75;10,184.50;63,440.00;1,254.50;-;99,659.25;35,984.25;71,930.50;4,016.00;8,565.75
Mar 5, 2025;Mar 6, 2025;19,624.50;2,318.00;22,808.00;63,288.00;1,239.75;-;92,082.75;20,295.50;90,261.00;5,189.50;8,376.50
Mar 6, 2025;Mar 7, 2025;19,972.00;2,288.75;50,414.00;62,981.00;1,159.50;-;93,826.50;21,655.25;70,563.00;7,195.25;8,482.25
Mar 7, 2025;Mar 8, 2025;19,949.25;2,274.00;35,340.75;61,326.25;1,239.00;-;90,180.50;28,087.25;82,195.25;7,731.25;8,224.00
Mar 8, 2025;Mar 9, 2025;19,362.50;2,264.00;39,537.00;63,577.00;1,252.75;-;71,943.00;12,566.25;47,748.00;4,072.00;8,502.25
Mar 9, 2025;Mar 10, 2025;19,014.50;2,242.00;32,595.00;64,107.25;1,265.25;-;70,421.50;10,125.50;38,234.25;5,365.00;8,505.00
Mar 10, 2025;Mar 11, 2025;19,319.50;2,287.25;27,701.00;44,103.75;1,209.25;-;70,877.75;23,728.75;107,100.25;5,122.75;8,869.50
Mar 11, 2025;Mar 12, 2025;19,701.75;2,295.75;21,198.00;25,634.50;1,223.25;-;86,398.75;39,798.75;132,073.50;7,608.75;8,334.75
Mar 12, 2025;Mar 13, 2025;19,861.75;2,327.25;14,279.25;20,864.50;1,280.00;-;106,342.50;41,185.75;133,506.50;4,510.75;8,286.25
Mar 13, 2025;Mar 14, 2025;19,301.25;2,393.50;15,061.25;23,702.75;1,269.25;-;117,219.75;39,681.75;130,033.75;6,262.75;11,351.75
Mar 14, 2025;Mar 15, 2025;18,992.25;2,439.50;21,489.50;28,865.00;1,284.50;-;117,845.25;41,425.50;121,812.50;5,293.75;16,303.25
Mar 15, 2025;Mar 16, 2025;18,504.25;2,406.25;101,920.50;39,198.50;1,303.00;-;122,288.75;33,291.75;42,679.75;4,907.75;16,947.50
Mar 16, 2025;Mar 17, 2025;18,528.00;2,394.50;58,865.00;61,292.25;1,302.25;-;109,937.50;28,974.25;44,140.50;5,415.00;13,495.25
Mar 17, 2025;Mar 18, 2025;18,826.00;2,373.00;75,824.25;55,066.00;1,238.00;-;107,660.75;31,434.00;65,456.25;5,554.75;12,781.00
Mar 18, 2025;Mar 19, 2025;18,850.50;2,302.50;93,276.75;77,804.75;1,264.75;-;101,795.50;36,205.75;65,574.50;4,388.00;13,374.25
Mar 19, 2025;Mar 20, 2025;19,044.50;2,260.00;30,598.25;75,357.50;1,248.25;-;115,565.75;35,813.75;88,595.50;6,152.75;11,817.00
Mar 20, 2025;Mar 21, 2025;18,854.50;2,237.50;27,541.00;71,099.50;1,193.75;-;122,652.50;35,166.50;94,921.00;5,459.75;13,253.50
Mar 21, 2025;Mar 22, 2025;18,379.25;2,225.00;89,040.00;62,822.75;1,135.75;-;84,445.00;28,427.75;50,091.00;6,898.50;13,096.25
Mar 22, 2025;Mar 23, 2025;17,685.75;2,272.25;82,126.00;53,719.00;1,213.75;-;58,455.75;12,624.00;65,047.25;4,406.50;14,436.50
Mar 23, 2025;Mar 24, 2025;18,351.25;2,335.50;21,051.75;32,172.00;1,199.25;-;73,913.00;21,139.00;53,584.50;5,159.00;14,570.50
Mar 24, 2025;Mar 25, 2025;18,876.25;2,537.75;17,712.00;41,527.25;1,038.00;-;136,067.00;55,712.00;104,953.75;9,265.25;15,440.00
Mar 25, 2025;Mar 26, 2025;18,759.25;2,601.25;24,524.75;43,402.75;1,146.25;-;127,123.25;50,312.50;62,898.25;4,041.50;14,749.75
Mar 26, 2025;Mar 27, 2025;18,937.50;2,605.50;27,384.00;19,121.00;1,189.75;-;133,402.25;56,956.50;103,394.00;3,908.75;13,042.75
Mar 27, 2025;Mar 28, 2025;18,778.50;2,562.25;9,663.00;70,214.75;1,223.50;-;122,956.25;48,879.50;66,214.75;4,998.75;13,736.25
Mar 28, 2025;Mar 29, 2025;18,751.50;2,472.75;24,997.00;75,647.25;1,261.25;-;113,758.00;40,358.00;61,252.00;6,495.25;16,393.25
Mar 29, 2025;Mar 30, 2025;18,377.50;2,436.00;60,729.50;59,681.50;1,228.00;-;94,584.25;31,608.75;34,710.00;7,228.00;15,798.00
Mar 30, 2025;Mar 31, 2025;17,038.25;2,342.25;145,906.75;35,274.25;1,159.00;-;48,441.25;4,379.50;27,283.75;2,065.00;13,350.75
Mar 31, 2025;Apr 1, 2025;18,553.50;2,440.25;67,604.00;47,415.25;1,195.00;-;111,602.50;38,341.50;47,806.00;8,149.50;16,377.00
Apr 1, 2025;Apr 2, 2025;18,447.00;2,409.75;101,992.50;61,174.25;1,089.00;-;106,506.25;37,093.75;43,305.50;5,661.75;17,460.75
Apr 2, 2025;Apr 3, 2025;18,172.00;2,322.00;152,500.25;77,698.00;1,111.50;-;71,468.25;22,319.75;30,114.50;5,973.25;17,642.00
Apr 3, 2025;Apr 4, 2025;18,285.25;2,270.25;94,269.50;83,132.00;1,060.00;-;83,834.50;29,957.50;36,007.75;7,046.50;17,961.50
Apr 4, 2025;Apr 5, 2025;18,694.75;2,220.75;37,450.00;84,583.00;1,080.25;-;106,776.00;37,440.75;41,743.75;8,438.25;15,883.75
Apr 5, 2025;Apr 6, 2025;17,877.50;2,216.50;61,354.25;80,860.25;1,133.25;-;51,272.75;4,802.00;25,025.75;5,730.25;13,959.75
Apr 6, 2025;Apr 7, 2025;17,751.25;2,231.50;89,210.75;91,550.50;1,158.75;-;41,774.00;12,593.25;27,249.25;4,488.00;14,740.75
Apr 7, 2025;Apr 8, 2025;18,560.25;2,124.00;37,651.00;90,605.25;1,112.50;-;81,181.00;43,229.00;71,206.00;5,932.75;15,418.50
Apr 8, 2025;Apr 9, 2025;18,728.50;2,023.50;22,548.75;87,931.50;1,154.50;-;86,462.75;47,337.50;92,571.75;6,730.75;13,546.25
Apr 9, 2025;Apr 10, 2025;18,463.50;1,994.50;30,491.50;81,014.50;1,162.50;-;80,730.25;46,149.75;80,634.75;4,709.00;12,032.75
Apr 10, 2025;Apr 11, 2025;18,463.75;1,977.25;26,755.50;59,383.00;1,212.50;-;83,265.25;50,977.50;75,426.00;7,393.25;13,209.75
Apr 11, 2025;Apr 12, 2025;18,453.50;1,964.00;25,617.75;83,461.75;1,156.75;-;68,776.50;37,180.75;77,061.50;8,773.50;14,623.50
Apr 12, 2025;Apr 13, 2025;18,229.75;1,958.25;53,008.75;88,921.25;1,100.50;-;54,282.25;12,870.25;52,597.75;10,085.25;16,525.75
Apr 13, 2025;Apr 14, 2025;17,577.50;2,048.75;103,652.75;38,027.25;1,071.50;-;44,645.00;7,688.75;32,537.50;2,459.00;16,328.50
Apr 14, 2025;Apr 15, 2025;18,598.00;2,177.25;27,457.50;70,834.00;1,103.00;-;94,819.00;41,215.75;65,297.75;9,461.75;17,668.50
Apr 15, 2025;Apr 16, 2025;18,409.75;2,172.75;52,828.75;47,105.75;1,079.50;-;86,947.75;27,831.25;55,669.50;4,794.25;15,624.25
Apr 16, 2025;Apr 17, 2025;18,298.75;2,181.00;36,964.75;33,669.50;1,117.25;-;103,648.25;36,771.50;57,995.50;5,175.25;13,761.75
Apr 17, 2025;Apr 18, 2025;18,455.25;2,220.75;83,013.75;14,504.25;1,115.25;-;107,980.00;36,971.50;75,250.00;5,552.00;15,733.00
Apr 18, 2025;Apr 19, 2025;18,110.25;2,366.00;30,676.75;28,939.25;1,158.50;-;106,075.75;18,023.00;37,697.50;4,045.25;15,625.50
Apr 19, 2025;Apr 20, 2025;17,980.25;2,205.00;12,037.50;87,950.50;1,168.50;-;62,853.50;6,852.75;32,945.25;7,218.50;14,391.00
Apr 20, 2025;Apr 21, 2025;17,538.25;2,149.25;28,643.25;74,347.25;1,148.50;-;51,397.75;525.75;29,960.75;8,413.25;16,692.25
Apr 21, 2025;Apr 22, 2025;17,815.75;2,232.75;21,519.25;51,495.00;1,136.75;-;74,948.50;4,537.00;40,758.50;136.00;18,454.75
Apr 22, 2025;Apr 23, 2025;18,209.75;2,137.75;16,549.50;53,377.50;1,083.50;-;102,480.50;37,518.25;72,537.75;7,873.25;16,906.50
Apr 23, 2025;Apr 24, 2025;18,395.75;2,079.50;14,143.75;44,098.25;1,137.00;-;98,983.75;40,111.50;101,897.50;2,983.00;16,136.00
Apr 24, 2025;Apr 25, 2025;18,546.50;2,671.25;25,189.50;23,546.25;1,179.50;-;97,592.25;41,447.25;69,211.50;5,573.50;14,035.50
Apr 25, 2025;Apr 26, 2025;18,787.75;3,070.00;26,496.50;43,453.75;1,181.50;-;79,384.25;27,544.25;58,085.50;3,889.50;14,192.25
Apr 26, 2025;Apr 27, 2025;18,002.25;2,956.50;44,767.25;80,553.75;1,190.75;-;54,636.25;5,794.50;32,722.25;6,821.50;14,389.75
Apr 27, 2025;Apr 28, 2025;17,361.25;2,736.25;34,950.25;93,340.25;1,152.25;-;54,694.25;8,423.25;25,405.25;3,657.75;13,479.25
Apr 28, 2025;Apr 29, 2025;17,686.50;2,536.25;10,149.50;96,128.75;1,116.50;-;103,378.00;36,571.00;68,767.75;6,957.75;17,604.50
Apr 29, 2025;Apr 30, 2025;17,535.75;2,462.50;19,142.00;95,934.50;1,085.25;-;105,973.00;41,227.50;71,542.75;5,392.50;14,823.75
Apr 30, 2025;May 1, 2025;17,510.75;2,359.75;17,538.50;94,916.50;1,085.75;-;105,099.25;22,619.50;74,472.75;7,245.75;14,152.50
May 1, 2025;May 2, 2025;16,756.25;2,282.25;10,927.50;96,860.25;967.00;-;64,469.00;5,649.50;40,017.00;8,123.25;15,216.25
May 2, 2025;May 3, 2025;16,749.75;2,189.00;28,537.00;86,043.50;1,001.00;-;46,992.75;402.00;32,720.75;7,353.75;14,112.75
May 3, 2025;May 4, 2025;16,734.25;2,322.50;59,635.75;58,964.50;1,031.50;-;44,267.75;468.75;30,857.25;7,171.25;15,100.75
May 4, 2025;May 5, 2025;16,628.50;2,918.50;48,169.50;49,757.00;1,032.00;-;39,587.75;3,398.50;22,282.50;4,933.00;16,530.75
May 5, 2025;May 6, 2025;17,192.75;2,985.25;63,363.00;57,220.50;998.75;-;85,581.00;15,634.00;30,197.00;3,900.50;15,763.50
May 6, 2025;May 7, 2025;17,384.00;2,726.00;63,641.00;73,633.00;1,043.25;-;72,934.75;17,877.00;45,184.25;6,696.50;14,453.25
May 7, 2025;May 8, 2025;17,511.75;2,508.00;38,281.25;67,785.50;1,092.50;-;90,506.75;19,225.00;60,834.25;6,056.50;15,841.00
May 8, 2025;May 9, 2025;17,811.50;2,379.75;56,264.25;79,096.75;1,141.75;-;101,665.50;20,068.00;64,749.00;6,729.00;14,435.25
May 9, 2025;May 10, 2025;17,592.00;2,205.75;49,045.25;97,084.50;1,145.00;-;88,487.50;17,922.75;61,701.50;7,021.75;14,784.25
May 10, 2025;May 11, 2025;17,001.00;2,059.25;30,948.00;103,460.00;1,097.50;-;57,943.25;5,620.00;31,855.25;6,010.75;15,244.25
May 11, 2025;May 12, 2025;16,188.50;1,969.00;51,850.00;102,229.25;1,051.00;-;41,939.50;482.00;21,823.25;5,617.25;14,986.50
May 12, 2025;May 13, 2025;16,679.75;1,936.75;62,738.25;99,668.75;1,001.75;-;58,777.75;6,013.50;48,739.25;3,866.50;16,449.75
May 13, 2025;May 14, 2025;17,127.50;1,881.50;39,111.25;101,531.00;1,012.25;-;90,556.00;16,210.50;61,903.75;6,479.50;15,830.75
May 14, 2025;May 15, 2025;16,802.50;1,806.00;31,361.25;98,305.00;1,029.25;-;74,308.00;15,748.00;46,978.50;2,510.75;12,287.00
May 15, 2025;May 16, 2025;17,056.50;1,765.50;49,946.25;91,992.75;1,028.50;-;66,793.75;15,882.50;48,615.75;6,154.50;10,890.75
May 16, 2025;May 17, 2025;17,090.75;1,736.50;42,654.00;94,954.50;1,073.75;-;60,395.25;17,280.50;48,340.00;6,540.75;11,088.25
May 17, 2025;May 18, 2025;16,576.75;1,721.00;33,685.25;71,201.50;1,032.50;-;45,583.75;1,539.00;34,076.00;7,856.25;12,725.75
May 18, 2025;May 19, 2025;16,746.00;1,802.25;22,912.25;66,858.00;1,029.00;-;54,109.75;4,975.50;35,958.25;4,014.75;14,657.75
May 19, 2025;May 20, 2025;17,268.50;1,778.50;17,805.25;98,943.25;994.25;-;91,988.50;16,186.75;69,409.50;6,537.50;15,309.50
May 20, 2025;May 21, 2025;16,629.00;1,747.00;23,000.50;83,168.25;1,012.50;-;83,197.75;19,075.50;87,784.50;6,925.75;11,790.75
May 21, 2025;May 22, 2025;16,644.50;1,780.50;36,875.50;71,081.50;1,022.75;-;81,823.25;19,241.00;72,274.75;5,287.50;12,810.50
May 22, 2025;May 23, 2025;16,645.75;1,915.50;74,271.50;67,598.75;1,037.00;-;64,583.25;15,633.00;78,509.25;4,374.00;13,942.00
May 23, 2025;May 24, 2025;16,807.50;2,002.50;62,736.50;68,166.25;1,052.75;-;60,136.25;16,149.00;45,294.50;1,008.25;13,818.75
May 24, 2025;May 25, 2025;16,364.00;2,022.75;88,623.00;59,078.00;1,038.25;-;34,561.75;4,615.75;17,815.25;10,258.75;12,609.25
May 25, 2025;May 26, 2025;15,895.25;2,100.75;116,140.00;41,757.25;965.00;-;38,784.75;397.25;20,988.25;4,894.00;13,960.00
May 26, 2025;May 27, 2025;17,088.50;2,279.25;76,469.75;68,253.75;958.00;-;47,435.50;6,261.50;40,481.50;7,411.75;14,711.00
May 27, 2025;May 28, 2025;16,974.50;2,265.00;138,587.00;47,605.75;937.25;-;46,278.00;12,144.75;54,404.50;4,893.25;13,628.00
May 28, 2025;May 29, 2025;16,991.75;2,432.75;154,665.00;45,865.75;979.25;-;59,017.75;13,582.00;37,546.25;7,970.50;10,902.50
May 29, 2025;May 30, 2025;16,984.75;2,789.25;51,334.50;51,321.00;1,015.75;-;47,675.75;844.50;25,317.50;7,181.00;12,182.50
May 30, 2025;May 31, 2025;16,344.00;2,529.00;46,848.50;91,637.75;982.00;-;42,813.50;316.25;32,487.50;7,347.50;12,783.25
May 31, 2025;Jun 1, 2025;16,424.50;2,370.75;16,984.25;81,268.00;892.25;-;50,076.25;350.75;40,632.50;9,595.25;14,166.50
Jun 1, 2025;Jun 2, 2025;15,798.50;2,507.00;58,032.25;67,341.50;865.50;-;36,923.00;365.50;22,527.50;3,311.50;13,333.25
Jun 2, 2025;Jun 3, 2025;17,459.00;2,561.50;24,867.00;63,487.50;856.00;-;87,107.25;536.50;57,011.75;10,114.75;13,746.50
Jun 3, 2025;Jun 4, 2025;17,624.25;2,470.50;45,612.75;81,795.50;883.00;-;56,888.75;13,131.25;67,996.50;6,155.75;13,357.50
Jun 4, 2025;Jun 5, 2025;17,342.50;2,298.50;55,992.75;54,086.50;892.50;-;64,285.75;22,204.75;35,359.25;4,420.75;11,470.25
Jun 5, 2025;Jun 6, 2025;17,550.25;2,509.25;102,962.25;49,235.25;923.50;-;68,510.75;27,503.75;30,633.00;7,194.00;12,216.25
Jun 6, 2025;Jun 7, 2025;16,793.75;2,783.00;130,788.75;67,488.00;914.75;-;37,836.00;11,568.50;25,125.00;7,785.75;13,210.75
Jun 7, 2025;Jun 8, 2025;16,980.25;2,880.25;101,640.00;50,423.25;944.75;-;49,992.50;5,489.00;18,231.25;7,668.25;12,620.25
Jun 8, 2025;Jun 9, 2025;16,053.50;3,183.50;141,813.50;60,259.25;896.25;-;27,947.75;896.50;11,726.75;4,688.50;13,294.00
Jun 9, 2025;Jun 10, 2025;16,678.00;3,099.25;37,436.25;80,681.50;887.00;-;33,777.50;558.50;19,575.75;13,349.25;13,491.25
Jun 10, 2025;Jun 11, 2025;16,915.50;2,802.00;107,332.50;62,173.00;857.50;-;37,128.50;6,434.75;33,917.00;4,371.50;13,957.75
Jun 11, 2025;Jun 12, 2025;17,634.50;2,657.00;22,778.00;99,029.50;847.25;-;49,713.75;17,516.00;45,602.00;10,113.25;10,360.75
Jun 12, 2025;Jun 13, 2025;17,269.00;2,366.25;81,684.00;105,577.25;855.50;-;52,074.50;19,402.50;33,144.00;7,915.50;11,421.50
Jun 13, 2025;Jun 14, 2025;16,353.25;2,385.50;51,813.25;102,616.25;744.00;-;55,562.25;16,133.25;46,089.00;10,243.75;11,854.25
Jun 14, 2025;Jun 15, 2025;15,623.00;2,426.00;43,607.75;88,922.75;701.25;-;38,557.50;3,110.50;30,741.50;7,089.50;13,292.75
Jun 15, 2025;Jun 16, 2025;16,005.75;2,563.00;28,875.75;54,195.25;727.25;-;47,079.50;7,310.75;18,113.50;1,884.00;10,944.75
Jun 16, 2025;Jun 17, 2025;16,770.75;2,888.00;14,748.25;78,984.00;784.75;-;71,019.50;27,752.00;27,709.50;7,850.25;11,708.50
Jun 17, 2025;Jun 18, 2025;16,856.75;2,395.50;3,513.75;100,929.75;771.25;-;84,932.00;34,001.25;41,048.75;6,759.00;12,782.00
Jun 18, 2025;Jun 19, 2025;16,792.50;2,348.25;11,173.50;99,348.50;774.00;-;82,887.50;36,244.25;49,879.25;7,475.75;12,683.00
Jun 19, 2025;Jun 20, 2025;16,427.75;2,058.50;26,803.50;104,890.00;809.50;-;55,928.75;23,470.75;22,397.75;5,545.75;12,134.75
Jun 20, 2025;Jun 21, 2025;16,580.50;1,898.50;32,416.75;112,612.50;840.25;-;54,933.75;30,789.75;28,954.50;7,089.50;13,988.25
Jun 21, 2025;Jun 22, 2025;15,836.00;1,850.50;27,067.25;106,906.00;832.75;-;52,417.00;28,225.00;26,350.75;7,049.50;13,419.25
Jun 22, 2025;Jun 23, 2025;15,313.50;1,782.75;50,253.50;94,985.50;720.25;-;41,632.25;2,869.50;15,899.50;6,510.75;13,374.25
Jun 23, 2025;Jun 24, 2025;15,271.00;1,840.00;120,961.00;69,707.75;748.00;-;39,753.00;13,749.50;35,258.75;4,673.00;13,712.75
Jun 24, 2025;Jun 25, 2025;15,734.00;1,960.75;98,895.50;81,645.50;798.50;-;54,476.25;22,639.75;45,111.50;3,847.00;14,210.25
Jun 25, 2025;Jun 26, 2025;16,170.50;1,891.25;51,481.75;94,773.75;799.00;-;90,149.00;26,626.75;52,526.00;5,192.25;13,289.00
Jun 26, 2025;Jun 27, 2025;15,944.75;1,996.25;97,654.00;57,234.75;856.50;-;72,913.75;35,375.25;43,029.50;2,588.75;11,848.00
Jun 27, 2025;Jun 28, 2025;16,225.50;2,284.25;53,676.00;52,596.50;903.25;-;83,469.75;29,492.00;38,718.00;3,759.75;12,945.00
Jun 28, 2025;Jun 29, 2025;15,878.75;2,154.75;47,511.75;88,875.50;857.75;-;43,839.75;7,282.50;22,386.75;6,106.50;13,073.00
Jun 29, 2025;Jun 30, 2025;15,507.25;1,976.25;26,519.00;98,550.50;824.25;-;52,430.50;9,219.25;22,043.25;3,035.25;12,654.00
Jun 30, 2025;Jul 1, 2025;15,939.25;1,888.50;27,778.50;106,117.50;776.00;-;99,253.75;33,361.50;63,867.25;6,726.25;12,608.50
Jul 1, 2025;Jul 2, 2025;15,051.25;1,805.00;15,631.50;97,921.75;580.25;-;102,416.50;45,375.00;85,495.75;5,302.25;12,532.75
Jul 2, 2025;Jul 3, 2025;15,011.75;1,788.75;38,894.25;87,329.75;547.50;-;96,917.75;41,260.50;85,441.50;3,967.75;12,655.25
Jul 3, 2025;Jul 4, 2025;16,100.00;1,996.25;40,284.00;85,415.00;661.75;-;69,763.50;31,065.75;57,820.50;7,154.00;11,926.00
Jul 4, 2025;Jul 5, 2025;16,083.75;2,025.75;13,862.25;95,350.25;777.50;-;84,530.75;33,976.50;74,011.00;7,146.00;12,740.00
Jul 5, 2025;Jul 6, 2025;15,692.50;1,926.50;53,194.00;79,565.00;792.25;-;67,932.75;17,947.00;27,582.75;6,186.75;11,546.25
Jul 6, 2025;Jul 7, 2025;16,060.00;1,808.75;67,418.25;35,623.75;807.75;-;64,902.00;16,281.50;28,199.50;6,881.75;11,310.50
Jul 7, 2025;Jul 8, 2025;16,308.50;1,914.25;52,063.75;49,625.50;818.50;-;96,317.25;39,827.00;56,791.75;3,105.50;11,001.50
Jul 8, 2025;Jul 9, 2025;16,448.50;2,401.75;49,086.75;60,930.50;858.00;-;98,704.00;29,899.50;35,494.00;5,198.25;10,208.75
Jul 9, 2025;Jul 10, 2025;16,713.75;2,535.75;24,854.25;63,657.25;874.25;-;110,600.25;29,770.00;45,114.50;5,381.50;10,416.75
Jul 10, 2025;Jul 11, 2025;16,879.00;2,355.50;9,949.75;84,004.00;879.75;-;106,844.75;29,657.75;49,394.75;4,619.50;13,326.50
Jul 11, 2025;Jul 12, 2025;16,779.00;2,104.75;22,657.50;69,769.75;880.75;-;86,605.25;29,000.50;50,944.25;5,252.25;13,500.50
Jul 12, 2025;Jul 13, 2025;16,488.75;2,017.25;24,678.50;79,731.25;883.50;-;49,702.75;19,312.25;27,295.75;6,304.25;13,207.25
Jul 13, 2025;Jul 14, 2025;16,151.25;1,800.75;7,624.75;77,010.00;840.25;-;65,521.50;18,017.25;27,005.25;5,475.50;13,300.25
Jul 14, 2025;Jul 15, 2025;16,394.75;1,940.75;32,545.25;55,686.25;849.50;-;114,130.75;33,929.00;40,549.25;5,766.50;14,317.25
Jul 15, 2025;Jul 16, 2025;16,562.50;2,187.25;49,074.75;69,983.50;895.75;-;111,545.00;39,390.50;36,298.00;2,203.00;13,531.50
Jul 16, 2025;Jul 17, 2025;16,987.00;2,253.00;77,320.50;49,709.00;902.00;-;113,426.25;46,598.00;44,011.00;5,463.00;14,603.00
Jul 17, 2025;Jul 18, 2025;16,832.00;2,475.50;26,513.75;69,598.25;928.00;-;118,057.50;43,147.75;51,436.50;3,673.50;13,912.75
Jul 18, 2025;Jul 19, 2025;17,328.75;2,395.75;2,345.75;81,818.25;906.50;-;123,639.50;44,457.75;68,726.75;5,568.00;12,751.50
Jul 19, 2025;Jul 20, 2025;16,583.50;2,241.75;43,014.00;79,212.00;848.25;-;82,397.00;23,303.75;33,082.75;6,338.50;14,257.50
Jul 20, 2025;Jul 21, 2025;16,294.75;2,302.75;26,303.00;68,060.50;813.50;-;77,103.00;10,871.25;23,288.00;1,847.00;14,661.25
Jul 21, 2025;Jul 22, 2025;16,487.25;3,097.50;49,233.25;51,465.50;793.50;-;125,251.75;34,383.50;50,654.50;6,620.00;13,690.00
Jul 22, 2025;Jul 23, 2025;16,482.75;3,527.25;85,303.50;56,240.50;872.25;-;105,189.75;28,053.75;25,294.25;4,538.75;14,430.00
Jul 23, 2025;Jul 24, 2025;16,408.50;3,640.25;50,320.00;63,765.50;909.00;-;103,186.75;32,950.50;37,242.75;2,567.50;12,526.25
Jul 24, 2025;Jul 25, 2025;16,413.00;3,549.25;4,654.25;56,795.50;943.50;-;128,868.75;47,813.75;82,240.00;3,900.25;13,011.50
Jul 25, 2025;Jul 26, 2025;17,254.25;3,496.25;14,082.75;58,154.75;937.00;-;108,648.25;31,077.75;63,637.25;3,574.50;14,505.50
Jul 26, 2025;Jul 27, 2025;17,007.00;3,484.25;9,370.75;64,834.00;942.75;-;84,479.25;31,972.75;41,546.25;3,687.00;14,211.00
Jul 27, 2025;Jul 28, 2025;16,833.00;3,549.00;20,121.25;48,684.50;931.25;-;72,551.50;4,486.25;24,095.75;4,461.75;16,333.00
Jul 28, 2025;Jul 29, 2025;16,741.50;3,899.50;50,977.25;52,817.50;889.00;-;75,579.75;1,159.25;27,304.00;2,982.25;16,564.00
Jul 29, 2025;Jul 30, 2025;16,944.00;4,034.25;34,154.50;59,120.50;883.00;-;61,924.50;1,370.50;23,299.25;9,855.75;15,836.50
Jul 30, 2025;Jul 31, 2025;16,721.00;3,936.75;38,260.50;58,203.50;920.25;-;84,121.50;1,350.50;31,311.00;6,198.00;14,094.00
Jul 31, 2025;Aug 1, 2025;16,837.50;3,819.50;64,790.00;46,145.25;868.50;-;83,050.00;1,267.25;27,115.50;5,217.50;15,183.25
Aug 1, 2025;Aug 2, 2025;16,982.25;3,733.25;42,021.50;56,547.50;1,100.00;-;75,441.00;1,169.25;38,233.50;5,949.75;14,513.50
Aug 2, 2025;Aug 3, 2025;16,946.50;3,806.50;43,836.75;50,144.25;1,183.00;-;54,462.75;1,218.75;20,801.50;7,456.50;15,938.50
Aug 3, 2025;Aug 4, 2025;16,986.50;4,170.25;60,464.00;57,844.00;1,176.00;-;36,581.75;708.75;19,502.75;2,382.25;15,828.75
Aug 4, 2025;Aug 5, 2025;16,898.75;4,090.25;80,623.25;56,857.25;1,181.00;-;41,117.50;513.50;36,606.00;8,841.75;15,100.25
Aug 5, 2025;Aug 6, 2025;16,791.50;4,003.25;88,298.75;68,935.50;1,171.50;-;34,163.75;697.25;30,240.50;8,467.00;15,321.00
Aug 6, 2025;Aug 7, 2025;16,835.00;3,670.75;29,094.75;83,149.25;951.00;-;41,796.50;618.25;35,688.75;5,844.75;11,878.25
Aug 7, 2025;Aug 8, 2025;16,808.75;3,235.50;23,046.25;88,350.00;906.25;-;66,295.00;6,463.50;40,617.75;4,226.75;12,677.25
Aug 8, 2025;Aug 9, 2025;16,794.00;2,755.50;28,967.50;78,975.00;1,046.00;-;75,840.50;14,901.75;37,650.25;5,112.25;13,320.00
Aug 9, 2025;Aug 10, 2025;16,692.50;2,327.50;24,923.25;86,883.75;1,099.25;-;68,703.25;4,507.75;29,673.00;6,026.75;12,923.00
Aug 10, 2025;Aug 11, 2025;16,707.75;2,198.25;21,898.75;91,249.75;1,221.75;-;63,367.00;312.25;20,504.50;3,878.00;12,582.50
Aug 11, 2025;Aug 12, 2025;16,642.50;2,199.25;33,873.25;102,019.75;1,195.00;-;82,024.00;9,642.25;55,406.00;5,364.25;14,068.25
Aug 12, 2025;Aug 13, 2025;16,517.75;2,100.75;36,616.75;91,209.25;1,176.00;-;95,885.25;28,281.75;71,987.00;4,471.50;13,652.25
Aug 13, 2025;Aug 14, 2025;16,313.75;1,976.50;11,004.50;91,550.00;1,173.00;-;92,464.75;34,639.25;66,216.00;4,448.75;13,584.50
Aug 14, 2025;Aug 15, 2025;16,238.50;1,879.75;6,519.25;79,296.25;1,008.50;-;98,310.25;46,148.25;75,503.50;4,368.75;12,458.50
Aug 15, 2025;Aug 16, 2025;16,439.50;1,735.25;29,712.75;87,645.25;977.00;-;84,568.75;26,651.25;36,706.00;4,526.00;13,385.75
Aug 16, 2025;Aug 17, 2025;16,655.50;1,782.50;41,529.50;47,241.00;1,143.25;-;72,253.25;1,803.75;16,749.50;5,932.50;14,682.75
Aug 17, 2025;Aug 18, 2025;16,904.25;1,900.25;22,849.50;64,024.75;1,125.00;-;73,098.25;11,369.75;25,483.25;3,431.75;14,458.00
Aug 18, 2025;Aug 19, 2025;16,858.75;1,807.75;23,937.25;97,112.75;1,201.00;-;96,287.50;36,920.25;60,025.50;6,146.75;14,229.50
Aug 19, 2025;Aug 20, 2025;16,732.75;1,785.00;22,184.25;94,792.00;1,069.00;-;90,606.50;34,506.25;60,243.75;6,922.75;12,628.00
Aug 20, 2025;Aug 21, 2025;16,738.50;1,747.50;23,082.25;64,980.25;1,005.25;-;104,624.25;41,926.75;55,254.50;3,429.00;14,107.75
Aug 21, 2025;Aug 22, 2025;16,879.75;2,098.25;57,794.25;68,016.75;942.00;-;101,139.25;34,047.75;46,778.25;3,080.00;14,702.25
Aug 22, 2025;Aug 23, 2025;17,000.00;2,799.00;31,238.00;50,394.75;929.50;-;93,034.25;21,583.50;22,707.75;6,697.25;14,104.50
Aug 23, 2025;Aug 24, 2025;17,014.75;2,699.50;23,188.75;49,423.25;942.25;-;72,738.75;2,272.75;15,339.50;5,534.25;13,909.25
Aug 24, 2025;Aug 25, 2025;17,060.25;2,389.00;5,837.75;73,753.75;951.00;-;72,740.75;5,965.00;20,447.75;7,062.25;13,468.50
Aug 25, 2025;Aug 26, 2025;16,950.00;2,152.50;4,920.75;87,985.75;954.50;-;92,664.75;24,947.00;50,651.50;5,988.75;14,504.50
Aug 26, 2025;Aug 27, 2025;16,846.25;1,999.75;27,349.50;82,765.75;834.00;-;101,310.00;39,979.75;79,194.00;6,353.00;14,621.25
Aug 27, 2025;Aug 28, 2025;16,734.75;1,951.50;37,554.00;58,830.25;916.00;-;101,374.25;30,223.75;73,805.50;5,793.25;13,597.25
Aug 28, 2025;Aug 29, 2025;16,708.00;2,144.50;28,116.00;33,670.75;959.50;-;117,564.75;34,049.75;104,250.50;4,622.75;13,683.00
Aug 29, 2025;Aug 30, 2025;16,883.75;3,168.75;64,431.25;67,491.00;918.00;-;103,904.75;26,977.00;62,445.75;3,206.75;14,320.25
Aug 30, 2025;Aug 31, 2025;16,973.00;3,096.25;62,275.25;61,515.25;896.25;-;77,483.00;1,436.50;25,371.75;6,509.75;14,602.25
Aug 31, 2025;Sep 1, 2025;16,949.75;2,456.50;60,742.50;52,555.25;856.25;-;64,662.75;4,178.25;20,948.00;3,122.25;14,512.25
Sep 1, 2025;Sep 2, 2025;16,460.57;2,181.50;36,770.71;42,534.96;1,011.83;-;109,020.50;21,626.50;65,136.50;6,556.25;14,677.50
Sep 2, 2025;Sep 3, 2025;16,611.05;2,358.25;60,439.33;60,400.56;1,021.91;-;96,272.00;28,055.75;79,556.50;6,504.50;14,721.00
Sep 3, 2025;Sep 4, 2025;15,969.44;2,266.50;138,973.92;46,724.42;979.30;-;68,952.00;18,409.00;42,704.75;2,625.50;13,126.25
Sep 4, 2025;Sep 5, 2025;16,264.55;2,204.50;79,165.42;48,908.68;1,014.12;-;68,142.00;18,004.50;58,372.75;6,944.25;14,029.00
Sep 5, 2025;Sep 6, 2025;17,065.45;2,555.50;38,192.45;51,664.14;1,003.52;-;104,730.00;24,357.50;70,873.75;5,004.00;11,834.75
Sep 6, 2025;Sep 7, 2025;17,054.95;2,400.75;25,707.65;81,680.62;980.57;-;79,193.00;15,208.25;38,155.25;5,860.50;13,673.25
Sep 7, 2025;Sep 8, 2025;16,527.55;2,179.50;84,568.05;80,141.34;960.96;-;50,204.75;0.00;23,951.25;785.50;15,669.75
Sep 8, 2025;Sep 9, 2025;17,347.57;2,087.00;25,948.08;32,635.92;947.01;-;105,191.00;19,996.75;88,322.50;7,686.25;14,560.25
Sep 9, 2025;Sep 10, 2025;17,475.08;2,167.50;24,663.07;16,362.14;964.10;-;118,730.50;39,136.75;118,485.50;7,266.25;13,422.75
Sep 10, 2025;Sep 11, 2025;17,427.93;2,389.00;20,490.72;46,115.83;978.66;-;120,720.25;33,328.50;108,258.00;8,449.75;12,385.25
Sep 11, 2025;Sep 12, 2025;16,977.91;2,369.00;131,601.47;47,015.62;975.24;-;80,633.25;8,155.25;61,001.00;7,034.00;14,151.75
Sep 12, 2025;Sep 13, 2025;17,189.60;2,308.75;114,172.80;52,645.13;989.61;-;43,679.50;8,419.50;59,538.00;8,175.25;15,443.75
Sep 13, 2025;Sep 14, 2025;16,868.60;2,082.50;95,218.00;50,285.88;1,006.86;-;33,185.50;9,567.00;30,284.00;6,753.75;16,287.75
Sep 14, 2025;Sep 15, 2025;16,832.74;2,451.25;64,166.73;61,053.85;1,032.72;-;46,813.00;0.00;31,172.75;8,777.25;15,022.50
Sep 15, 2025;Sep 16, 2025;15,996.82;2,266.25;204,681.68;56,571.49;1,018.37;-;25,891.75;2,625.25;20,656.00;7,076.25;15,583.50
Sep 16, 2025;Sep 17, 2025;16,024.08;2,579.25;185,894.47;42,090.50;1,034.69;-;29,868.50;10,050.50;18,402.00;5,132.75;13,542.50
Sep 17, 2025;Sep 18, 2025;16,945.47;2,392.25;92,857.50;36,789.11;1,079.57;-;64,272.00;10,956.00;45,770.50;6,023.00;14,407.25
Sep 18, 2025;Sep 19, 2025;16,649.52;2,129.00;96,069.60;52,787.47;1,073.76;-;53,764.75;11,174.00;53,861.75;5,446.25;15,326.50
Sep 19, 2025;Sep 20, 2025;16,721.45;2,001.50;38,675.88;72,918.84;1,078.32;-;79,356.25;18,893.25;58,886.00;8,348.50;13,550.75
Sep 20, 2025;Sep 21, 2025;16,093.62;1,893.25;86,190.32;59,275.32;1,091.42;-;58,968.00;921.25;12,127.25;6,347.50;13,769.50
Sep 21, 2025;Sep 22, 2025;16,003.00;1,931.75;79,198.68;30,563.63;1,067.40;-;48,393.00;0.00;20,470.75;1,729.75;14,175.75
Sep 22, 2025;Sep 23, 2025;16,982.57;2,155.50;93,247.74;29,135.01;1,011.45;-;88,321.00;15,268.00;47,551.50;4,280.00;14,326.50
Sep 23, 2025;Sep 24, 2025;17,353.18;2,119.25;90,476.31;36,835.60;1,046.02;-;97,271.50;26,430.75;99,214.75;6,430.00;14,155.75
Sep 24, 2025;Sep 25, 2025;17,260.15;2,166.75;147,461.91;27,259.22;1,086.83;-;82,831.25;4,503.00;31,976.50;4,098.00;11,345.00
Sep 25, 2025;Sep 26, 2025;17,708.23;2,749.75;103,126.34;16,260.49;1,144.98;-;76,081.50;0.00;41,237.75;7,170.50;11,642.00
Sep 26, 2025;Sep 27, 2025;17,777.88;2,734.75;34,705.43;28,494.81;1,098.84;-;94,577.50;50.75;65,926.25;5,101.00;12,639.25
Sep 27, 2025;Sep 28, 2025;17,280.41;2,736.50;5,105.26;30,200.24;1,032.99;-;75,914.00;518.50;53,297.25;2,353.75;13,598.25
Sep 28, 2025;Sep 29, 2025;17,124.51;2,830.25;4,797.86;42,149.90;1,084.59;-;73,162.25;5,628.25;55,161.50;1,683.50;12,397.00
Sep 29, 2025;Sep 30, 2025;17,681.09;2,703.25;5,590.47;36,299.59;1,093.03;-;88,775.00;27,017.75;117,116.50;5,662.50;13,568.50
Sep 30, 2025;Oct 1, 2025;17,951.83;2,624.25;12,230.81;29,798.89;1,122.86;-;102,106.25;29,965.50;124,835.25;6,540.75;17,158.75
Oct 1, 2025;Oct 2, 2025;18,155.29;2,775.50;31,257.48;62,857.85;1,045.60;-;102,914.50;30,284.50;109,417.50;6,390.50;13,751.50
Oct 2, 2025;Oct 3, 2025;18,470.97;2,489.50;44,607.75;65,075.74;1,114.15;-;97,372.00;17,678.50;97,924.00;6,951.00;14,722.25
Oct 3, 2025;Oct 4, 2025;18,151.72;2,199.50;100,064.14;30,062.79;1,091.69;-;43,194.00;1,380.25;52,401.00;3,995.25;16,136.25
Oct 4, 2025;Oct 5, 2025;17,036.16;2,420.50;199,366.65;25,390.23;1,030.39;-;22,679.50;1,078.25;14,199.50;5,208.00;15,446.75
Oct 5, 2025;Oct 6, 2025;16,651.03;2,910.75;172,485.99;25,739.83;1,002.06;-;33,042.00;3,052.50;16,750.00;4,341.00;15,097.50
Oct 6, 2025;Oct 7, 2025;17,768.20;3,048.50;102,998.22;7,408.08;992.50;-;97,643.00;5,565.50;99,576.50;4,308.50;14,690.50
Oct 7, 2025;Oct 8, 2025;17,918.84;2,946.25;16,500.40;15,129.49;1,034.41;-;121,410.75;16,421.75;145,443.00;6,973.25;16,259.50
Oct 8, 2025;Oct 9, 2025;17,374.53;2,765.50;8,357.39;24,752.88;1,026.30;-;118,324.00;28,890.75;137,380.25;6,215.00;17,972.00
Oct 9, 2025;Oct 10, 2025;17,280.68;2,695.75;15,116.53;21,204.21;1,043.05;-;115,836.50;37,964.75;139,290.25;3,375.00;14,924.00
Oct 10, 2025;Oct 11, 2025;17,435.35;2,664.25;22,171.52;19,957.89;1,076.77;-;108,650.50;18,848.75;87,005.75;3,851.00;17,459.00
Oct 11, 2025;Oct 12, 2025;16,934.79;2,402.00;8,242.71;20,634.20;1,078.01;-;97,822.25;14,512.25;59,076.75;3,861.50;14,439.25
Oct 12, 2025;Oct 13, 2025;16,474.45;2,260.25;12,344.93;23,369.89;1,100.78;-;100,960.25;13,617.50;70,037.00;2,396.75;14,220.00
Oct 13, 2025;Oct 14, 2025;17,474.10;2,172.50;9,117.49;15,244.66;1,078.70;-;99,279.50;37,647.25;147,140.50;8,849.75;15,743.00
Oct 14, 2025;Oct 15, 2025;17,682.82;2,119.75;10,446.56;26,949.05;1,044.50;-;101,105.75;43,236.25;146,901.50;6,250.50;17,165.50
Oct 15, 2025;Oct 16, 2025;17,926.42;1,991.75;6,451.18;17,770.12;1,032.44;-;115,115.25;41,891.75;148,483.00;4,462.75;14,895.00
Oct 16, 2025;Oct 17, 2025;18,129.71;1,895.75;11,959.43;17,146.71;1,125.48;-;113,368.75;34,872.75;129,804.00;5,202.75;14,188.50
Oct 17, 2025;Oct 18, 2025;18,143.01;1,842.00;17,144.11;17,098.20;1,082.44;-;106,281.00;53,515.00;110,189.00;4,539.25;15,906.75
Oct 18, 2025;Oct 19, 2025;18,006.71;1,797.50;34,470.81;39,064.24;1,117.95;-;97,774.25;41,794.75;49,225.25;4,877.75;15,137.50
Oct 19, 2025;Oct 20, 2025;17,467.81;1,688.00;86,798.10;29,675.46;1,142.36;-;54,880.00;12,128.25;27,006.25;1,745.25;14,451.25
Oct 20, 2025;Oct 21, 2025;17,911.97;1,714.00;136,509.77;14,217.51;1,093.03;-;79,186.50;20,189.75;48,455.50;6,416.00;14,140.50
Oct 21, 2025;Oct 22, 2025;17,717.23;1,753.45;157,322.69;19,035.14;1,105.52;-;65,457.08;19,024.95;49,218.40;2,170.97;16,383.72
Oct 22, 2025;Oct 23, 2025;18,385.39;1,812.30;42,889.65;15,725.82;1,116.88;-;112,962.72;43,616.90;109,934.52;8,233.28;16,733.04
Oct 23, 2025;Oct 24, 2025;17,666.37;2,106.32;219,540.48;19,649.93;1,143.51;-;61,459.95;19,620.80;47,145.21;3,894.29;12,376.73
Oct 24, 2025;Oct 25, 2025;17,288.08;2,434.36;226,737.37;25,353.46;1,057.40;-;34,681.46;8,204.19;39,550.79;5,745.38;14,789.35
Oct 25, 2025;Oct 26, 2025;17,767.16;2,508.77;198,118.75;12,049.18;1,039.26;-;33,680.90;1,027.86;29,282.72;9,957.44;12,860.52
Oct 26, 2025;Oct 27, 2025;17,832.74;2,847.97;209,777.11;21,451.74;1,028.75;-;46,225.99;1,260.53;28,558.78;6,203.20;7,143.75
Oct 27, 2025;Oct 28, 2025;17,825.61;2,983.28;211,501.82;16,885.07;997.25;-;42,922.23;9,097.73;51,448.19;9,108.81;14,050.15
Oct 28, 2025;Oct 29, 2025;17,668.26;3,244.76;203,336.19;14,165.86;1,024.76;-;44,831.07;11,253.66;50,311.11;4,362.53;13,127.99
Oct 29, 2025;Oct 30, 2025;18,412.51;2,977.63;104,449.71;23,370.18;1,073.46;-;76,125.29;14,972.42;57,033.90;7,498.69;10,414.10
Oct 30, 2025;Oct 31, 2025;17,947.42;2,962.37;121,635.60;32,044.60;1,019.93;-;78,632.76;13,419.53;47,479.72;2,078.55;10,632.84
Oct 31, 2025;Nov 1, 2025;18,694.88;2,911.92;93,123.25;20,202.86;1,070.70;-;85,569.96;14,581.17;55,774.12;7,425.64;12,580.83
Nov 1, 2025;Nov 2, 2025;18,662.21;2,569.62;145,510.12;10,682.68;775.54;-;39,109.20;1,044.23;20,808.27;4,632.09;13,595.55
Nov 2, 2025;Nov 3, 2025;18,635.72;2,690.09;97,485.19;18,257.00;775.54;-;54,719.45;2,817.85;42,679.94;2,864.29;15,100.15
Nov 3, 2025;Nov 4, 2025;18,575.42;3,083.85;120,822.12;25,241.98;775.54;-;68,018.52;16,050.81;55,249.42;4,939.19;14,201.46
Nov 4, 2025;Nov 5, 2025;18,573.60;2,947.39;97,410.19;34,804.62;777.51;-;79,159.48;24,370.33;58,417.10;6,291.98;14,340.39
Nov 5, 2025;Nov 6, 2025;18,542.71;2,681.49;92,149.82;36,895.68;799.69;-;93,317.52;40,729.09;70,931.89;4,837.07;15,880.31
Nov 6, 2025;Nov 7, 2025;18,533.77;2,533.51;49,145.32;31,385.15;842.02;-;103,218.14;57,274.04;140,037.94;3,364.93;14,682.26
Nov 7, 2025;Nov 8, 2025;18,589.94;2,383.56;11,243.65;23,619.29;838.12;-;113,757.85;62,927.41;164,862.84;6,443.60;15,173.18
Nov 8, 2025;Nov 9, 2025;18,653.80;2,295.12;6,212.26;17,614.30;854.62;-;102,041.27;56,255.12;160,155.39;4,178.58;14,138.94
Nov 9, 2025;Nov 10, 2025;18,689.80;2,307.53;18,560.07;8,845.36;854.62;-;100,033.99;50,845.04;129,149.85;1,412.53;14,807.86
Nov 10, 2025;Nov 11, 2025;18,676.45;2,345.06;41,984.99;20,457.83;854.62;-;110,567.39;43,104.34;135,298.66;6,239.38;14,442.48
Nov 11, 2025;Nov 12, 2025;18,581.95;2,175.21;81,395.82;24,689.81;854.62;-;104,741.62;41,102.62;91,698.16;6,325.27;13,187.58
Nov 12, 2025;Nov 13, 2025;18,673.06;2,150.29;115,217.39;28,572.83;844.87;-;73,090.71;27,032.41;85,964.81;2,003.82;13,422.51
Nov 13, 2025;Nov 14, 2025;18,662.79;2,101.87;125,335.00;22,853.79;854.62;-;64,868.70;30,215.82;80,241.90;1,194.35;13,999.53
Nov 14, 2025;Nov 15, 2025;18,656.57;2,059.44;71,653.83;10,922.99;854.62;-;84,293.39;49,229.83;136,831.61;5,606.33;14,992.60
Nov 15, 2025;Nov 16, 2025;18,661.25;1,922.80;62,759.99;11,109.73;854.62;-;47,799.83;31,913.72;94,582.97;1,921.17;14,615.14
Nov 16, 2025;Nov 17, 2025;18,652.73;1,958.87;24,813.82;9,093.81;854.62;-;71,431.60;35,526.38;82,804.92;1,656.79;15,124.03
Nov 17, 2025;Nov 18, 2025;18,603.71;2,139.44;86,681.79;15,127.23;831.11;-;80,363.10;44,226.89;134,730.05;3,865.45;15,523.86
Nov 18, 2025;Nov 19, 2025;18,744.57;2,160.00;84,096.94;21,816.57;854.62;-;89,947.46;45,472.93;124,392.92;3,969.38;13,560.26
Nov 19, 2025;Nov 20, 2025;18,816.04;2,051.14;106,183.53;8,837.72;854.62;-;103,451.10;46,851.83;148,345.22;6,997.87;12,371.18
Nov 20, 2025;Nov 21, 2025;18,828.37;1,964.35;41,650.23;16,280.42;865.62;-;107,356.14;55,652.00;167,692.31;5,494.51;13,384.35
Nov 21, 2025;Nov 22, 2025;18,891.11;1,915.30;18,392.80;26,647.09;878.62;-;131,876.47;54,602.21;175,515.21;7,696.86;15,244.15
Nov 22, 2025;Nov 23, 2025;18,896.68;1,778.01;59,031.76;28,298.68;883.03;-;95,184.15;27,660.19;68,933.57;960.67;14,658.49
Nov 23, 2025;Nov 24, 2025;18,899.32;1,705.14;134,180.85;18,978.73;878.62;-;52,058.93;12,222.04;64,440.54;854.36;14,881.11
Nov 24, 2025;Nov 25, 2025;18,787.75;1,695.13;68,793.33;6,359.31;854.62;-;117,326.75;48,261.44;145,005.71;5,001.52;15,676.76
Nov 25, 2025;Nov 26, 2025;18,743.96;2,093.70;16,478.28;6,111.50;854.62;-;122,728.21;58,475.48;182,424.95;7,017.66;16,162.06
Nov 26, 2025;Nov 27, 2025;18,761.96;2,090.36;14,981.60;6,427.27;854.62;-;118,948.85;58,521.91;176,458.82;7,734.10;13,638.93
Nov 27, 2025;Nov 28, 2025;18,844.90;2,051.01;106,598.37;11,148.07;854.62;-;80,178.33;30,208.11;89,682.80;1,251.90;13,460.54
Nov 28, 2025;Nov 29, 2025;18,870.23;2,045.29;93,508.54;7,749.30;854.62;-;81,797.10;29,845.42;92,533.81;6,916.73;11,963.99
Nov 29, 2025;Nov 30, 2025;18,773.37;2,056.69;81,621.22;10,176.64;854.62;-;80,312.69;30,390.30;72,345.56;2,508.92;14,252.59
Nov 30, 2025;Dec 1, 2025;18,745.10;2,085.21;81,073.06;7,571.28;854.62;-;83,077.40;29,399.65;73,912.91;828.41;14,121.92
Dec 1, 2025;Dec 2, 2025;18,770.12;2,222.39;114,003.77;21,269.32;834.89;-;78,339.16;25,572.04;87,501.29;3,851.55;13,250.04
Dec 2, 2025;Dec 3, 2025;18,827.01;2,125.56;103,770.89;8,134.59;858.89;-;100,481.51;22,182.44;112,119.90;5,573.13;16,177.32
Dec 3, 2025;Dec 4, 2025;18,783.28;2,068.15;18,927.41;6,501.12;858.89;-;132,447.68;39,298.59;174,446.12;7,002.51;17,022.95
Dec 4, 2025;Dec 5, 2025;18,773.20;2,018.40;42,907.77;8,486.60;834.89;-;123,044.04;41,391.05;167,827.52;6,279.77;16,193.32
Dec 5, 2025;Dec 6, 2025;18,874.33;1,988.79;31,059.71;6,928.31;842.89;-;125,218.76;40,487.12;163,605.57;7,546.50;16,761.81
Dec 6, 2025;Dec 7, 2025;18,857.15;1,863.04;164,308.08;5,375.71;858.89;-;53,216.18;12,601.09;32,706.27;3,871.00;15,893.01
Dec 7, 2025;Dec 8, 2025;18,773.93;2,122.37;133,825.31;5,820.64;854.39;-;45,493.55;14,899.41;33,558.27;5,273.93;14,791.54
Dec 8, 2025;Dec 9, 2025;18,677.26;3,009.17;154,199.49;6,247.55;833.89;-;65,625.05;14,123.89;50,895.50;7,015.36;16,214.31
Dec 9, 2025;Dec 10, 2025;18,701.48;2,951.29;109,007.89;15,942.50;820.39;-;70,918.90;22,377.18;75,394.90;1,362.26;14,042.26
Dec 10, 2025;Dec 11, 2025;18,739.55;2,761.51;103,745.31;8,785.65;834.89;-;71,527.00;31,278.32;84,668.40;5,054.11;14,093.09
Dec 11, 2025;Dec 12, 2025;18,777.82;2,671.95;50,671.75;12,339.26;893.11;-;81,378.45;37,363.66;115,295.41;157.23;13,687.45
Dec 12, 2025;Dec 13, 2025;18,835.51;2,569.80;39,848.11;11,932.94;932.34;-;100,174.32;38,139.14;159,697.48;10,236.45;14,318.27
Dec 13, 2025;Dec 14, 2025;18,841.31;2,258.53;19,331.31;4,704.00;838.56;-;56,345.18;33,160.11;134,021.22;1,370.40;14,300.29
Dec 14, 2025;Dec 15, 2025;18,838.21;2,130.51;39,290.75;7,117.03;852.13;-;37,421.89;16,659.06;78,063.81;119.43;14,125.54
Dec 15, 2025;Dec 16, 2025;18,783.91;2,173.56;107,350.81;17,365.24;850.34;-;57,317.74;40,736.16;113,658.01;3,594.64;14,258.52
Dec 16, 2025;Dec 17, 2025;18,778.79;2,115.06;64,695.86;14,055.42;836.47;-;85,467.14;47,139.64;147,974.63;9,093.44;13,947.45
Dec 17, 2025;Dec 18, 2025;18,803.42;2,086.01;51,897.53;7,150.06;840.44;-;84,577.96;52,769.61;166,656.60;3,833.36;11,574.75
Dec 18, 2025;Dec 19, 2025;18,756.29;2,053.90;163,583.08;15,966.17;842.70;-;41,926.35;22,599.74;63,741.80;3,866.92;12,219.13
Dec 19, 2025;Dec 20, 2025;18,789.76;2,066.87;112,278.39;5,705.27;918.94;-;59,245.54;24,827.86;74,739.58;2,084.20;14,138.68
Dec 20, 2025;Dec 21, 2025;18,811.10;1,946.55;33,452.02;8,348.96;1,031.76;-;74,641.05;21,515.92;146,375.18;8,539.20;15,397.06
Dec 21, 2025;Dec 22, 2025;18,817.66;1,969.53;89,439.64;15,471.78;1,021.32;-;52,570.88;17,301.44;73,416.93;1,062.54;14,780.37
Dec 22, 2025;Dec 23, 2025;18,761.69;2,025.78;102,803.70;7,067.53;952.43;-;57,631.28;18,224.07;70,303.81;6,734.18;14,698.73
Dec 23, 2025;Dec 24, 2025;18,839.69;2,013.36;161,771.45;2,133.39;910.89;-;41,294.45;15,862.35;54,325.67;2,768.91;13,546.78
Dec 24, 2025;Dec 25, 2025;18,861.77;1,874.37;212,081.99;11,643.90;849.23;-;26,014.62;9,248.06;43,338.66;2,738.23;14,294.70
Dec 25, 2025;Dec 26, 2025;18,888.70;1,801.37;169,524.30;18,531.35;843.06;-;36,584.60;16,385.12;53,003.57;2,506.52;13,522.24
Dec 26, 2025;Dec 27, 2025;18,962.74;1,755.60;122,659.43;22,104.21;834.89;-;45,382.08;19,761.70;81,622.25;3,971.99;14,255.43
Dec 27, 2025;Dec 28, 2025;18,962.07;1,758.10;61,830.04;17,702.50;834.89;-;44,585.01;17,171.08;69,298.22;1,125.83;15,727.19
Dec 28, 2025;Dec 29, 2025;18,933.53;1,796.65;40,533.84;20,567.84;834.89;-;44,725.55;20,324.18;75,775.25;1,981.89;15,805.04
Dec 29, 2025;Dec 30, 2025;18,852.96;1,791.04;48,967.79;10,974.67;851.48;-;78,105.65;24,646.55;71,196.53;3,426.20;14,743.48
Dec 30, 2025;Dec 31, 2025;18,844.02;1,828.42;53,717.44;19,636.95;882.31;-;63,272.24;19,627.23;60,851.10;8,579.88;15,559.81
Dec 31, 2025;Jan 1, 2026;18,855.85;1,832.83;100,058.89;12,404.86;837.81;-;55,653.27;17,751.12;68,412.43;4,160.84;16,497.67
