Start date;End date;Biomass [MWh] Calculated resolutions;Hydropower [MWh] Calculated resolutions;Wind offshore [MWh] Calculated resolutions;Wind onshore [MWh] Calculated resolutions;Photovoltaics [MWh] Calculated resolutions;Other renewable [MWh] Calculated resolutions;Nuclear [MWh] Calculated resolutions;Lignite [MWh] Calculated resolutions;Hard coal [MWh] Calculated resolutions;Fossil gas [MWh] Calculated resolutions;Hydro pumped storage [MWh] Calculated resolutions;Other conventional [MWh] Calculated resolutions
Jul 1, 2022;Jul 2, 2022;42,592.25;31,164.00;62,815.75;85,507.00;42,136.50;749.50;32,932.50;0.00;42,490.50;27,008.00;4,023.75;7,013.00
Jul 2, 2022;Jul 3, 2022;43,274.75;24,175.25;52,354.50;56,393.75;124,741.00;749.25;32,956.50;0.00;38,319.25;18,331.25;4,317.50;6,473.00
Jul 3, 2022;Jul 4, 2022;42,961.00;19,984.00;13,347.50;46,918.75;119,520.00;629.50;31,715.00;0.00;33,408.00;17,022.25;1,930.75;6,142.00
Jul 4, 2022;Jul 5, 2022;44,180.50;23,798.25;64,844.50;80,216.50;102,121.75;591.00;32,654.50;0.00;27,149.50;24,558.50;7,575.25;6,843.00
Jul 5, 2022;Jul 6, 2022;44,077.50;28,709.75;62,375.25;82,071.50;104,775.00;600.00;32,201.50;0.00;29,547.25;28,276.25;5,976.75;6,896.00
Jul 6, 2022;Jul 7, 2022;44,236.50;25,525.50;72,445.50;93,059.25;98,695.50;605.00;32,415.50;0.00;21,388.00;20,544.25;4,932.00;7,023.00
Jul 7, 2022;Jul 8, 2022;43,706.75;24,472.50;81,580.75;208,624.75;43,664.50;635.50;33,059.00;0.00;13,978.00;25,198.00;2,153.25;6,581.00
Jul 8, 2022;Jul 9, 2022;44,481.75;26,193.75;52,545.50;119,631.25;82,840.25;649.00;33,212.25;0.00;19,404.25;23,087.00;7,195.50;6,298.00
Jul 9, 2022;Jul 10, 2022;43,327.25;20,700.25;66,559.25;138,184.50;72,975.75;624.75;32,120.00;0.00;19,266.50;17,536.50;3,125.25;6,441.00
Jul 10, 2022;Jul 11, 2022;43,541.25;18,057.50;60,016.00;151,691.00;81,342.00;577.50;31,248.25;0.00;16,857.75;16,094.75;2,352.00;5,860.00
Jul 11, 2022;Jul 12, 2022;44,940.00;19,646.00;16,170.50;27,264.00;68,359.00;515.75;33,023.50;0.00;33,481.00;43,936.25;5,991.00;5,775.00
Jul 12, 2022;Jul 13, 2022;44,546.75;23,619.75;29,764.00;11,188.75;109,933.00;506.75;32,892.25;0.00;27,180.00;40,353.00;3,963.00;4,725.50
Jul 13, 2022;Jul 14, 2022;43,871.25;21,955.50;28,219.00;93,401.75;97,067.00;520.25;32,751.00;0.00;32,389.00;33,382.25;3,326.25;4,376.00
Jul 14, 2022;Jul 15, 2022;44,302.50;19,935.75;45,460.00;88,522.50;96,836.75;464.00;32,446.25;0.00;28,153.75;32,026.25;2,006.00;6,076.00
Jul 15, 2022;Jul 16, 2022;44,451.50;19,335.75;57,107.25;87,787.50;97,877.25;501.25;32,622.25;0.00;31,167.50;25,410.00;4,256.00;6,367.00
Jul 16, 2022;Jul 17, 2022;42,756.00;18,365.00;61,867.25;132,422.25;108,185.50;600.25;30,655.75;0.00;19,309.75;19,491.00;4,720.25;6,107.00
Jul 17, 2022;Jul 18, 2022;43,404.00;15,836.25;17,127.75;28,848.75;123,530.75;556.50;28,925.50;0.00;25,102.00;18,984.00;4,096.75;7,224.00
Jul 18, 2022;Jul 19, 2022;43,698.75;20,371.50;40,190.25;24,313.50;112,196.00;516.50;32,156.00;0.00;37,381.75;46,034.25;6,246.25;6,883.00
Jul 19, 2022;Jul 20, 2022;41,742.75;23,037.25;30,112.50;36,070.50;119,243.00;500.25;32,696.50;0.00;36,678.25;44,814.75;4,690.25;7,516.00
Jul 20, 2022;Jul 21, 2022;40,514.75;24,407.75;82,458.00;116,543.50;116,889.00;468.25;32,391.25;0.00;29,066.75;36,490.50;5,038.25;10,797.00
Jul 21, 2022;Jul 22, 2022;43,215.00;24,896.00;35,912.50;58,784.50;65,279.25;545.50;32,645.75;0.00;41,200.50;44,175.50;4,979.00;8,164.75
Jul 22, 2022;Jul 23, 2022;43,797.00;23,779.50;45,840.75;53,476.75;95,216.75;598.25;32,399.25;0.00;54,100.00;44,133.75;4,939.50;7,838.00
Jul 23, 2022;Jul 24, 2022;43,912.75;26,367.00;14,901.75;47,886.50;81,631.25;602.50;32,429.25;0.00;55,092.75;28,713.75;5,106.75;7,137.00
Jul 24, 2022;Jul 25, 2022;43,371.00;23,327.50;65,255.00;42,030.75;111,090.25;568.50;32,250.50;0.00;43,382.75;22,507.75;3,978.75;7,121.00
Jul 25, 2022;Jul 26, 2022;42,592.25;21,918.50;60,310.00;132,913.75;98,139.75;461.50;32,325.00;0.00;43,283.75;24,866.75;2,785.75;7,362.00
Jul 26, 2022;Jul 27, 2022;43,441.25;26,931.25;78,260.50;132,212.50;78,403.50;528.25;32,240.00;0.00;34,624.75;27,832.25;6,285.50;7,358.00
Jul 27, 2022;Jul 28, 2022;43,419.50;24,128.50;64,290.75;88,441.75;84,145.75;568.25;32,454.00;0.00;48,382.75;37,056.50;4,692.00;7,199.00
Jul 28, 2022;Jul 29, 2022;43,616.75;21,072.25;8,081.25;36,829.25;107,195.50;563.25;31,768.25;0.00;51,285.50;37,891.75;2,386.25;7,414.00
Jul 29, 2022;Jul 30, 2022;43,527.75;23,973.50;28,421.75;57,529.50;78,147.25;577.50;32,633.25;0.00;51,810.00;33,588.50;3,154.50;8,046.00
Jul 30, 2022;Jul 31, 2022;43,007.25;26,650.25;5,943.00;25,607.75;84,044.00;593.50;32,405.50;0.00;47,192.50;16,391.00;3,844.00;9,008.00
Jul 31, 2022;Aug 1, 2022;42,873.00;21,708.25;23,648.25;28,846.25;78,806.50;584.75;31,345.25;0.00;40,450.75;15,964.50;2,504.50;9,020.00
Aug 1, 2022;Aug 2, 2022;44,052.25;19,994.25;33,048.75;66,161.25;86,347.75;542.75;32,621.25;0.00;62,469.25;37,404.75;4,221.00;8,956.00
Aug 2, 2022;Aug 3, 2022;44,218.75;23,381.50;75,518.75;32,173.25;104,633.25;539.50;32,639.25;0.00;58,233.25;24,455.00;4,824.00;7,469.00
Aug 3, 2022;Aug 4, 2022;43,268.25;23,481.75;61,859.00;45,967.00;114,118.00;545.50;31,850.50;0.00;58,204.50;26,797.75;4,741.75;6,579.75
Aug 4, 2022;Aug 5, 2022;42,442.75;22,917.25;18,891.25;58,437.75;105,659.75;535.50;31,144.75;0.00;57,718.00;23,934.50;3,662.50;6,347.50
Aug 5, 2022;Aug 6, 2022;43,241.75;22,239.00;20,814.50;71,972.75;81,967.50;563.75;30,166.75;0.00;49,075.00;22,658.50;2,517.00;6,758.00
Aug 6, 2022;Aug 7, 2022;43,225.75;23,744.75;26,352.25;57,225.00;89,975.50;664.00;31,352.75;0.00;38,070.75;15,722.50;3,129.25;7,098.00
Aug 7, 2022;Aug 8, 2022;43,295.75;18,792.00;16,652.00;30,777.25;108,226.50;675.25;30,653.00;0.00;40,992.00;15,612.00;1,961.25;6,425.00
Aug 8, 2022;Aug 9, 2022;44,235.50;20,832.00;2,330.00;26,691.25;106,351.00;686.25;32,785.25;0.00;59,353.50;18,782.75;4,173.00;6,929.00
Aug 9, 2022;Aug 10, 2022;44,129.75;21,359.50;405.25;40,109.50;113,313.00;674.75;32,991.00;0.00;57,522.50;20,497.50;4,215.75;8,484.00
Aug 10, 2022;Aug 11, 2022;43,338.25;20,685.75;2,577.75;39,522.50;110,413.50;660.50;32,901.50;0.00;54,894.50;18,146.50;5,493.75;8,533.50
Aug 11, 2022;Aug 12, 2022;43,605.00;25,501.75;2,849.50;46,097.25;114,702.75;672.00;32,874.00;0.00;60,923.00;19,910.25;6,391.00;8,431.00
Aug 12, 2022;Aug 13, 2022;43,805.25;26,967.25;12,789.75;56,049.75;106,835.00;681.50;33,011.00;0.00;68,358.75;23,136.50;5,481.75;8,209.00
Aug 13, 2022;Aug 14, 2022;43,078.25;22,617.25;14,677.00;48,055.00;100,156.00;670.50;32,943.25;0.00;64,981.50;17,294.75;4,343.25;8,399.00
Aug 14, 2022;Aug 15, 2022;42,436.00;21,061.25;45,892.00;71,874.75;99,866.25;635.50;32,839.50;0.00;54,112.75;16,942.25;3,841.75;7,931.00
Aug 15, 2022;Aug 16, 2022;42,892.00;22,494.25;29,979.25;51,744.75;78,011.00;618.75;32,803.00;0.00;71,570.00;25,742.75;5,160.00;8,416.00
Aug 16, 2022;Aug 17, 2022;43,616.25;25,941.25;11,841.25;28,593.50;95,298.25;621.00;32,705.75;0.00;70,787.50;45,511.00;6,205.75;8,766.50
Aug 17, 2022;Aug 18, 2022;43,701.25;25,373.00;22,348.25;29,502.75;83,150.00;590.50;32,726.00;0.00;73,976.25;47,258.25;3,491.25;7,873.00
Aug 18, 2022;Aug 19, 2022;44,083.50;21,643.00;31,826.75;37,582.50;68,341.75;612.00;32,648.75;0.00;77,362.75;47,338.50;1,906.50;8,147.00
Aug 19, 2022;Aug 20, 2022;44,485.25;19,792.50;6,348.25;20,690.25;47,170.50;652.50;32,801.50;0.00;73,812.00;40,670.75;2,235.25;8,569.00
Aug 20, 2022;Aug 21, 2022;43,648.00;23,794.25;22,763.00;32,183.00;51,340.00;666.25;33,014.00;0.00;69,913.00;19,019.25;2,176.75;8,555.00
Aug 21, 2022;Aug 22, 2022;43,626.75;23,270.25;40,590.00;33,991.00;93,118.25;659.00;33,007.75;0.00;52,020.75;23,889.25;2,509.75;7,906.00
Aug 22, 2022;Aug 23, 2022;44,600.00;19,951.75;8,351.75;26,056.50;87,570.50;674.75;33,059.25;0.00;70,026.50;48,623.00;3,437.00;8,079.00
Aug 23, 2022;Aug 24, 2022;44,366.75;20,877.25;12,629.25;82,167.50;102,755.50;672.75;33,068.75;0.00;62,913.75;40,555.25;3,628.00;6,919.00
Aug 24, 2022;Aug 25, 2022;44,335.25;19,990.25;9,783.25;74,383.25;93,837.75;664.25;32,875.00;0.00;59,990.75;42,173.25;3,520.50;8,771.25
Aug 25, 2022;Aug 26, 2022;44,382.00;20,398.50;61,318.25;79,617.00;89,778.50;650.50;32,705.50;0.00;63,316.75;38,998.25;3,696.00;8,263.00
Aug 26, 2022;Aug 27, 2022;45,261.00;23,654.75;50,029.00;54,933.00;66,453.25;627.00;32,714.75;0.00;54,466.50;32,527.25;4,085.25;8,745.75
Aug 27, 2022;Aug 28, 2022;44,727.00;22,486.75;55,888.00;76,607.75;52,425.50;620.25;32,838.25;0.00;40,208.50;20,798.00;2,309.75;8,468.00
Aug 28, 2022;Aug 29, 2022;44,181.75;20,592.25;100,620.00;92,461.50;65,665.50;624.75;32,893.00;0.00;27,738.25;20,643.25;1,923.75;7,916.00
Aug 29, 2022;Aug 30, 2022;46,057.25;18,707.50;37,428.75;37,602.75;83,537.00;626.00;32,930.50;0.00;50,395.75;44,657.00;5,425.50;8,441.00
Aug 30, 2022;Aug 31, 2022;45,988.75;17,627.25;38,485.00;55,235.00;91,701.00;639.75;32,874.50;0.00;69,919.25;49,233.00;3,298.00;7,467.00
Aug 31, 2022;Sep 1, 2022;46,293.75;18,808.75;42,487.75;76,993.75;53,637.00;681.25;33,040.00;0.00;58,056.75;44,696.25;3,467.50;7,450.00
Sep 1, 2022;Sep 2, 2022;46,571.25;18,673.00;27,128.25;68,411.00;77,784.00;660.75;33,143.75;0.00;55,139.25;35,955.50;4,043.25;7,078.00
Sep 2, 2022;Sep 3, 2022;46,234.75;15,168.00;68,346.00;120,521.75;100,576.25;681.75;33,321.00;0.00;56,371.25;28,513.25;3,723.25;7,674.00
Sep 3, 2022;Sep 4, 2022;45,621.50;13,775.50;94,898.50;159,542.00;74,140.50;685.00;33,290.00;0.00;21,238.25;13,635.25;4,323.25;4,658.00
Sep 4, 2022;Sep 5, 2022;45,143.25;14,877.25;73,722.75;91,821.50;86,133.50;665.75;33,197.75;0.00;23,903.75;20,157.50;3,231.25;5,186.00
Sep 5, 2022;Sep 6, 2022;45,679.50;16,227.25;81,450.50;127,791.25;88,699.50;655.75;32,992.75;0.00;59,244.00;19,898.25;3,702.25;6,076.00
Sep 6, 2022;Sep 7, 2022;45,634.00;19,186.25;86,388.25;135,159.50;76,690.75;640.00;32,802.50;0.00;50,482.75;25,992.25;4,325.25;5,616.00
Sep 7, 2022;Sep 8, 2022;45,964.50;19,755.00;21,955.25;48,640.00;72,321.50;582.00;32,805.50;0.00;69,687.50;40,018.00;3,061.75;6,028.00
Sep 8, 2022;Sep 9, 2022;45,495.25;18,480.00;34,724.50;77,347.00;37,344.75;668.50;33,062.50;0.00;65,391.25;35,689.75;2,183.25;5,935.75
Sep 9, 2022;Sep 10, 2022;45,802.75;20,809.00;15,416.75;64,488.25;54,337.00;691.00;33,233.50;0.00;62,241.75;27,320.50;2,786.25;5,393.00
Sep 10, 2022;Sep 11, 2022;45,851.00;21,099.00;9,923.75;35,913.75;43,124.25;699.25;33,326.50;0.00;61,063.25;16,716.50;1,385.75;5,312.00
Sep 11, 2022;Sep 12, 2022;45,366.75;19,534.50;1,236.25;19,264.00;52,062.50;699.50;33,102.00;0.00;67,157.75;16,889.00;2,241.75;5,003.00
Sep 12, 2022;Sep 13, 2022;45,853.00;21,903.50;48,993.75;35,760.75;76,416.50;694.50;33,300.00;0.00;83,709.75;33,817.25;3,578.50;5,606.00
Sep 13, 2022;Sep 14, 2022;46,273.50;20,234.50;88,244.00;110,374.75;57,608.50;579.50;33,233.25;0.00;60,237.75;34,306.75;3,163.25;7,401.25
Sep 14, 2022;Sep 15, 2022;46,923.00;22,487.25;51,451.75;48,708.75;34,537.50;613.25;32,902.00;0.00;77,398.75;36,965.25;3,687.00;7,204.00
Sep 15, 2022;Sep 16, 2022;46,162.50;21,552.75;99,713.50;140,189.25;38,626.50;670.25;32,892.50;0.00;51,593.00;20,024.50;3,835.75;7,396.00
Sep 16, 2022;Sep 17, 2022;45,339.00;19,942.00;103,947.25;226,325.75;44,635.00;726.50;33,479.75;0.00;10,788.50;14,963.50;3,819.50;7,400.00
Sep 17, 2022;Sep 18, 2022;45,599.50;17,253.75;106,336.75;234,186.50;46,497.50;725.50;33,683.75;0.00;9,135.50;9,537.75;2,165.00;7,184.00
Sep 18, 2022;Sep 19, 2022;45,246.25;19,361.50;106,123.75;224,569.50;29,349.00;726.50;33,637.75;0.00;8,772.00;9,330.25;2,515.00;7,024.00
Sep 19, 2022;Sep 20, 2022;46,647.00;20,639.00;127,771.25;147,679.25;47,441.50;728.00;33,588.25;0.00;27,843.00;20,030.75;3,387.75;7,264.00
Sep 20, 2022;Sep 21, 2022;47,404.25;19,490.25;41,304.25;42,683.00;58,600.00;731.50;33,702.50;0.00;74,128.25;43,746.00;2,770.00;6,808.00
Sep 21, 2022;Sep 22, 2022;47,414.00;20,016.25;486.75;3,380.75;78,358.75;747.00;33,819.25;0.00;92,791.25;58,120.50;2,460.50;6,778.25
Sep 22, 2022;Sep 23, 2022;47,246.75;21,557.50;14,353.50;12,032.75;84,138.25;755.00;33,858.25;0.00;91,805.25;36,299.25;2,639.00;8,043.75
Sep 23, 2022;Sep 24, 2022;48,060.75;21,063.75;29,659.00;37,626.25;77,250.00;746.25;33,787.75;0.00;92,620.00;37,438.50;2,401.00;7,808.00
Sep 24, 2022;Sep 25, 2022;47,794.75;18,328.75;80,556.25;22,911.00;35,384.25;719.75;33,681.25;0.00;67,777.00;13,847.25;1,755.00;7,778.00
Sep 25, 2022;Sep 26, 2022;47,841.50;17,030.75;44,830.00;36,523.25;33,728.75;695.25;33,497.75;0.00;59,963.75;13,573.00;2,390.00;7,736.00
Sep 26, 2022;Sep 27, 2022;47,619.50;17,487.50;96,630.25;205,217.50;43,492.50;692.50;33,495.75;0.00;40,537.75;13,370.25;1,726.00;7,675.00
Sep 27, 2022;Sep 28, 2022;48,230.75;19,010.00;40,229.50;103,269.00;34,811.50;729.75;33,487.25;0.00;76,097.00;23,536.25;2,606.00;7,653.00
Sep 28, 2022;Sep 29, 2022;48,650.25;20,871.50;641.50;31,279.00;35,025.00;752.50;33,777.00;0.00;88,851.25;28,079.25;3,328.00;7,675.00
Sep 29, 2022;Sep 30, 2022;48,614.75;19,834.25;16,563.25;22,258.25;39,989.75;754.75;33,765.00;0.00;86,664.25;25,247.00;3,650.75;1,705.00
Sep 30, 2022;Oct 1, 2022;48,511.25;20,647.00;52,360.50;73,420.25;59,472.25;762.50;33,639.25;0.00;65,045.50;22,561.50;3,300.75;7,211.00
Oct 1, 2022;Oct 2, 2022;46,964.75;16,807.25;107,314.00;253,846.00;22,306.00;794.25;33,284.00;0.00;11,094.00;11,266.25;3,763.00;7,631.00
Oct 2, 2022;Oct 3, 2022;47,257.25;18,030.25;124,342.00;194,216.25;26,692.75;685.75;31,008.75;0.00;14,867.75;10,437.75;3,242.50;7,744.00
Oct 3, 2022;Oct 4, 2022;47,947.50;27,570.00;49,391.50;111,279.50;47,949.25;659.00;33,301.75;0.00;33,080.25;10,997.00;5,941.25;7,663.00
Oct 4, 2022;Oct 5, 2022;48,615.75;28,951.00;92,309.75;91,547.00;64,883.75;644.25;33,209.25;0.00;40,746.50;17,329.00;6,294.50;7,884.00
Oct 5, 2022;Oct 6, 2022;47,789.50;24,223.25;114,202.00;231,661.75;56,124.75;608.50;32,251.75;0.00;16,476.25;10,857.50;4,757.50;7,595.00
Oct 6, 2022;Oct 7, 2022;47,699.00;22,904.50;85,042.00;226,532.00;64,306.50;602.50;30,230.00;0.00;17,975.75;10,030.25;6,576.50;7,686.00
Oct 7, 2022;Oct 8, 2022;49,679.25;24,545.25;97,894.00;168,420.25;58,439.00;645.25;33,409.00;0.00;25,598.50;13,503.25;7,512.75;7,632.00
Oct 8, 2022;Oct 9, 2022;48,603.75;20,627.75;91,728.50;160,860.75;40,310.00;686.25;33,433.00;0.00;16,866.25;12,568.00;3,851.00;8,228.00
Oct 9, 2022;Oct 10, 2022;48,870.50;18,660.25;53,863.50;79,851.50;64,420.50;720.00;33,467.75;0.00;16,078.25;11,616.75;3,707.00;5,749.00
Oct 10, 2022;Oct 11, 2022;48,562.00;18,117.00;92,536.50;142,483.50;56,825.00;687.50;33,540.25;0.00;41,558.75;14,631.00;4,130.00;6,709.00
Oct 11, 2022;Oct 12, 2022;49,138.75;19,541.75;46,937.75;58,700.25;42,583.25;645.00;33,473.75;141.00;78,358.25;42,934.00;6,600.50;6,324.50
Oct 12, 2022;Oct 13, 2022;50,116.50;22,283.00;37,547.25;26,866.25;51,907.00;624.50;33,342.50;0.00;87,179.50;41,909.75;4,095.00;3,904.50
Oct 13, 2022;Oct 14, 2022;50,275.50;22,463.75;35,731.25;54,778.50;23,564.75;640.50;33,398.00;0.00;79,207.25;45,714.00;4,813.25;3,900.00
Oct 14, 2022;Oct 15, 2022;49,788.75;23,535.50;27,972.75;44,805.00;29,565.25;607.75;33,374.50;0.00;65,503.50;44,009.50;4,274.50;3,585.75
Oct 15, 2022;Oct 16, 2022;48,552.75;19,276.00;64,888.75;105,004.25;26,189.25;644.50;33,090.00;0.00;25,007.25;13,720.75;2,140.00;2,783.00
Oct 16, 2022;Oct 17, 2022;47,270.75;16,838.00;81,754.50;157,463.00;50,326.50;603.00;32,677.50;0.00;20,024.00;12,900.00;2,678.75;2,089.00
Oct 17, 2022;Oct 18, 2022;48,755.50;14,422.25;77,821.75;128,282.75;51,515.75;628.00;32,359.25;0.00;31,915.25;32,250.75;4,468.25;3,131.00
Oct 18, 2022;Oct 19, 2022;49,143.50;14,836.75;74,569.75;73,245.50;38,436.50;673.50;33,171.00;0.00;59,702.50;48,721.25;4,873.75;3,696.00
Oct 19, 2022;Oct 20, 2022;48,911.25;14,911.00;34,089.75;54,683.00;42,393.75;662.75;33,353.00;0.00;58,424.50;52,490.00;3,469.75;4,664.00
Oct 20, 2022;Oct 21, 2022;49,596.75;14,039.75;108,143.25;200,724.75;45,339.00;693.00;33,197.75;0.00;23,542.25;30,268.25;4,791.50;4,453.00
Oct 21, 2022;Oct 22, 2022;50,212.00;15,165.50;19,400.25;76,312.25;18,119.25;677.75;4,386.25;0.00;39,529.25;41,142.50;4,362.75;8,145.00
Oct 22, 2022;Oct 23, 2022;49,258.00;15,680.75;49,372.00;82,822.50;35,090.00;688.00;0.00;0.00;17,328.00;17,894.50;2,220.00;8,331.00
Oct 23, 2022;Oct 24, 2022;48,756.00;15,925.75;56,570.25;102,470.75;37,306.25;687.50;0.00;0.00;16,257.25;17,909.00;2,180.75;8,303.75
Oct 24, 2022;Oct 25, 2022;48,778.50;15,741.00;106,094.50;260,499.25;16,301.50;628.75;0.00;0.00;21,760.00;23,876.00;3,107.25;8,437.00
Oct 25, 2022;Oct 26, 2022;49,039.25;24,997.00;84,935.50;153,132.25;38,931.75;671.50;0.00;0.00;11,629.50;49,925.75;2,765.25;8,506.00
Oct 26, 2022;Oct 27, 2022;49,071.50;22,107.25;64,417.75;82,189.50;29,676.25;648.25;0.00;0.00;11,570.50;53,136.75;2,870.50;8,615.00
Oct 27, 2022;Oct 28, 2022;49,130.25;23,624.00;88,988.50;120,415.25;49,245.75;691.25;0.00;0.00;18,782.00;30,791.00;5,122.25;7,757.00
Oct 28, 2022;Oct 29, 2022;49,058.50;22,644.75;63,840.50;138,792.00;40,792.25;686.50;0.00;0.00;9,348.00;27,518.25;4,869.25;8,026.00
Oct 29, 2022;Oct 30, 2022;49,444.50;20,015.00;21,104.25;48,633.00;32,399.25;637.50;4,410.50;0.00;9,650.75;25,008.25;2,809.25;8,589.00
Oct 30, 2022;Oct 31, 2022;51,617.00;20,879.75;30,604.25;65,302.00;46,992.75;664.00;12,765.25;0.00;8,200.00;14,567.50;4,850.25;1,966.25
Oct 31, 2022;Nov 1, 2022;50,053.50;20,513.25;47,444.00;58,604.75;37,419.75;654.50;28,572.25;0.00;16,005.75;50,359.25;6,774.00;8,538.00
Nov 1, 2022;Nov 2, 2022;48,760.75;18,301.25;125,069.25;227,677.25;26,857.00;651.25;31,112.75;92.00;10,665.00;14,428.50;4,182.00;7,428.00
Nov 2, 2022;Nov 3, 2022;48,952.25;15,763.50;113,178.25;256,759.00;31,874.50;670.25;33,356.00;167.75;9,417.00;23,733.00;5,169.00;6,378.00
Nov 3, 2022;Nov 4, 2022;49,804.25;16,936.75;112,409.75;223,762.00;31,062.50;695.25;33,527.75;313.00;4,008.75;24,305.00;4,054.50;8,548.00
Nov 4, 2022;Nov 5, 2022;50,002.50;20,732.25;109,137.75;136,960.00;15,061.75;729.25;33,641.50;337.00;29,753.50;41,195.75;4,519.50;8,268.00
Nov 5, 2022;Nov 6, 2022;49,325.50;18,845.75;80,812.75;132,311.00;23,766.25;782.75;33,795.25;378.00;15,193.00;12,804.00;4,430.50;8,180.00
Nov 6, 2022;Nov 7, 2022;47,834.25;15,336.25;88,408.00;234,179.50;30,209.50;807.75;33,723.50;286.00;11,112.75;7,915.75;4,430.75;8,516.00
Nov 7, 2022;Nov 8, 2022;49,510.25;15,533.25;89,624.00;264,176.00;26,880.75;744.25;33,411.00;281.00;14,712.50;15,609.50;4,296.00;8,298.00
Nov 8, 2022;Nov 9, 2022;48,802.25;15,260.00;100,141.25;233,601.00;38,801.50;755.75;33,789.50;265.00;20,060.00;17,190.75;5,874.00;6,381.00
Nov 9, 2022;Nov 10, 2022;49,179.00;15,441.25;103,812.75;244,949.50;23,003.25;720.75;33,512.25;280.00;22,074.50;19,615.00;4,963.25;6,176.00
Nov 10, 2022;Nov 11, 2022;49,445.75;17,655.00;120,968.00;221,083.50;29,455.50;739.25;33,437.50;255.00;23,804.25;19,482.75;5,415.00;6,712.00
Nov 11, 2022;Nov 12, 2022;49,826.50;16,659.50;119,941.25;187,622.25;26,300.75;847.00;33,876.75;334.00;23,982.25;21,015.75;4,084.50;6,330.00
Nov 12, 2022;Nov 13, 2022;50,875.25;17,400.50;24,908.50;41,545.25;22,228.75;831.25;33,971.00;341.00;42,736.25;20,825.75;4,908.00;5,453.00
Nov 13, 2022;Nov 14, 2022;50,197.00;13,806.00;39,860.25;96,538.00;42,450.25;846.25;33,810.75;339.00;34,231.50;21,974.50;2,524.50;6,200.00
Nov 14, 2022;Nov 15, 2022;51,178.00;14,316.50;97,627.75;163,413.50;32,401.00;838.50;33,830.00;338.00;29,658.75;37,734.25;6,165.25;6,180.50
Nov 15, 2022;Nov 16, 2022;50,880.25;17,456.00;83,877.75;132,160.00;33,920.50;846.50;33,847.75;309.00;60,284.50;19,768.75;5,461.25;6,624.00
Nov 16, 2022;Nov 17, 2022;50,662.00;16,071.75;97,233.00;226,467.75;9,068.00;865.25;33,842.00;287.00;34,751.50;32,714.25;4,868.50;7,342.50
Nov 17, 2022;Nov 18, 2022;48,329.25;14,467.75;62,321.75;303,452.00;9,860.25;871.00;33,740.00;288.00;25,962.50;34,143.25;4,601.25;7,036.75
Nov 18, 2022;Nov 19, 2022;50,225.25;13,318.50;101,483.75;179,839.75;7,665.75;853.75;33,731.25;371.00;42,514.75;25,750.25;6,922.50;5,940.00
Nov 19, 2022;Nov 20, 2022;50,082.75;15,027.75;49,922.25;51,326.25;12,015.75;877.00;34,008.75;383.00;64,271.50;24,440.75;3,937.75;5,176.00
Nov 20, 2022;Nov 21, 2022;49,382.50;12,968.75;18,112.00;34,170.00;9,331.25;798.00;33,874.00;372.00;60,829.50;18,878.00;3,558.75;5,817.00
Nov 21, 2022;Nov 22, 2022;49,950.75;15,383.50;41,354.00;92,183.25;18,257.50;787.25;33,870.50;408.00;42,571.50;43,193.00;7,823.00;7,712.25
Nov 22, 2022;Nov 23, 2022;50,359.00;18,660.50;129,026.50;148,122.25;11,532.25;773.50;33,838.25;408.00;25,144.25;39,709.00;7,767.25;8,530.00
Nov 23, 2022;Nov 24, 2022;50,215.25;17,380.50;108,123.75;151,607.00;20,623.00;748.25;33,903.25;352.00;35,597.00;36,857.00;5,717.50;9,734.75
Nov 24, 2022;Nov 25, 2022;49,864.00;18,512.00;90,228.00;117,127.00;12,408.00;656.75;33,717.00;347.00;45,057.75;45,417.50;6,534.00;10,392.50
Nov 25, 2022;Nov 26, 2022;50,980.25;17,292.50;80,681.00;115,280.00;14,758.00;690.50;33,978.25;398.00;67,945.50;48,955.75;4,488.75;8,652.25
Nov 26, 2022;Nov 27, 2022;50,953.50;17,762.50;54,494.75;73,124.25;11,364.50;705.75;33,890.50;373.00;88,368.25;23,892.25;5,522.25;8,503.25
Nov 27, 2022;Nov 28, 2022;49,730.00;13,029.75;105,047.50;141,840.50;11,790.50;720.75;34,053.75;400.00;32,598.00;21,535.75;3,086.25;8,187.00
Nov 28, 2022;Nov 29, 2022;50,323.00;13,969.75;61,267.75;131,025.00;7,671.75;706.75;31,054.75;400.00;71,240.75;52,233.50;6,433.75;8,051.25
Nov 29, 2022;Nov 30, 2022;50,838.25;17,879.50;16,991.00;26,950.00;5,031.00;658.75;34,024.75;388.00;100,967.75;69,281.75;5,028.00;3,187.50
Nov 30, 2022;Dec 1, 2022;50,479.00;20,816.25;24,807.25;19,159.00;5,166.75;651.50;34,076.75;0.00;97,645.25;89,406.75;4,469.50;5,676.75
Dec 1, 2022;Dec 2, 2022;50,680.75;16,181.50;34,019.25;27,414.50;8,726.25;668.25;32,010.50;0.00;106,315.50;87,721.50;5,538.25;7,271.00
Dec 2, 2022;Dec 3, 2022;50,582.75;15,238.50;99,608.25;84,707.50;3,503.50;673.75;32,721.00;191.00;89,570.25;64,562.50;4,454.25;7,063.25
Dec 3, 2022;Dec 4, 2022;50,732.50;12,598.50;116,802.25;88,362.75;2,593.00;688.50;29,628.75;393.00;76,252.75;50,672.25;4,575.25;7,118.00
Dec 4, 2022;Dec 5, 2022;49,679.00;10,416.50;106,682.75;103,465.50;6,637.00;687.50;29,115.25;405.00;59,881.75;37,799.00;2,026.75;6,325.00
Dec 5, 2022;Dec 6, 2022;50,653.50;11,756.25;105,180.00;88,394.75;2,657.50;660.75;32,832.00;408.00;69,929.50;66,473.25;4,824.50;6,966.50
Dec 6, 2022;Dec 7, 2022;51,174.50;15,485.50;49,440.00;43,973.25;5,656.50;676.50;33,288.00;408.00;92,250.50;65,826.00;3,795.00;6,534.25
Dec 7, 2022;Dec 8, 2022;50,892.00;13,574.00;87,998.00;111,784.50;9,572.25;758.25;29,968.25;408.00;56,083.50;52,166.00;3,123.00;9,970.75
Dec 8, 2022;Dec 9, 2022;51,972.50;12,147.75;27,969.75;59,403.50;10,350.25;775.25;32,640.75;404.00;98,413.25;67,191.25;5,232.75;9,201.75
Dec 9, 2022;Dec 10, 2022;51,770.25;15,092.25;51,493.25;39,654.25;8,543.75;770.50;31,739.00;394.00;100,783.25;77,509.25;6,189.00;9,408.50
Dec 10, 2022;Dec 11, 2022;51,699.75;12,471.00;42,785.75;20,468.00;5,452.50;779.50;33,632.00;390.00;78,422.50;58,163.75;2,713.25;7,380.25
Dec 11, 2022;Dec 12, 2022;51,257.00;10,760.50;41,580.50;10,267.00;4,996.25;876.50;34,373.75;384.00;76,364.00;52,865.50;3,238.75;7,249.25
Dec 12, 2022;Dec 13, 2022;51,739.25;13,277.25;30,924.75;7,112.75;9,454.00;819.50;34,424.25;375.00;91,759.25;84,298.50;6,585.00;7,833.25
Dec 13, 2022;Dec 14, 2022;51,750.25;15,809.00;57,215.50;49,973.25;14,528.00;792.00;34,416.25;362.00;82,538.50;84,549.75;6,150.75;6,869.50
Dec 14, 2022;Dec 15, 2022;51,790.75;15,193.75;56,120.75;69,522.50;6,233.50;813.00;34,415.25;374.00;81,567.75;83,155.00;7,118.25;6,460.00
Dec 15, 2022;Dec 16, 2022;52,216.75;15,351.75;76,045.50;87,693.00;6,275.50;812.25;34,345.75;351.00;84,488.25;84,614.75;5,023.00;6,324.00
Dec 16, 2022;Dec 17, 2022;52,469.50;15,705.00;31,593.50;32,896.00;5,082.00;755.00;34,328.50;349.00;98,547.25;86,689.00;7,455.75;6,660.50
Dec 17, 2022;Dec 18, 2022;51,805.25;13,644.50;105,806.50;48,211.25;6,659.25;769.25;34,327.50;352.00;86,247.25;51,702.75;3,007.50;6,952.00
Dec 18, 2022;Dec 19, 2022;51,040.00;10,895.50;94,610.25;149,405.00;5,560.25;790.00;34,313.75;345.00;52,304.75;38,556.75;2,036.00;7,033.00
Dec 19, 2022;Dec 20, 2022;51,123.75;10,278.50;112,237.00;238,905.25;1,585.25;763.75;34,305.50;406.00;35,108.00;44,121.00;4,150.00;7,206.00
Dec 20, 2022;Dec 21, 2022;50,836.75;11,197.25;91,253.00;246,744.25;2,892.00;804.75;34,279.00;408.00;30,579.00;35,175.50;7,068.00;6,391.50
Dec 21, 2022;Dec 22, 2022;51,116.25;11,235.50;86,921.25;134,037.25;3,861.50;853.50;34,140.00;408.00;59,141.25;29,617.50;4,431.75;6,569.00
Dec 22, 2022;Dec 23, 2022;51,458.50;11,032.25;88,123.00;162,418.75;7,490.25;838.75;33,880.25;408.00;56,331.25;23,209.75;3,505.00;7,707.00
Dec 23, 2022;Dec 24, 2022;51,810.75;14,787.25;28,790.50;83,417.25;5,287.50;830.50;33,651.00;396.00;59,283.75;25,357.75;3,985.75;7,518.00
Dec 24, 2022;Dec 25, 2022;49,849.50;20,118.00;48,849.75;146,462.00;11,103.75;830.25;33,669.25;367.00;20,256.00;13,172.75;6,664.25;7,985.00
Dec 25, 2022;Dec 26, 2022;49,512.25;16,144.00;70,725.50;106,610.00;14,755.75;857.50;33,793.75;386.00;18,193.50;11,318.50;4,315.25;8,074.00
Dec 26, 2022;Dec 27, 2022;48,459.50;12,798.50;99,069.50;241,160.00;6,644.25;846.75;33,510.00;394.00;17,865.75;10,145.25;3,400.50;7,850.00
Dec 27, 2022;Dec 28, 2022;49,672.75;13,947.50;113,310.25;237,200.00;21,223.00;874.50;33,753.75;370.00;18,749.00;16,257.75;5,617.00;7,548.00
Dec 28, 2022;Dec 29, 2022;49,283.75;13,120.25;120,330.75;300,821.25;13,710.50;774.00;33,596.75;368.00;13,387.75;12,251.50;3,949.25;6,848.00
Dec 29, 2022;Dec 30, 2022;48,920.75;11,392.25;85,447.50;312,959.75;12,554.00;707.00;33,300.50;344.00;10,972.25;10,864.50;6,155.00;6,166.00
Dec 30, 2022;Dec 31, 2022;48,862.25;11,143.25;99,221.75;289,759.50;19,268.00;741.25;33,276.25;374.00;12,114.50;10,525.50;4,163.00;6,095.00
Dec 31, 2022;Jan 1, 2023;48,604.75;10,247.00;80,080.75;256,718.25;12,041.50;688.00;32,754.50;156.00;9,062.75;9,610.25;5,274.50;6,550.00
Jan 1, 2023;Jan 2, 2023;47,119.00;9,933.75;95,041.50;253,054.25;18,937.25;728.25;32,934.75;128.00;9,142.50;11,235.25;5,668.00;6,533.00
Jan 2, 2023;Jan 3, 2023;48,776.75;10,175.75;65,859.50;224,151.00;15,676.75;732.25;32,928.00;288.00;18,574.25;13,934.00;3,599.00;7,033.00
Jan 3, 2023;Jan 4, 2023;49,470.50;12,355.75;83,462.75;140,573.00;14,441.25;750.00;32,851.50;388.00;35,591.25;16,604.25;5,162.75;7,788.00
Jan 4, 2023;Jan 5, 2023;47,921.75;11,738.25;102,553.25;408,195.00;5,978.75;724.50;32,647.25;363.00;12,093.50;13,311.00;4,395.50;7,787.00
Jan 5, 2023;Jan 6, 2023;48,609.00;11,504.50;50,412.75;237,500.25;8,262.00;697.00;32,314.25;379.00;22,167.25;16,613.25;6,253.25;7,577.00
Jan 6, 2023;Jan 7, 2023;48,974.75;10,377.25;115,251.50;241,053.25;14,215.75;765.25;32,382.75;349.00;14,402.00;16,019.50;3,728.50;7,341.00
Jan 7, 2023;Jan 8, 2023;48,940.75;10,346.00;129,374.75;206,769.50;17,387.00;780.50;32,297.75;302.00;10,496.50;13,123.75;4,054.00;7,375.00
Jan 8, 2023;Jan 9, 2023;48,822.50;10,943.75;133,734.00;193,079.50;9,648.75;758.75;32,442.00;307.00;10,022.00;13,314.75;4,092.25;8,203.00
Jan 9, 2023;Jan 10, 2023;49,907.25;11,970.75;88,036.00;163,436.50;8,025.00;722.50;32,154.50;404.00;33,717.50;20,710.25;5,953.00;7,972.00
Jan 10, 2023;Jan 11, 2023;49,223.00;14,011.00;83,978.00;232,399.75;8,294.50;753.75;32,097.50;407.00;27,002.00;23,434.50;5,391.75;7,214.00
Jan 11, 2023;Jan 12, 2023;49,321.75;13,950.25;96,801.50;295,770.00;7,865.75;678.00;31,899.25;412.00;21,773.25;19,743.50;5,947.75;7,115.00
Jan 12, 2023;Jan 13, 2023;48,804.25;13,690.25;92,720.00;369,775.50;7,573.50;673.25;31,573.75;387.00;19,966.25;22,399.75;6,167.00;7,288.00
Jan 13, 2023;Jan 14, 2023;49,130.75;14,447.00;81,777.25;405,665.50;10,610.75;729.00;30,772.75;383.00;19,302.75;26,914.75;6,593.50;5,670.00
Jan 14, 2023;Jan 15, 2023;48,890.50;12,134.25;116,937.75;353,520.50;11,995.50;731.00;31,525.25;384.00;11,005.00;17,033.25;4,156.75;5,406.00
Jan 15, 2023;Jan 16, 2023;47,516.75;9,903.50;86,498.00;383,795.00;7,623.75;813.25;31,272.25;367.00;10,627.50;18,220.75;1,378.75;5,380.00
Jan 16, 2023;Jan 17, 2023;50,313.00;11,013.75;60,139.00;214,984.50;21,861.50;850.50;31,374.25;411.00;22,154.00;38,308.25;5,974.75;5,512.00
Jan 17, 2023;Jan 18, 2023;50,336.00;13,076.50;98,339.25;199,457.00;27,103.75;844.25;31,361.75;430.00;14,426.00;42,300.50;5,521.75;5,376.00
Jan 18, 2023;Jan 19, 2023;50,472.50;14,091.25;106,169.00;149,697.00;12,292.00;837.25;31,271.75;419.00;56,146.50;61,728.25;3,617.00;5,616.25
Jan 19, 2023;Jan 20, 2023;50,196.25;16,738.50;84,772.00;196,700.25;11,382.25;840.50;31,266.75;429.00;50,572.25;60,517.75;5,779.00;5,510.25
Jan 20, 2023;Jan 21, 2023;50,833.50;22,134.00;18,702.75;40,044.25;7,960.00;844.00;31,144.75;432.00;82,137.50;80,076.75;7,177.50;6,356.75
Jan 21, 2023;Jan 22, 2023;49,725.75;15,639.75;21,417.50;89,813.50;6,702.75;840.00;31,052.75;421.00;62,053.50;45,461.75;1,668.75;6,867.00
Jan 22, 2023;Jan 23, 2023;49,796.75;14,008.75;28,404.00;106,293.00;3,745.00;776.25;30,923.75;432.00;53,148.50;54,677.50;4,839.00;7,916.00
Jan 23, 2023;Jan 24, 2023;50,585.25;20,910.50;8,124.25;44,055.00;7,051.50;736.50;30,728.00;432.00;93,761.25;87,422.75;8,389.50;8,039.25
Jan 24, 2023;Jan 25, 2023;50,588.50;23,377.25;4,894.75;27,667.50;6,038.50;755.75;30,520.00;435.00;99,061.00;81,671.00;7,662.25;10,041.25
Jan 25, 2023;Jan 26, 2023;51,481.00;23,044.25;57,488.00;29,950.00;2,755.25;778.25;30,516.75;432.00;97,968.25;92,202.50;6,341.00;7,742.25
Jan 26, 2023;Jan 27, 2023;50,704.00;19,952.00;87,413.50;44,250.75;4,551.25;823.00;30,417.75;432.00;78,542.25;75,798.00;5,270.00;9,337.50
Jan 27, 2023;Jan 28, 2023;51,194.75;14,602.00;31,949.75;65,301.00;6,825.50;818.50;30,269.50;432.00;82,137.00;75,249.50;4,974.00;7,643.75
Jan 28, 2023;Jan 29, 2023;51,277.00;12,749.00;29,147.75;42,712.00;9,004.75;818.50;30,149.25;427.00;91,962.25;74,911.25;3,441.00;7,303.00
Jan 29, 2023;Jan 30, 2023;49,337.00;10,463.25;77,059.00;199,776.75;11,146.75;794.50;30,072.50;423.00;26,273.50;45,507.00;3,099.75;7,677.00
Jan 30, 2023;Jan 31, 2023;46,871.00;13,915.50;73,115.75;286,142.75;10,143.50;784.50;29,809.75;366.00;20,665.75;39,791.50;5,755.00;7,722.00
Jan 31, 2023;Feb 1, 2023;48,353.50;12,745.00;65,281.25;297,797.25;9,133.00;778.75;29,647.75;357.00;30,175.75;57,035.25;3,727.75;7,859.00
Feb 1, 2023;Feb 2, 2023;48,194.50;11,311.50;62,431.25;357,436.75;8,653.00;767.25;29,522.50;395.00;25,953.50;38,610.00;4,948.50;7,953.00
Feb 2, 2023;Feb 3, 2023;50,370.25;12,115.50;64,776.50;190,442.00;8,267.50;771.75;29,569.75;411.00;39,057.00;48,998.75;4,652.50;7,722.00
Feb 3, 2023;Feb 4, 2023;48,658.00;13,530.75;49,469.25;368,062.25;6,948.00;758.50;29,398.75;384.00;24,062.00;25,394.75;2,016.50;7,070.00
Feb 4, 2023;Feb 5, 2023;50,102.50;14,412.00;24,448.75;55,971.75;29,840.25;793.75;29,572.50;413.00;36,016.50;32,778.25;5,972.25;7,610.00
Feb 5, 2023;Feb 6, 2023;49,156.00;11,692.00;90,239.50;74,372.75;19,277.50;805.75;29,653.75;432.00;22,967.00;28,529.50;3,623.25;7,421.25
Feb 6, 2023;Feb 7, 2023;50,498.75;13,799.25;9,648.50;40,829.00;21,910.50;812.50;29,545.75;422.00;66,402.75;82,602.50;4,601.50;7,455.75
Feb 7, 2023;Feb 8, 2023;50,510.00;16,421.50;28,699.50;40,589.50;54,184.00;818.75;29,429.25;408.00;63,477.75;77,748.50;5,975.00;7,829.50
Feb 8, 2023;Feb 9, 2023;50,345.50;15,172.50;47,828.50;80,325.50;59,359.50;834.75;29,308.50;408.00;73,095.50;55,474.25;5,395.50;7,542.75
Feb 9, 2023;Feb 10, 2023;50,324.25;13,945.50;89,150.50;165,346.25;52,419.25;831.00;29,162.00;418.00;48,913.25;57,922.00;6,362.75;7,452.00
Feb 10, 2023;Feb 11, 2023;50,793.50;13,037.25;72,176.25;200,769.25;41,577.25;829.75;29,041.50;424.00;49,082.25;47,027.75;5,396.25;7,780.00
Feb 11, 2023;Feb 12, 2023;49,009.00;12,050.50;55,876.50;214,650.50;17,043.00;824.25;28,845.25;439.00;33,306.25;31,334.50;1,250.00;7,853.00
Feb 12, 2023;Feb 13, 2023;49,827.50;11,130.50;16,721.75;34,066.00;18,520.50;826.00;28,653.50;445.00;82,893.25;37,270.25;1,346.00;8,042.00
Feb 13, 2023;Feb 14, 2023;50,302.25;12,730.00;3,479.00;17,759.00;27,255.25;839.00;28,583.25;430.00;96,655.75;72,220.50;3,974.25;7,534.00
Feb 14, 2023;Feb 15, 2023;50,519.75;13,436.75;16,281.25;28,752.75;28,028.75;783.75;28,531.00;438.00;90,567.75;78,146.50;2,929.25;7,878.25
Feb 15, 2023;Feb 16, 2023;51,116.75;16,378.00;32,867.25;43,172.50;27,882.25;816.50;28,459.25;442.00;82,283.00;54,719.00;3,437.75;8,173.50
Feb 16, 2023;Feb 17, 2023;50,513.75;15,988.75;61,910.00;147,900.50;34,241.75;818.50;28,265.50;440.00;63,302.50;29,454.25;2,673.50;7,399.00
Feb 17, 2023;Feb 18, 2023;48,712.00;12,930.75;55,033.00;376,238.00;13,130.00;796.00;27,641.75;395.00;26,106.25;18,812.75;1,545.75;7,208.00
Feb 18, 2023;Feb 19, 2023;49,356.00;11,123.50;39,537.00;246,772.00;17,531.25;784.50;27,329.00;387.00;18,850.25;14,945.75;2,782.75;8,207.00
Feb 19, 2023;Feb 20, 2023;49,936.25;11,747.25;40,037.50;136,049.50;24,658.75;820.75;27,428.50;424.00;12,941.75;16,428.00;2,914.50;8,199.00
Feb 20, 2023;Feb 21, 2023;47,659.75;12,375.25;65,715.25;344,665.00;44,459.50;819.25;27,370.50;438.00;19,001.75;19,656.25;2,771.25;8,020.00
Feb 21, 2023;Feb 22, 2023;50,552.25;12,318.75;33,512.25;132,742.00;40,787.25;810.00;27,399.25;418.00;44,862.50;34,478.00;2,755.75;8,099.00
Feb 22, 2023;Feb 23, 2023;51,017.75;12,572.25;14,664.50;43,639.50;49,796.00;841.25;27,284.00;423.00;81,770.75;51,669.50;1,930.75;8,144.00
Feb 23, 2023;Feb 24, 2023;51,128.75;15,701.75;55,426.00;64,673.25;17,849.50;841.50;27,113.50;439.00;68,001.00;60,389.00;4,636.50;8,135.00
Feb 24, 2023;Feb 25, 2023;51,235.25;13,553.25;84,520.50;243,065.50;18,065.25;846.50;26,994.00;424.00;27,249.25;36,197.50;2,223.50;7,871.00
Feb 25, 2023;Feb 26, 2023;49,032.25;12,760.25;84,291.50;243,820.25;32,858.50;877.00;27,100.75;393.00;18,136.50;23,492.00;4,941.75;7,720.00
Feb 26, 2023;Feb 27, 2023;49,526.00;12,242.00;65,402.50;120,709.50;37,100.75;880.75;27,134.00;424.00;19,098.00;25,544.75;2,867.00;7,560.00
Feb 27, 2023;Feb 28, 2023;50,288.50;13,650.00;10,795.50;58,810.00;44,469.50;863.50;27,002.75;429.00;66,714.00;64,249.50;5,759.50;7,975.00
Feb 28, 2023;Mar 1, 2023;49,874.75;14,956.00;5,443.00;47,034.50;68,990.75;863.75;26,870.75;433.00;59,637.75;61,142.00;6,334.00;5,439.00
Mar 1, 2023;Mar 2, 2023;50,122.00;15,265.25;6,188.00;59,626.75;71,409.50;866.00;26,650.25;429.00;60,716.25;60,773.00;5,618.25;7,248.25
Mar 2, 2023;Mar 3, 2023;50,741.25;17,135.00;17,496.25;54,941.50;68,154.25;863.25;26,394.50;440.00;56,945.75;61,859.00;7,544.25;6,964.00
Mar 3, 2023;Mar 4, 2023;51,146.00;20,713.25;54,748.75;74,418.50;56,521.75;862.50;26,397.50;439.00;43,688.25;46,646.25;6,234.50;7,229.75
Mar 4, 2023;Mar 5, 2023;49,788.75;13,707.50;76,660.50;198,046.25;32,380.50;867.25;26,421.00;445.00;21,113.25;26,607.75;3,757.00;6,529.00
Mar 5, 2023;Mar 6, 2023;50,155.75;12,511.25;65,789.75;110,279.25;21,135.25;867.25;26,253.00;440.00;33,749.00;36,138.25;3,931.25;6,435.00
Mar 6, 2023;Mar 7, 2023;51,183.50;14,523.00;63,004.75;83,176.25;27,799.50;862.00;26,123.00;439.00;75,136.25;69,393.50;6,580.50;8,060.00
Mar 7, 2023;Mar 8, 2023;49,347.75;13,568.00;67,198.00;247,694.75;40,348.00;870.50;25,908.25;0.00;26,882.00;38,398.00;4,882.75;7,638.00
Mar 8, 2023;Mar 9, 2023;51,077.75;12,975.50;14,466.25;64,833.50;17,144.00;846.75;25,565.00;0.00;84,464.00;69,395.00;5,994.50;7,600.00
Mar 9, 2023;Mar 10, 2023;50,878.75;13,921.75;11,590.50;89,866.75;30,901.00;820.25;25,174.25;0.00;68,731.00;45,199.75;4,226.25;7,372.00
Mar 10, 2023;Mar 11, 2023;50,287.00;14,478.75;96,579.50;184,527.75;31,583.25;784.50;25,204.75;0.00;27,721.00;34,001.00;3,252.75;7,311.00
Mar 11, 2023;Mar 12, 2023;49,150.00;13,447.00;65,755.25;141,027.50;40,330.75;872.25;25,493.75;0.00;16,701.00;18,216.00;7,009.25;7,848.00
Mar 12, 2023;Mar 13, 2023;48,979.25;10,899.00;74,103.50;153,756.75;25,708.75;864.25;25,318.25;0.00;13,346.75;19,914.75;2,714.25;7,965.00
Mar 13, 2023;Mar 14, 2023;47,391.00;9,829.25;83,319.50;346,399.25;38,868.25;819.25;24,735.25;110.25;14,160.50;12,482.50;6,968.25;7,657.00
Mar 14, 2023;Mar 15, 2023;47,732.75;13,907.50;65,938.25;313,515.75;28,091.50;835.25;24,705.25;343.25;14,195.50;15,081.50;7,787.00;7,974.00
Mar 15, 2023;Mar 16, 2023;49,226.75;16,979.25;87,829.25;139,320.00;51,591.25;803.00;24,961.50;438.00;15,476.25;37,501.75;6,655.00;7,544.00
Mar 16, 2023;Mar 17, 2023;49,375.75;13,073.50;104,487.50;212,005.50;74,857.25;766.00;24,848.00;446.00;15,045.25;28,651.75;3,926.00;7,572.00
Mar 17, 2023;Mar 18, 2023;49,846.50;12,745.25;65,163.50;137,421.25;73,307.00;735.25;24,563.00;409.00;13,148.25;16,117.75;6,593.75;7,935.00
Mar 18, 2023;Mar 19, 2023;49,473.25;11,671.25;14,842.50;65,421.75;71,123.75;716.00;24,357.75;309.00;14,165.00;15,604.75;5,035.00;8,035.00
Mar 19, 2023;Mar 20, 2023;49,280.50;11,732.00;47,377.00;47,621.50;47,364.25;729.25;24,218.00;349.00;17,697.75;18,620.75;4,385.00;7,571.00
Mar 20, 2023;Mar 21, 2023;49,963.00;17,098.50;37,365.50;98,410.75;31,263.25;724.50;24,082.75;442.00;24,317.00;33,316.25;5,881.75;7,710.00
Mar 21, 2023;Mar 22, 2023;49,980.50;17,254.75;90,372.75;95,160.00;56,175.75;719.50;23,971.00;424.00;22,754.75;37,332.75;3,592.50;8,363.00
Mar 22, 2023;Mar 23, 2023;47,975.25;14,817.25;95,069.50;246,314.75;67,724.25;632.00;23,673.50;400.00;12,698.50;13,158.25;6,850.75;8,342.00
Mar 23, 2023;Mar 24, 2023;47,671.00;14,155.75;84,805.75;239,994.75;37,337.25;621.75;23,459.00;365.00;16,020.00;12,317.25;8,180.00;8,326.75
Mar 24, 2023;Mar 25, 2023;47,034.50;14,225.50;73,873.50;272,074.75;35,079.25;628.75;23,380.25;335.00;11,971.25;11,933.25;6,445.75;8,323.00
Mar 25, 2023;Mar 26, 2023;48,114.25;16,137.25;97,231.25;273,062.25;51,065.50;642.50;23,502.00;343.00;9,570.50;10,238.50;3,799.75;8,044.00
Mar 26, 2023;Mar 27, 2023;46,996.50;12,081.00;74,360.50;150,190.00;37,276.25;585.00;22,521.00;383.00;10,304.00;12,097.75;7,592.75;7,700.25
Mar 27, 2023;Mar 28, 2023;47,964.00;14,679.50;93,822.75;218,593.75;64,140.75;580.50;23,551.75;439.00;14,175.25;13,192.75;7,304.75;7,696.00
Mar 28, 2023;Mar 29, 2023;49,450.75;15,030.50;66,854.00;98,499.25;72,667.00;583.25;23,538.00;442.00;27,964.50;23,060.75;7,213.00;7,154.00
Mar 29, 2023;Mar 30, 2023;50,260.00;14,829.75;77,503.75;91,622.25;42,235.50;560.50;23,220.00;400.00;30,904.00;32,205.50;6,440.50;7,607.00
Mar 30, 2023;Mar 31, 2023;48,724.75;16,924.50;115,696.50;272,481.25;33,438.75;545.75;22,794.75;332.00;14,211.75;14,697.00;5,692.75;7,728.00
Mar 31, 2023;Apr 1, 2023;50,168.25;22,715.25;40,886.25;135,148.50;37,504.50;556.50;22,782.50;333.00;15,639.00;12,484.25;7,838.75;7,275.00
Apr 1, 2023;Apr 2, 2023;48,501.50;19,317.50;107,265.25;262,034.25;31,831.25;594.25;22,757.00;337.00;8,594.75;12,661.00;5,912.75;6,831.00
Apr 2, 2023;Apr 3, 2023;48,097.50;16,111.50;80,282.25;176,646.25;46,892.00;571.25;22,447.25;419.00;9,444.50;13,321.50;4,582.25;5,747.00
Apr 3, 2023;Apr 4, 2023;49,408.00;17,062.00;15,865.50;86,118.50;87,582.00;608.00;22,255.25;436.00;25,082.25;34,344.00;6,843.75;5,375.00
Apr 4, 2023;Apr 5, 2023;49,603.25;16,984.00;3,052.00;25,175.75;90,827.00;675.50;22,065.00;439.00;59,809.75;37,760.00;5,357.50;5,065.00
Apr 5, 2023;Apr 6, 2023;50,092.25;14,909.75;7,415.50;14,882.50;104,208.25;687.25;21,603.25;436.00;66,189.00;34,279.75;6,183.50;5,408.00
Apr 6, 2023;Apr 7, 2023;49,425.50;14,312.75;55,866.00;76,817.25;109,489.75;697.25;21,324.00;370.00;30,383.00;29,153.50;6,437.00;5,094.00
Apr 7, 2023;Apr 8, 2023;48,942.75;13,351.00;76,464.25;125,074.25;87,003.50;755.75;20,913.75;351.00;13,277.00;17,560.50;4,758.75;5,329.00
Apr 8, 2023;Apr 9, 2023;49,194.50;15,054.50;16,126.50;34,386.50;30,191.50;727.50;20,459.00;337.00;16,608.25;14,515.00;4,209.50;5,210.00
Apr 9, 2023;Apr 10, 2023;48,668.00;14,514.25;21,884.50;26,414.75;75,643.75;720.50;20,342.75;269.00;15,528.25;10,432.25;3,587.75;5,387.00
Apr 10, 2023;Apr 11, 2023;47,729.00;12,229.50;111,401.25;198,437.00;99,845.50;740.75;19,885.50;249.00;9,431.50;20,634.75;2,308.75;5,338.00
Apr 11, 2023;Apr 12, 2023;48,197.00;13,145.75;82,485.25;205,430.25;62,948.75;728.00;19,666.00;198.00;14,449.75;22,916.25;8,994.50;4,284.00
Apr 12, 2023;Apr 13, 2023;48,407.00;14,520.00;42,831.50;178,324.75;37,118.50;689.25;19,400.50;314.00;17,570.75;26,563.50;4,652.00;4,887.00
Apr 13, 2023;Apr 14, 2023;47,993.75;16,597.75;89,848.00;171,440.00;56,399.00;738.50;19,284.50;313.00;23,467.75;21,497.00;4,730.00;4,517.00
Apr 14, 2023;Apr 15, 2023;49,015.75;17,777.50;43,553.50;36,404.00;61,881.75;768.50;19,147.75;374.00;44,167.00;34,089.25;4,643.25;3,876.00
Apr 15, 2023;Apr 16, 2023;48,352.25;17,981.75;65,271.75;107,193.00;23,784.50;783.00;17,593.00;358.00;14,201.50;13,247.00;3,230.50;4,154.00
Apr 16, 2023;Apr 17, 2023;48,026.00;17,946.25;11,669.50;56,162.50;40,068.25;835.25;-;321.00;18,162.75;12,650.75;2,513.50;4,205.00
Apr 17, 2023;Apr 18, 2023;48,621.75;19,286.75;18,203.00;83,052.00;69,119.00;833.00;-;345.00;38,423.25;33,175.75;4,000.75;4,210.00
Apr 18, 2023;Apr 19, 2023;47,898.25;17,589.25;47,771.50;169,039.50;56,568.25;824.25;-;340.00;35,929.00;21,570.25;2,761.25;4,363.00
Apr 19, 2023;Apr 20, 2023;46,849.00;16,822.00;41,564.00;203,209.50;74,808.25;844.00;-;308.00;31,119.25;21,213.50;2,410.50;4,345.00
Apr 20, 2023;Apr 21, 2023;47,989.50;19,343.25;56,732.25;196,680.25;52,665.50;847.50;-;319.00;31,307.75;22,388.75;4,175.00;4,287.00
Apr 21, 2023;Apr 22, 2023;46,586.00;17,976.00;54,925.00;219,667.75;109,080.00;796.75;-;0.00;21,217.50;21,517.00;3,050.00;3,912.00
Apr 22, 2023;Apr 23, 2023;47,302.00;16,837.25;37,789.25;141,894.50;104,420.50;772.00;-;0.00;17,503.75;14,893.50;3,933.00;3,725.00
Apr 23, 2023;Apr 24, 2023;46,728.75;16,389.50;27,130.50;64,075.75;77,016.50;776.75;-;0.00;9,641.25;14,211.00;3,430.25;3,828.00
Apr 24, 2023;Apr 25, 2023;47,454.25;20,595.50;53,314.75;236,505.75;50,769.00;753.25;-;0.00;14,074.25;17,604.75;3,945.00;3,839.00
Apr 25, 2023;Apr 26, 2023;47,363.00;20,214.25;59,030.00;213,524.00;64,737.25;746.00;-;0.00;18,842.50;25,156.25;3,887.50;3,851.00
Apr 26, 2023;Apr 27, 2023;48,080.25;19,797.50;61,677.25;122,497.50;85,858.25;738.50;-;0.00;19,517.75;29,466.00;3,830.25;4,129.00
Apr 27, 2023;Apr 28, 2023;48,002.00;20,843.50;19,098.50;41,048.50;97,961.25;731.00;-;0.00;19,918.50;34,339.50;4,764.75;3,855.00
Apr 28, 2023;Apr 29, 2023;47,918.50;21,004.75;55,195.00;91,432.00;35,083.00;731.50;-;0.00;18,224.25;22,082.50;4,327.00;4,467.00
Apr 29, 2023;Apr 30, 2023;47,267.50;27,987.25;24,881.25;101,773.75;69,726.50;721.75;-;0.00;12,291.00;21,705.00;3,623.75;2,737.50
Apr 30, 2023;May 1, 2023;46,640.00;28,207.50;5,529.50;30,309.75;111,172.75;771.50;-;0.00;16,563.75;15,162.25;4,079.25;3,971.00
May 1, 2023;May 2, 2023;46,622.25;26,252.00;28,769.50;56,803.50;82,574.75;822.75;-;0.00;16,334.75;15,399.50;2,710.25;4,903.00
May 2, 2023;May 3, 2023;46,881.25;27,960.50;50,937.50;126,284.50;66,807.50;826.75;0.00;0.00;15,081.75;24,888.50;5,772.50;5,504.00
May 3, 2023;May 4, 2023;46,652.50;28,948.25;5,486.50;35,401.75;107,755.25;823.50;0.00;196.00;13,653.00;27,695.00;4,347.00;5,409.00
May 4, 2023;May 5, 2023;46,497.75;28,015.25;45,256.00;91,556.75;119,862.75;776.25;0.00;71.00;10,231.50;21,926.25;4,274.25;6,040.00
May 5, 2023;May 6, 2023;46,222.50;27,023.25;56,860.50;165,384.25;90,940.50;739.75;0.00;0.00;10,167.75;30,941.25;4,169.00;5,877.00
May 6, 2023;May 7, 2023;46,400.00;28,939.00;53,537.50;78,261.25;86,290.50;787.50;0.00;0.00;9,341.75;22,082.75;3,596.00;7,161.00
May 7, 2023;May 8, 2023;45,763.00;28,645.25;93,547.50;159,743.25;96,987.50;755.50;0.00;0.00;9,311.25;19,589.75;2,889.50;7,242.00
May 8, 2023;May 9, 2023;46,171.00;31,694.00;43,833.00;121,053.75;94,212.50;800.75;0.00;0.00;19,363.50;27,603.00;4,190.00;6,987.00
May 9, 2023;May 10, 2023;45,787.25;32,689.00;19,289.75;148,361.25;111,507.00;779.50;0.00;0.00;23,556.75;20,785.00;3,826.50;5,410.00
May 10, 2023;May 11, 2023;46,230.25;34,376.50;9,653.75;52,836.25;48,595.25;806.25;0.00;0.00;28,844.50;26,538.50;3,390.50;5,511.00
May 11, 2023;May 12, 2023;46,647.50;30,513.25;10,738.00;20,843.50;34,618.25;847.00;0.00;0.00;36,484.50;35,919.50;3,218.00;5,838.00
May 12, 2023;May 13, 2023;46,439.50;32,543.00;36,509.25;98,545.75;66,721.00;833.25;-;0.00;15,219.75;26,240.00;4,441.25;5,846.00
May 13, 2023;May 14, 2023;45,913.00;31,116.50;29,309.50;77,167.00;85,714.50;828.25;-;0.00;21,827.00;15,186.25;3,804.00;5,921.00
May 14, 2023;May 15, 2023;45,492.00;31,132.75;11,432.00;32,191.75;86,940.75;826.75;-;0.00;27,361.00;16,058.50;3,220.25;6,580.00
May 15, 2023;May 16, 2023;46,185.25;31,843.75;42,562.00;73,758.75;92,189.75;825.50;-;0.00;22,943.25;31,576.50;4,607.50;7,497.00
May 16, 2023;May 17, 2023;45,428.75;29,481.25;78,380.50;221,021.00;68,645.00;841.00;-;0.00;9,420.00;16,432.75;3,415.75;7,335.00
May 17, 2023;May 18, 2023;45,150.00;28,258.00;50,317.50;156,477.50;87,698.75;843.00;-;0.00;12,133.50;28,132.50;6,105.75;5,490.75
May 18, 2023;May 19, 2023;45,385.75;27,858.00;4,350.75;44,541.00;114,926.50;852.50;-;0.00;22,107.00;18,180.00;3,937.75;7,551.00
May 19, 2023;May 20, 2023;45,766.75;28,233.50;25,467.75;79,727.75;101,743.00;859.00;-;0.00;14,203.75;18,974.25;5,122.75;7,623.00
May 20, 2023;May 21, 2023;44,464.75;28,031.75;57,755.50;141,172.25;100,881.25;708.75;-;0.00;9,056.75;12,625.00;5,872.75;7,762.00
May 21, 2023;May 22, 2023;43,544.50;27,196.75;51,118.50;101,743.50;105,153.75;628.50;-;0.00;12,025.50;12,328.25;3,066.00;7,890.00
May 22, 2023;May 23, 2023;43,723.00;31,089.75;48,530.25;88,047.50;109,569.75;669.50;-;0.00;11,112.50;25,403.25;4,941.25;7,817.75
May 23, 2023;May 24, 2023;43,159.75;31,213.00;84,730.50;219,144.50;70,761.25;740.75;-;0.00;15,838.50;14,939.25;3,787.00;7,658.00
May 24, 2023;May 25, 2023;45,099.75;35,307.50;52,554.75;75,055.75;79,713.25;799.25;-;0.00;14,179.75;28,005.75;4,887.25;7,695.00
May 25, 2023;May 26, 2023;45,112.50;31,673.50;55,813.25;89,732.75;119,748.50;753.50;-;0.00;12,670.75;22,183.75;4,356.75;7,968.00
May 26, 2023;May 27, 2023;45,141.75;33,454.50;39,081.25;104,854.75;123,778.25;726.00;-;0.00;13,495.00;18,153.25;5,658.50;8,387.00
May 27, 2023;May 28, 2023;44,968.25;32,251.50;3,698.25;42,453.25;135,033.75;755.75;-;0.00;11,379.25;16,211.25;4,540.25;8,546.00
May 28, 2023;May 29, 2023;43,537.75;29,528.00;21,058.25;58,632.25;128,763.50;770.25;-;0.00;11,201.00;11,389.75;4,627.50;8,615.00
May 29, 2023;May 30, 2023;43,185.75;28,249.50;61,231.25;95,968.00;130,751.50;715.00;-;0.00;12,813.25;11,435.00;2,876.00;8,516.00
May 30, 2023;May 31, 2023;43,934.25;31,929.75;33,162.00;59,585.75;108,252.50;666.50;-;0.00;9,227.75;21,706.75;6,633.75;8,458.00
May 31, 2023;Jun 1, 2023;43,985.50;33,419.00;40,086.50;87,806.25;136,930.75;658.50;-;0.00;5,645.25;21,359.00;4,210.50;8,578.00
Jun 1, 2023;Jun 2, 2023;44,111.00;33,700.25;63,654.25;121,601.00;110,370.00;665.25;-;0.00;7,196.75;20,297.75;3,789.00;8,212.00
Jun 2, 2023;Jun 3, 2023;44,353.75;34,509.75;40,926.25;79,396.75;123,698.00;669.50;-;0.00;5,796.50;19,367.50;4,463.50;6,117.00
Jun 3, 2023;Jun 4, 2023;44,040.25;31,641.75;5,590.50;74,643.25;135,599.50;743.75;-;0.00;7,256.25;12,900.50;3,994.75;6,321.00
Jun 4, 2023;Jun 5, 2023;43,657.50;30,921.50;8,806.75;45,172.00;131,960.50;745.25;-;0.00;7,106.25;15,819.75;3,256.75;6,382.00
Jun 5, 2023;Jun 6, 2023;44,181.50;35,348.00;3,837.25;46,963.75;112,013.00;687.25;-;0.00;11,714.00;18,268.50;5,783.00;6,539.00
Jun 6, 2023;Jun 7, 2023;44,141.25;38,121.75;21,423.25;45,162.75;98,913.00;751.50;-;0.00;16,069.75;28,187.75;5,361.50;8,576.50
Jun 7, 2023;Jun 8, 2023;43,929.75;34,629.25;24,361.25;31,502.75;111,141.00;749.50;-;0.00;23,481.50;30,154.25;4,023.00;6,549.00
Jun 8, 2023;Jun 9, 2023;43,398.25;34,106.75;38,463.75;44,585.50;108,413.00;729.50;-;0.00;9,289.00;15,547.00;3,719.50;6,567.00
Jun 9, 2023;Jun 10, 2023;43,488.75;31,985.25;32,105.50;73,905.00;121,024.00;726.75;-;0.00;8,504.75;20,085.00;3,542.25;6,573.00
Jun 10, 2023;Jun 11, 2023;43,103.00;32,558.25;50,068.75;124,209.75;117,462.25;708.50;-;0.00;7,412.25;21,663.50;4,487.50;7,071.00
Jun 11, 2023;Jun 12, 2023;42,288.00;31,061.75;75,764.50;119,505.75;129,049.75;696.75;-;0.00;7,200.50;16,832.75;2,922.50;8,525.00
Jun 12, 2023;Jun 13, 2023;42,389.25;33,043.50;56,898.25;107,686.50;135,584.50;623.50;-;0.00;11,404.75;18,209.50;5,662.75;9,006.00
Jun 13, 2023;Jun 14, 2023;42,557.50;33,453.00;63,847.75;124,067.50;139,687.25;682.50;-;0.00;8,615.00;20,148.50;4,417.75;9,058.00
Jun 14, 2023;Jun 15, 2023;42,702.50;34,239.00;36,760.00;87,610.50;120,223.25;703.00;-;0.00;10,948.25;22,307.00;4,465.00;9,100.00
Jun 15, 2023;Jun 16, 2023;42,644.25;33,975.75;9,086.25;45,564.00;110,087.25;656.00;-;0.00;24,323.75;34,790.00;5,153.50;8,919.00
Jun 16, 2023;Jun 17, 2023;42,620.25;33,950.00;20,119.50;51,945.00;101,138.50;610.75;-;0.00;19,739.50;26,528.25;3,515.75;9,139.00
Jun 17, 2023;Jun 18, 2023;42,273.25;31,621.25;2,884.75;18,671.00;121,291.00;582.75;-;0.00;9,724.25;23,286.25;4,358.75;9,159.00
Jun 18, 2023;Jun 19, 2023;41,392.00;29,793.25;10,836.75;13,339.00;128,532.50;549.25;-;0.00;6,398.25;22,016.25;2,588.25;9,226.00
Jun 19, 2023;Jun 20, 2023;41,656.50;29,896.75;82,173.00;80,321.00;94,537.25;513.25;-;0.00;7,863.50;32,310.75;6,276.25;9,168.75
Jun 20, 2023;Jun 21, 2023;41,155.25;31,563.50;45,770.75;45,346.25;107,917.00;478.00;-;0.00;20,762.25;54,565.00;4,580.00;8,868.00
Jun 21, 2023;Jun 22, 2023;41,402.00;33,810.50;36,602.75;69,256.75;100,441.75;443.25;-;0.00;14,524.75;49,198.00;3,611.50;8,937.00
Jun 22, 2023;Jun 23, 2023;41,538.25;35,094.50;10,279.75;55,157.00;107,669.50;442.75;-;0.00;20,710.75;46,548.00;1,596.50;9,137.00
Jun 23, 2023;Jun 24, 2023;41,982.50;34,198.25;19,418.25;130,354.75;50,302.00;497.00;-;0.00;4,493.00;28,971.00;3,238.50;9,723.00
Jun 24, 2023;Jun 25, 2023;41,671.25;33,560.25;7,074.00;18,052.75;119,971.75;585.75;-;0.00;5,029.00;22,197.25;4,790.75;9,596.00
Jun 25, 2023;Jun 26, 2023;40,829.50;30,990.25;15,846.75;13,339.25;133,632.25;541.00;-;0.00;4,849.75;21,193.75;4,080.00;9,599.75
Jun 26, 2023;Jun 27, 2023;40,253.50;29,813.50;80,930.75;178,660.00;112,623.00;540.25;-;0.00;6,801.50;26,911.50;3,544.25;9,744.75
Jun 27, 2023;Jun 28, 2023;41,186.25;28,800.75;56,717.25;159,592.00;94,827.75;563.75;-;0.00;18,598.75;34,817.25;2,729.50;8,987.00
Jun 28, 2023;Jun 29, 2023;41,579.25;30,920.75;21,981.50;41,212.75;107,916.00;582.50;-;0.00;12,879.75;42,284.50;3,104.50;9,072.00
Jun 29, 2023;Jun 30, 2023;41,813.25;30,994.25;31,622.00;26,334.50;99,980.75;570.25;-;0.00;18,411.25;53,658.75;2,200.00;9,418.00
Jun 30, 2023;Jul 1, 2023;42,021.00;29,894.50;21,156.75;32,904.00;72,187.00;640.50;-;0.00;19,225.00;34,080.00;1,466.00;9,377.00
Jul 1, 2023;Jul 2, 2023;41,557.75;30,969.25;94,652.00;178,190.00;73,816.25;648.75;-;0.00;7,525.25;13,957.50;2,081.75;9,318.00
Jul 2, 2023;Jul 3, 2023;40,168.50;24,525.00;71,334.00;224,834.75;92,590.00;637.50;-;0.00;8,617.00;14,842.50;2,682.00;8,953.00
Jul 3, 2023;Jul 4, 2023;41,667.25;28,499.25;77,820.00;231,125.00;88,381.75;640.00;-;0.00;10,529.50;22,462.75;3,524.50;9,664.00
Jul 4, 2023;Jul 5, 2023;42,234.25;29,891.75;63,533.25;183,690.50;109,183.00;640.25;-;0.00;10,819.25;29,024.25;3,225.00;9,574.00
Jul 5, 2023;Jul 6, 2023;41,039.50;31,031.75;72,997.50;260,132.50;80,863.50;667.75;-;0.00;8,220.25;22,532.50;2,585.75;7,363.00
Jul 6, 2023;Jul 7, 2023;43,348.00;34,497.75;34,844.00;94,956.00;117,415.00;623.50;-;0.00;11,448.25;31,075.25;3,484.50;7,066.00
Jul 7, 2023;Jul 8, 2023;42,630.00;33,759.75;10,935.00;32,692.75;137,892.25;581.00;-;0.00;14,435.25;31,502.75;3,443.75;7,439.00
Jul 8, 2023;Jul 9, 2023;40,974.75;27,573.25;64,545.25;72,722.50;128,367.75;557.75;-;0.00;6,768.00;22,512.25;3,303.75;7,604.00
Jul 9, 2023;Jul 10, 2023;40,014.50;28,947.75;48,561.25;69,112.00;122,748.25;524.25;-;0.00;11,336.75;25,976.50;1,941.00;9,063.00
Jul 10, 2023;Jul 11, 2023;41,065.25;32,302.50;13,056.25;61,053.50;96,346.75;513.00;-;0.00;12,352.50;36,031.75;5,340.75;9,384.00
Jul 11, 2023;Jul 12, 2023;40,489.25;30,402.00;57,862.00;73,047.25;121,535.00;476.00;-;0.00;7,374.25;38,266.50;2,816.00;9,257.00
Jul 12, 2023;Jul 13, 2023;40,107.00;29,501.00;41,921.50;145,722.00;91,261.75;463.25;-;0.00;8,928.50;31,068.50;2,727.25;10,242.00
Jul 13, 2023;Jul 14, 2023;41,814.25;33,511.00;63,248.50;128,051.25;100,078.00;548.75;-;0.00;5,016.50;35,128.75;2,420.75;9,326.00
Jul 14, 2023;Jul 15, 2023;42,017.00;32,875.25;15,273.00;35,064.00;110,037.75;533.50;-;0.00;6,688.25;36,419.75;2,894.25;9,286.00
Jul 15, 2023;Jul 16, 2023;39,580.25;27,683.50;63,589.00;164,420.25;108,139.75;464.00;-;0.00;8,566.00;18,760.50;2,796.50;9,055.00
Jul 16, 2023;Jul 17, 2023;39,408.00;24,601.00;75,702.00;174,208.00;96,840.00;490.25;-;0.00;7,552.25;18,496.00;2,075.50;9,322.00
Jul 17, 2023;Jul 18, 2023;41,138.00;30,182.25;72,777.75;154,596.75;101,359.75;520.75;-;0.00;6,107.50;33,985.25;2,132.50;9,124.00
Jul 18, 2023;Jul 19, 2023;42,679.75;31,194.50;19,875.75;55,659.50;114,244.00;519.50;-;0.00;28,706.50;49,261.00;3,432.25;8,608.00
Jul 19, 2023;Jul 20, 2023;42,078.25;35,219.75;8,308.00;36,653.00;94,555.50;482.25;-;0.00;29,879.50;45,841.25;1,778.25;5,232.00
Jul 20, 2023;Jul 21, 2023;42,275.00;33,300.00;46,153.50;73,512.75;104,700.00;504.50;-;0.00;22,964.00;28,496.50;2,723.50;6,965.75
Jul 21, 2023;Jul 22, 2023;43,038.50;32,904.75;15,330.50;34,354.50;80,847.50;534.75;-;0.00;16,064.00;45,783.75;2,741.75;7,449.00
Jul 22, 2023;Jul 23, 2023;42,233.75;28,363.00;33,181.50;73,017.50;93,406.25;549.50;-;0.00;4,986.00;12,917.50;2,834.50;7,721.00
Jul 23, 2023;Jul 24, 2023;41,300.50;23,384.50;86,003.25;180,799.50;80,796.75;497.75;-;0.00;6,344.50;13,731.50;2,291.50;9,410.00
Jul 24, 2023;Jul 25, 2023;42,614.50;26,034.75;40,880.00;142,062.50;67,995.25;503.50;-;0.00;8,961.75;26,722.25;3,493.00;10,566.50
Jul 25, 2023;Jul 26, 2023;42,674.00;33,601.75;62,164.50;100,334.50;66,627.75;552.00;-;0.00;6,669.50;37,421.00;2,696.00;9,424.00
Jul 26, 2023;Jul 27, 2023;42,481.25;34,401.25;51,879.50;113,020.00;80,564.75;643.75;-;0.00;11,755.75;20,460.50;2,461.00;10,458.25
Jul 27, 2023;Jul 28, 2023;42,839.50;31,482.25;22,687.50;97,112.75;50,117.75;617.00;-;0.00;7,700.25;16,820.50;4,132.00;10,733.25
Jul 28, 2023;Jul 29, 2023;43,075.25;30,561.75;4,047.00;71,071.50;67,773.25;573.00;-;0.00;9,210.50;25,023.50;3,137.25;9,456.00
Jul 29, 2023;Jul 30, 2023;42,654.00;30,864.25;38,560.50;80,203.00;74,747.00;577.25;-;0.00;9,619.25;11,661.50;3,091.00;8,519.00
Jul 30, 2023;Jul 31, 2023;41,424.25;27,104.75;64,387.75;136,488.25;81,491.25;570.25;-;0.00;9,513.75;8,705.50;1,644.50;8,811.00
Jul 31, 2023;Aug 1, 2023;42,788.25;26,031.50;37,593.25;172,308.50;66,150.75;601.00;-;0.00;5,851.50;13,036.50;4,109.75;10,214.75
Aug 1, 2023;Aug 2, 2023;42,647.75;28,940.75;48,304.00;183,479.25;61,966.50;611.50;-;0.00;9,774.75;17,103.00;3,241.50;10,357.00
Aug 2, 2023;Aug 3, 2023;42,805.00;33,033.75;48,678.50;135,858.75;49,166.75;616.00;-;0.00;5,558.75;21,560.75;3,989.50;10,948.00
Aug 3, 2023;Aug 4, 2023;42,404.25;32,395.75;43,686.00;206,830.50;79,994.75;608.75;-;0.00;11,738.00;13,950.25;2,634.25;11,781.50
Aug 4, 2023;Aug 5, 2023;43,329.75;37,814.75;43,264.75;72,029.50;66,653.50;637.00;-;0.00;12,209.00;33,054.00;4,216.75;9,580.00
Aug 5, 2023;Aug 6, 2023;43,257.50;35,506.75;14,015.50;28,593.50;69,682.75;647.75;-;0.00;9,110.75;22,858.50;2,507.00;9,875.00
Aug 6, 2023;Aug 7, 2023;42,365.75;31,510.50;11,298.75;69,715.75;65,637.25;650.75;-;0.00;6,041.75;12,698.75;2,981.25;9,835.00
Aug 7, 2023;Aug 8, 2023;40,224.25;30,394.50;40,059.75;260,892.75;51,191.75;639.50;-;0.00;3,907.75;30,415.25;3,857.00;8,278.75
Aug 8, 2023;Aug 9, 2023;40,803.50;28,648.25;59,841.00;235,329.50;87,041.50;613.75;-;0.00;4,363.50;22,370.00;3,088.25;7,616.00
Aug 9, 2023;Aug 10, 2023;42,582.00;34,401.25;58,551.25;132,917.75;66,425.00;632.75;-;0.00;4,964.25;27,821.75;3,966.25;7,648.75
Aug 10, 2023;Aug 11, 2023;43,851.00;36,710.50;16,954.75;31,313.75;116,529.50;640.50;-;0.00;5,480.50;35,805.75;3,382.00;6,486.00
Aug 11, 2023;Aug 12, 2023;43,423.25;32,085.25;25,480.25;28,449.50;119,001.50;606.50;-;0.00;5,314.50;34,975.50;3,611.50;6,630.75
Aug 12, 2023;Aug 13, 2023;43,201.25;27,968.25;34,401.75;45,532.00;75,776.00;541.50;-;0.00;4,984.00;20,575.00;2,686.75;2,012.00
Aug 13, 2023;Aug 14, 2023;42,924.00;25,954.25;54,794.25;49,922.25;87,955.25;492.00;-;0.00;5,322.00;30,461.75;1,980.75;2,230.00
Aug 14, 2023;Aug 15, 2023;42,906.50;29,479.00;25,776.50;13,591.75;104,071.50;476.00;-;0.00;5,691.25;39,697.00;3,708.50;2,275.25
Aug 15, 2023;Aug 16, 2023;42,337.75;29,547.75;49,601.25;46,467.75;87,056.00;534.25;-;0.00;5,460.00;42,424.25;2,565.50;7,143.00
Aug 16, 2023;Aug 17, 2023;42,795.75;33,611.00;19,509.50;29,512.25;94,630.25;547.75;-;0.00;5,361.00;43,326.75;2,974.00;7,196.00
Aug 17, 2023;Aug 18, 2023;43,247.25;33,786.00;35,220.00;71,222.25;82,712.25;537.25;-;0.00;5,562.00;24,928.25;3,669.00;6,770.00
Aug 18, 2023;Aug 19, 2023;43,544.75;32,313.25;51,587.00;48,337.00;108,842.75;527.25;-;0.00;5,776.50;31,863.25;3,056.25;7,269.00
Aug 19, 2023;Aug 20, 2023;42,568.25;27,983.25;69,801.50;78,745.75;95,196.50;501.50;-;0.00;5,631.00;21,182.50;2,201.75;6,892.00
Aug 20, 2023;Aug 21, 2023;42,319.75;27,015.25;13,678.25;19,532.25;110,419.25;482.75;-;0.00;9,900.50;24,097.00;1,801.50;6,995.00
Aug 21, 2023;Aug 22, 2023;42,676.25;27,747.75;7,615.25;10,400.25;109,061.00;482.00;-;0.00;26,137.00;43,493.75;4,689.00;8,822.75
Aug 22, 2023;Aug 23, 2023;42,457.50;30,528.00;14,015.25;22,635.50;104,978.75;446.50;-;0.00;26,066.25;40,664.00;3,170.50;8,843.00
Aug 23, 2023;Aug 24, 2023;42,930.00;30,971.50;12,207.75;22,176.50;105,746.25;481.25;-;0.00;30,762.00;43,867.75;3,232.75;7,935.00
Aug 24, 2023;Aug 25, 2023;42,883.00;30,909.75;16,801.00;18,048.50;103,690.00;489.00;-;0.00;35,940.50;43,966.00;3,003.75;7,956.00
Aug 25, 2023;Aug 26, 2023;42,942.50;31,053.75;5,784.00;57,439.75;61,348.75;506.00;-;0.00;25,024.50;47,665.50;3,814.25;9,876.50
Aug 26, 2023;Aug 27, 2023;42,826.00;27,459.00;14,290.25;70,867.25;83,891.00;524.75;-;0.00;20,759.25;22,892.50;1,882.00;10,030.00
Aug 27, 2023;Aug 28, 2023;42,780.00;29,634.75;21,309.75;49,692.25;48,621.50;593.00;-;0.00;18,829.00;25,511.75;814.50;10,002.00
Aug 28, 2023;Aug 29, 2023;43,569.75;23,485.50;24,886.50;64,941.25;46,659.00;591.50;-;0.00;29,734.75;44,161.75;939.25;10,057.00
Aug 29, 2023;Aug 30, 2023;43,597.75;17,233.50;7,401.00;18,404.25;44,696.75;637.00;-;0.00;33,245.25;35,499.75;2,284.75;9,980.00
Aug 30, 2023;Aug 31, 2023;43,142.25;26,007.00;27,293.25;45,364.50;63,063.25;633.50;-;0.00;24,852.50;36,390.00;2,508.25;6,068.75
Aug 31, 2023;Sep 1, 2023;42,789.00;30,813.25;32,405.75;109,501.25;74,701.50;630.50;-;0.00;14,505.25;31,122.00;3,190.25;5,292.00
Sep 1, 2023;Sep 2, 2023;43,062.00;33,108.50;8,075.00;41,866.00;60,030.00;566.50;-;0.00;18,012.25;33,233.50;3,986.00;6,004.00
Sep 2, 2023;Sep 3, 2023;42,944.25;32,957.50;5,057.25;15,786.00;94,981.75;566.50;-;0.00;13,166.25;20,372.50;2,574.25;5,897.00
Sep 3, 2023;Sep 4, 2023;42,142.00;31,522.00;22,704.00;31,346.25;86,954.50;581.75;-;0.00;11,649.50;23,800.50;1,937.50;9,033.00
Sep 4, 2023;Sep 5, 2023;42,910.00;30,410.25;6,913.50;34,613.75;114,485.00;589.25;-;0.00;15,068.75;28,749.50;3,352.00;9,042.25
Sep 5, 2023;Sep 6, 2023;42,605.25;30,647.75;10,142.75;53,579.75;110,002.50;594.25;-;0.00;14,506.75;30,030.50;3,029.75;8,967.00
Sep 6, 2023;Sep 7, 2023;42,242.50;32,037.25;25,810.25;46,410.00;113,348.75;557.50;-;0.00;19,259.75;30,786.25;3,386.00;6,847.50
Sep 7, 2023;Sep 8, 2023;42,261.75;29,149.00;62,916.50;113,630.50;113,109.25;528.00;-;0.00;19,062.50;25,211.25;2,332.75;6,801.75
Sep 8, 2023;Sep 9, 2023;42,084.00;28,614.50;29,120.25;66,216.75;107,857.75;518.00;-;0.00;29,203.75;33,232.25;4,689.25;6,943.00
Sep 9, 2023;Sep 10, 2023;41,472.50;26,615.25;1,085.25;12,032.00;105,032.50;511.75;-;0.00;17,647.00;20,580.50;3,266.00;7,792.00
Sep 10, 2023;Sep 11, 2023;41,201.25;25,814.50;4,743.50;5,151.75;96,722.25;523.75;-;0.00;20,847.25;23,223.75;3,387.00;6,936.00
Sep 11, 2023;Sep 12, 2023;41,812.25;27,037.75;41,254.50;25,711.25;101,289.50;524.75;-;0.00;39,045.25;34,373.75;5,007.50;7,294.00
Sep 12, 2023;Sep 13, 2023;42,008.50;28,321.75;37,145.50;20,452.00;81,377.00;552.50;-;0.00;49,591.00;33,672.25;3,866.75;5,904.00
Sep 13, 2023;Sep 14, 2023;41,925.00;28,503.00;71,872.50;90,240.25;46,556.00;635.25;-;0.00;24,458.00;22,675.00;3,627.75;6,061.00
Sep 14, 2023;Sep 15, 2023;42,589.25;30,135.25;18,872.25;14,157.25;80,159.50;662.50;-;0.00;33,276.25;35,734.75;4,833.50;8,424.00
Sep 15, 2023;Sep 16, 2023;43,238.00;28,115.25;24,240.00;58,024.25;103,714.00;683.25;-;0.00;24,368.50;21,754.75;5,016.75;8,112.00
Sep 16, 2023;Sep 17, 2023;42,785.75;24,590.75;6,945.25;45,585.75;97,493.50;697.75;-;0.00;14,943.50;10,981.75;5,948.50;8,646.50
Sep 17, 2023;Sep 18, 2023;42,115.00;23,219.00;25,378.25;53,724.25;81,668.50;633.00;-;0.00;17,667.25;10,223.75;3,949.50;9,096.25
Sep 18, 2023;Sep 19, 2023;42,393.25;22,313.75;54,555.75;179,848.25;44,875.50;620.00;-;0.00;25,650.25;14,200.00;3,876.25;13,930.50
Sep 19, 2023;Sep 20, 2023;41,204.25;26,548.00;39,668.75;254,344.00;65,964.00;683.50;-;0.00;21,372.75;14,915.50;3,521.75;9,310.25
Sep 20, 2023;Sep 21, 2023;42,437.25;25,849.75;56,723.50;208,399.75;85,766.75;698.50;-;0.00;23,788.25;14,920.00;3,806.00;8,312.00
Sep 21, 2023;Sep 22, 2023;43,181.75;24,622.25;21,273.50;157,383.50;75,292.25;678.50;-;0.00;29,677.00;15,776.25;5,228.00;9,189.00
Sep 22, 2023;Sep 23, 2023;43,585.50;23,772.00;29,970.25;106,882.50;33,909.00;742.50;-;0.00;24,903.00;14,354.50;4,457.75;8,769.00
Sep 23, 2023;Sep 24, 2023;43,386.50;31,801.50;25,309.75;104,653.00;59,740.25;781.50;-;0.00;18,944.00;9,414.25;2,469.50;8,599.00
Sep 24, 2023;Sep 25, 2023;43,238.00;26,684.75;84,831.75;56,419.00;85,691.50;780.75;-;0.00;16,268.75;9,401.00;2,668.50;8,547.00
Sep 25, 2023;Sep 26, 2023;44,047.75;24,474.75;79,658.75;122,514.50;92,015.00;702.25;-;0.00;40,347.25;13,324.00;4,678.50;7,518.00
Sep 26, 2023;Sep 27, 2023;44,410.00;25,837.00;22,253.25;17,791.75;88,018.50;664.75;-;0.00;57,661.25;16,356.75;4,788.75;7,247.75
Sep 27, 2023;Sep 28, 2023;44,316.25;25,335.25;34,693.25;40,360.50;79,757.50;692.50;-;0.00;56,552.50;14,721.50;4,366.75;6,675.00
Sep 28, 2023;Sep 29, 2023;44,486.00;22,669.25;104,086.50;90,277.50;81,308.25;707.75;-;0.00;39,299.50;17,670.00;3,950.50;8,293.00
Sep 29, 2023;Sep 30, 2023;44,634.75;22,207.00;96,087.25;133,148.50;62,214.50;698.00;-;0.00;26,430.25;17,297.00;2,940.00;8,335.00
Sep 30, 2023;Oct 1, 2023;44,888.00;19,101.75;51,497.50;93,532.75;64,224.25;692.00;-;0.00;14,697.50;12,274.25;3,939.50;6,964.00
Oct 1, 2023;Oct 2, 2023;44,578.25;18,678.50;49,258.00;64,495.00;72,614.50;747.50;-;0.00;17,371.25;11,881.00;3,222.75;9,624.00
Oct 2, 2023;Oct 3, 2023;45,633.75;20,602.00;22,674.00;55,573.75;78,898.25;693.25;-;0.00;41,302.50;14,914.25;5,089.00;9,174.00
Oct 3, 2023;Oct 4, 2023;43,775.00;18,690.25;84,422.00;278,005.25;54,564.25;624.50;-;0.00;11,400.25;17,150.25;2,529.00;8,646.00
Oct 4, 2023;Oct 5, 2023;45,232.50;18,550.25;91,911.50;230,236.50;66,761.00;685.50;-;0.00;16,377.50;26,209.75;4,524.50;8,272.00
Oct 5, 2023;Oct 6, 2023;45,747.75;19,934.00;66,084.50;156,769.25;50,293.25;638.50;-;0.00;14,827.50;29,186.75;4,556.25;8,408.00
Oct 6, 2023;Oct 7, 2023;45,441.75;17,910.25;101,326.25;251,017.50;65,212.25;679.25;-;0.00;14,645.50;30,603.25;4,515.25;8,111.00
Oct 7, 2023;Oct 8, 2023;44,468.50;17,115.50;32,688.50;216,310.75;40,725.75;655.50;-;0.00;9,025.25;18,400.00;4,188.25;7,500.00
Oct 8, 2023;Oct 9, 2023;45,940.00;17,512.00;24,700.25;47,465.00;31,631.50;635.25;-;0.00;9,802.50;18,402.25;4,525.25;8,482.00
Oct 9, 2023;Oct 10, 2023;46,266.25;23,594.00;60,539.75;103,906.25;21,599.50;640.00;-;0.00;35,744.25;42,377.00;5,432.00;8,729.00
Oct 10, 2023;Oct 11, 2023;46,352.25;21,227.50;67,745.00;99,156.50;60,505.25;649.25;-;0.00;39,837.75;33,092.75;5,063.75;11,539.25
Oct 11, 2023;Oct 12, 2023;45,245.50;20,129.00;84,398.50;274,813.75;64,495.25;634.00;-;0.00;14,191.25;20,174.00;4,439.75;9,644.50
Oct 12, 2023;Oct 13, 2023;46,907.00;21,429.75;38,063.25;102,273.00;31,967.25;613.00;-;0.00;55,141.50;34,801.50;6,033.25;9,830.25
Oct 13, 2023;Oct 14, 2023;45,977.25;19,759.00;63,202.50;267,011.75;54,104.50;617.00;-;0.00;16,623.00;31,479.50;2,903.00;7,456.75
Oct 14, 2023;Oct 15, 2023;45,556.25;16,403.25;70,058.25;276,736.75;37,306.75;668.75;-;0.00;16,222.50;14,451.25;7,042.50;8,644.00
Oct 15, 2023;Oct 16, 2023;45,641.75;15,483.00;103,789.00;212,029.75;42,522.25;750.25;-;0.00;12,432.75;13,916.25;6,015.50;8,953.00
Oct 16, 2023;Oct 17, 2023;46,769.25;16,349.00;63,634.75;51,323.50;56,514.75;754.25;-;0.00;56,872.00;38,926.25;5,349.25;10,508.75
Oct 17, 2023;Oct 18, 2023;46,832.25;19,683.75;2,487.00;34,230.75;45,761.00;763.00;-;0.00;64,676.00;37,894.25;3,841.00;10,390.50
Oct 18, 2023;Oct 19, 2023;46,957.75;17,553.75;90,135.00;165,857.50;55,118.00;728.00;-;0.00;18,697.00;21,860.25;4,847.25;9,071.00
Oct 19, 2023;Oct 20, 2023;47,116.25;16,966.50;100,185.25;245,887.75;21,413.25;688.25;-;0.00;18,996.25;35,017.25;6,305.50;9,189.00
Oct 20, 2023;Oct 21, 2023;46,483.75;15,928.75;38,848.25;331,803.25;16,478.75;669.25;-;0.00;14,860.25;26,468.00;4,216.75;9,294.00
Oct 21, 2023;Oct 22, 2023;46,549.50;24,030.50;96,993.00;169,921.00;44,632.25;700.25;-;0.00;9,047.75;9,994.00;5,820.75;6,784.00
Oct 22, 2023;Oct 23, 2023;46,440.00;18,990.75;108,343.50;195,009.25;47,155.25;707.75;-;0.00;9,140.50;12,311.00;5,578.00;6,825.00
Oct 23, 2023;Oct 24, 2023;47,742.00;21,112.00;24,797.75;61,003.25;44,226.75;722.25;-;0.00;45,655.75;42,437.75;6,763.25;6,702.00
Oct 24, 2023;Oct 25, 2023;47,754.50;20,839.00;97,307.75;114,161.75;8,841.50;721.00;-;0.00;35,556.50;45,709.75;4,539.75;9,184.75
Oct 25, 2023;Oct 26, 2023;47,687.50;19,412.25;84,943.50;119,467.50;39,792.50;694.50;-;0.00;52,771.50;38,887.25;5,115.25;7,204.00
Oct 26, 2023;Oct 27, 2023;47,903.75;18,905.50;60,681.00;89,273.00;17,947.00;714.75;-;0.00;60,772.75;40,057.00;5,414.75;7,005.00
Oct 27, 2023;Oct 28, 2023;48,068.50;20,043.50;95,129.50;81,702.25;17,994.75;728.25;-;0.00;50,894.25;28,034.75;4,764.25;8,177.50
Oct 28, 2023;Oct 29, 2023;47,784.50;19,569.50;97,299.25;112,632.50;33,660.75;773.25;-;0.00;10,215.25;11,655.75;6,890.50;8,496.00
Oct 29, 2023;Oct 30, 2023;48,427.00;15,925.75;130,660.00;282,475.50;31,899.00;785.50;-;0.00;8,208.25;7,067.00;5,246.75;2,773.00
Oct 30, 2023;Oct 31, 2023;49,082.00;15,681.50;76,227.50;188,498.00;36,338.75;774.50;-;0.00;34,033.75;27,195.25;6,435.75;8,714.00
Oct 31, 2023;Nov 1, 2023;49,100.75;26,517.25;27,938.00;157,533.00;14,920.25;791.25;-;0.00;29,027.00;20,803.25;4,593.25;8,107.00
Nov 1, 2023;Nov 2, 2023;48,780.50;25,531.00;100,733.50;179,928.75;41,219.50;791.50;-;0.00;11,689.00;11,863.50;2,638.00;8,500.00
Nov 2, 2023;Nov 3, 2023;47,832.25;20,838.75;91,132.50;340,072.25;12,945.75;766.75;-;0.00;14,014.25;13,025.50;3,651.75;9,015.00
Nov 3, 2023;Nov 4, 2023;49,275.75;29,543.00;113,052.00;286,161.25;15,239.50;770.75;-;0.00;17,609.25;15,806.25;7,620.00;7,900.00
Nov 4, 2023;Nov 5, 2023;47,677.75;25,647.00;117,745.00;273,085.00;37,336.75;769.25;-;0.00;9,461.75;7,739.25;3,519.75;7,727.00
Nov 5, 2023;Nov 6, 2023;47,645.25;20,822.25;49,049.00;215,087.50;19,524.00;760.50;-;0.00;8,364.00;9,633.00;4,225.50;7,707.00
Nov 6, 2023;Nov 7, 2023;48,129.25;20,933.25;80,176.25;325,617.50;34,634.00;767.00;-;0.00;16,066.50;21,229.75;5,759.00;7,791.00
Nov 7, 2023;Nov 8, 2023;49,196.00;23,733.00;92,847.00;264,722.00;22,655.75;835.50;-;0.00;20,931.75;29,256.00;5,974.50;5,197.00
Nov 8, 2023;Nov 9, 2023;48,988.50;22,503.25;104,097.50;295,123.50;29,824.25;848.25;-;0.00;23,786.25;25,312.25;4,467.00;4,876.00
Nov 9, 2023;Nov 10, 2023;49,567.50;20,591.75;48,424.25;227,514.00;23,881.25;844.50;-;0.00;23,586.50;23,688.75;3,702.25;5,254.00
Nov 10, 2023;Nov 11, 2023;50,297.00;22,620.50;75,918.75;184,865.75;19,869.50;862.75;-;0.00;27,096.25;25,661.25;6,867.25;5,837.00
Nov 11, 2023;Nov 12, 2023;49,681.25;20,724.75;27,099.25;111,949.50;17,793.50;861.50;-;0.00;21,746.00;21,205.75;3,470.75;7,003.00
Nov 12, 2023;Nov 13, 2023;48,901.25;20,036.25;23,134.75;65,583.00;25,000.50;865.75;-;0.00;16,151.00;22,622.00;3,556.25;6,906.25
Nov 13, 2023;Nov 14, 2023;49,762.50;26,681.25;59,807.00;210,166.25;6,850.75;800.00;-;0.00;21,040.75;29,625.50;5,767.50;6,776.00
Nov 14, 2023;Nov 15, 2023;48,970.00;27,479.75;57,511.25;321,707.00;10,904.00;748.75;-;0.00;25,690.00;19,647.75;4,860.75;5,339.00
Nov 15, 2023;Nov 16, 2023;50,002.75;29,557.25;49,471.00;175,264.75;19,266.25;684.00;-;0.00;31,686.75;38,287.50;7,012.25;6,722.00
Nov 16, 2023;Nov 17, 2023;50,489.75;31,292.25;33,403.75;159,752.00;19,492.75;834.75;-;0.00;65,608.75;48,009.75;7,046.00;10,311.00
Nov 17, 2023;Nov 18, 2023;50,762.25;31,007.75;5,698.00;64,090.75;23,280.25;847.50;-;0.00;71,159.25;53,191.75;4,992.50;7,521.00
Nov 18, 2023;Nov 19, 2023;50,542.50;26,086.00;91,025.25;131,198.75;21,007.75;861.50;-;0.00;24,400.25;28,732.75;3,721.25;7,421.00
Nov 19, 2023;Nov 20, 2023;48,955.50;26,805.50;87,687.00;271,613.50;16,626.00;770.50;-;0.00;9,830.50;13,494.25;6,097.50;7,737.00
Nov 20, 2023;Nov 21, 2023;50,292.50;30,619.75;20,441.00;139,690.75;17,436.50;782.00;-;0.00;49,535.50;39,256.50;4,356.25;5,826.00
Nov 21, 2023;Nov 22, 2023;50,383.25;32,161.00;51,695.50;67,153.25;12,045.75;823.00;-;0.00;70,452.25;51,480.00;3,332.00;4,470.50
Nov 22, 2023;Nov 23, 2023;49,948.50;28,625.25;79,176.50;152,186.75;12,017.75;868.25;-;0.00;46,618.75;49,621.50;3,922.25;4,244.00
Nov 23, 2023;Nov 24, 2023;49,445.50;27,459.25;55,316.50;401,360.75;16,979.25;869.00;-;0.00;15,556.00;53,359.75;3,122.75;7,426.75
Nov 24, 2023;Nov 25, 2023;50,145.25;24,837.50;65,830.50;360,792.75;12,902.50;856.25;-;0.00;17,413.50;53,866.00;4,003.50;3,964.00
Nov 25, 2023;Nov 26, 2023;50,440.50;26,863.00;79,701.25;177,899.00;12,039.00;874.25;-;0.00;21,567.25;38,826.50;3,360.75;3,850.00
Nov 26, 2023;Nov 27, 2023;50,528.25;24,197.50;22,426.50;66,541.00;12,413.25;877.25;-;0.00;47,858.75;74,766.50;2,555.25;3,776.00
Nov 27, 2023;Nov 28, 2023;51,081.75;25,203.75;81,829.50;164,833.75;8,737.75;875.75;-;0.00;37,076.25;70,752.75;3,434.00;3,905.50
Nov 28, 2023;Nov 29, 2023;51,239.50;29,122.25;70,732.50;132,733.00;5,504.75;839.50;-;0.00;66,076.50;72,776.00;5,611.25;3,732.25
Nov 29, 2023;Nov 30, 2023;51,024.50;30,736.25;49,277.50;145,826.50;4,318.50;822.50;-;0.00;75,990.00;78,735.00;4,767.25;3,573.25
Nov 30, 2023;Dec 1, 2023;51,503.50;31,379.25;23,868.00;9,010.25;3,623.50;841.25;-;0.00;84,854.75;94,619.50;5,551.25;4,100.25
Dec 1, 2023;Dec 2, 2023;51,555.25;30,543.50;39,654.00;19,187.75;1,756.50;853.75;-;0.00;83,332.50;94,227.75;6,134.75;3,997.75
Dec 2, 2023;Dec 3, 2023;51,134.00;28,770.00;11,765.25;25,029.75;1,097.75;699.75;-;0.00;72,610.75;82,206.75;6,266.50;3,609.00
Dec 3, 2023;Dec 4, 2023;50,949.75;24,642.00;50,698.50;54,794.50;2,930.75;650.25;-;0.00;74,263.00;57,450.50;3,632.75;3,596.00
Dec 4, 2023;Dec 5, 2023;51,905.50;24,956.00;95,444.00;150,783.50;1,473.00;738.25;-;0.00;76,582.75;79,502.25;5,466.50;4,009.00
Dec 5, 2023;Dec 6, 2023;51,536.25;24,931.50;109,020.75;159,381.50;2,190.00;812.00;-;0.00;58,712.00;72,000.75;6,626.50;5,334.50
Dec 6, 2023;Dec 7, 2023;51,838.50;28,974.50;52,034.75;48,025.75;1,688.75;807.50;-;0.00;75,097.75;79,195.00;8,355.75;7,250.25
Dec 7, 2023;Dec 8, 2023;51,630.00;26,020.75;32,865.50;48,078.50;9,769.25;849.75;-;0.00;72,756.75;83,098.25;5,078.25;7,739.25
Dec 8, 2023;Dec 9, 2023;51,894.00;22,527.25;86,398.75;129,194.25;2,870.75;860.75;-;0.00;45,121.75;72,254.25;5,204.25;5,042.75
Dec 9, 2023;Dec 10, 2023;51,482.50;20,764.50;126,681.50;233,925.50;7,279.00;847.75;-;0.00;14,005.25;33,560.50;1,276.50;4,219.00
Dec 10, 2023;Dec 11, 2023;50,110.25;22,709.00;72,008.25;285,284.75;10,699.25;827.00;-;0.00;10,099.25;26,628.75;3,055.75;4,240.00
Dec 11, 2023;Dec 12, 2023;50,921.00;25,043.50;27,485.25;215,986.00;7,877.75;817.00;-;0.00;20,948.00;40,103.50;5,758.00;3,886.00
Dec 12, 2023;Dec 13, 2023;50,806.50;25,689.00;58,424.75;85,100.75;9,171.50;842.25;-;0.00;52,438.75;67,167.50;5,162.75;6,658.00
Dec 13, 2023;Dec 14, 2023;50,371.00;26,173.25;128,198.00;163,459.25;7,837.75;844.25;-;0.00;26,772.25;58,542.75;5,179.25;3,857.00
Dec 14, 2023;Dec 15, 2023;51,260.25;27,503.25;23,773.75;49,577.75;7,564.25;867.50;-;0.00;57,926.00;70,781.00;6,615.25;4,162.50
Dec 15, 2023;Dec 16, 2023;51,333.25;27,602.50;63,449.75;128,719.00;7,287.50;801.50;-;0.00;34,566.75;55,223.75;4,113.00;5,037.00
Dec 16, 2023;Dec 17, 2023;50,551.50;24,202.50;91,430.50;276,623.25;11,873.50;870.00;-;0.00;16,615.50;31,592.25;3,275.75;4,697.00
Dec 17, 2023;Dec 18, 2023;50,131.75;21,712.25;60,608.00;300,733.25;21,548.00;846.50;-;0.00;21,387.00;26,676.75;4,220.50;4,575.00
Dec 18, 2023;Dec 19, 2023;51,458.75;22,081.75;87,517.75;304,184.25;22,914.50;848.00;-;0.00;20,827.25;46,227.25;5,411.50;4,525.00
Dec 19, 2023;Dec 20, 2023;52,031.00;24,060.25;75,437.00;258,761.50;19,687.75;695.75;-;0.00;18,077.50;38,466.75;5,814.00;5,178.00
Dec 20, 2023;Dec 21, 2023;51,575.75;21,832.50;81,399.25;343,860.75;9,013.50;661.50;-;0.00;17,247.50;34,516.75;5,907.75;4,437.50
Dec 21, 2023;Dec 22, 2023;50,321.50;21,013.50;81,185.00;430,043.00;2,629.75;715.50;-;0.00;19,299.25;22,053.50;6,208.00;4,421.00
Dec 22, 2023;Dec 23, 2023;50,132.75;25,620.75;96,713.00;403,407.75;5,426.00;787.25;-;0.00;12,574.75;18,947.25;7,452.75;4,071.00
Dec 23, 2023;Dec 24, 2023;49,996.25;27,801.50;72,674.75;248,686.50;3,977.25;746.75;-;0.00;8,856.50;17,495.25;8,384.25;7,087.75
Dec 24, 2023;Dec 25, 2023;48,084.50;24,301.00;102,382.00;363,041.50;3,287.75;776.25;-;0.00;7,557.50;14,029.00;734.25;6,888.00
Dec 25, 2023;Dec 26, 2023;48,267.75;24,787.50;88,091.00;296,898.75;10,603.00;773.25;-;0.00;7,811.75;13,832.75;4,977.75;6,808.00
Dec 26, 2023;Dec 27, 2023;47,782.75;24,317.75;102,373.00;335,697.00;8,956.25;826.50;-;0.00;8,172.00;15,087.25;2,305.00;6,973.00
Dec 27, 2023;Dec 28, 2023;49,275.25;23,903.25;80,697.75;180,291.00;18,974.75;845.25;-;0.00;9,623.25;25,418.25;6,308.25;7,842.00
Dec 28, 2023;Dec 29, 2023;48,080.25;21,409.50;100,126.25;403,130.25;11,367.50;815.00;-;0.00;8,948.00;17,831.75;4,165.50;7,321.00
Dec 29, 2023;Dec 30, 2023;48,583.75;20,277.75;107,081.75;392,865.75;11,125.00;809.50;-;0.00;8,920.25;15,747.50;4,481.00;6,642.75
Dec 30, 2023;Dec 31, 2023;49,310.00;19,520.50;108,493.25;274,085.25;17,801.75;826.25;-;0.00;8,921.75;14,814.50;5,739.25;6,687.00
Dec 31, 2023;Jan 1, 2024;48,781.50;19,402.25;118,819.00;274,300.00;10,368.50;818.50;-;0.00;8,559.50;15,612.75;3,047.00;6,631.00
Jan 1, 2024;Jan 2, 2024;47,372.00;24,499.75;96,307.75;285,722.75;15,846.50;834.25;-;0.00;6,982.50;13,176.00;3,245.75;1,470.00
Jan 2, 2024;Jan 3, 2024;48,316.00;25,186.75;99,465.75;285,288.50;3,144.00;815.00;-;0.00;6,621.75;25,068.75;6,674.75;1,548.00
Jan 3, 2024;Jan 4, 2024;47,914.00;22,763.25;69,409.50;380,156.00;11,756.75;761.00;-;0.00;9,401.00;27,913.00;3,207.00;6,227.00
Jan 4, 2024;Jan 5, 2024;48,680.50;23,558.75;43,081.75;185,507.25;8,771.50;791.75;-;0.00;24,554.00;42,256.50;5,507.25;6,333.00
Jan 5, 2024;Jan 6, 2024;48,878.50;24,255.75;119,931.25;218,140.00;10,749.25;836.00;-;0.00;19,936.50;38,531.75;3,487.50;6,752.00
Jan 6, 2024;Jan 7, 2024;49,116.00;24,540.50;112,078.25;141,825.75;5,271.25;821.50;-;0.00;8,768.00;38,061.50;3,429.00;4,798.00
Jan 7, 2024;Jan 8, 2024;48,940.00;27,002.00;73,131.75;142,612.50;5,308.00;860.75;-;0.00;11,765.50;43,956.50;2,993.75;5,823.00
Jan 8, 2024;Jan 9, 2024;49,742.75;26,679.50;103,635.50;184,770.75;13,569.50;853.25;-;0.00;46,679.25;70,531.50;3,877.75;6,375.25
Jan 9, 2024;Jan 10, 2024;50,016.75;30,797.75;22,229.50;108,567.50;29,167.50;884.00;-;0.00;76,097.75;76,136.50;5,918.25;4,790.75
Jan 10, 2024;Jan 11, 2024;50,532.75;33,356.00;13,525.50;61,397.00;26,799.25;831.00;-;0.00;75,067.75;108,391.00;6,300.25;4,556.00
Jan 11, 2024;Jan 12, 2024;50,468.75;33,598.75;23,425.00;31,882.50;26,329.75;849.75;-;0.00;84,727.25;111,844.50;4,592.75;4,692.50
Jan 12, 2024;Jan 13, 2024;50,763.75;31,344.00;82,372.75;83,256.25;5,828.00;852.00;-;0.00;80,452.75;107,726.75;6,564.00;4,731.75
Jan 13, 2024;Jan 14, 2024;49,871.00;27,998.25;85,975.50;248,281.25;3,724.75;874.75;-;0.00;31,293.00;68,108.25;1,864.50;6,444.00
Jan 14, 2024;Jan 15, 2024;49,323.00;25,352.50;105,165.50;241,591.75;11,700.25;878.00;-;0.00;22,917.00;68,237.75;4,185.75;6,996.00
Jan 15, 2024;Jan 16, 2024;49,396.50;27,352.75;98,668.00;206,392.00;7,671.00;792.75;-;0.00;36,820.25;93,305.75;4,693.00;1,962.25
Jan 16, 2024;Jan 17, 2024;49,946.50;26,717.00;83,285.25;152,104.75;8,520.50;785.75;-;0.00;63,128.50;100,618.00;7,210.25;6,798.25
Jan 17, 2024;Jan 18, 2024;50,344.50;27,947.75;58,879.00;140,087.50;4,447.25;731.00;-;0.00;63,819.00;108,162.25;6,813.75;6,337.00
Jan 18, 2024;Jan 19, 2024;50,573.25;29,149.75;70,313.25;86,686.00;9,183.75;754.25;-;0.00;47,332.00;99,667.50;5,753.00;6,433.00
Jan 19, 2024;Jan 20, 2024;50,031.25;27,431.75;98,266.00;284,338.50;11,400.25;895.75;-;0.00;20,802.75;97,311.50;4,086.25;4,284.00
Jan 20, 2024;Jan 21, 2024;49,896.25;24,558.25;104,586.75;282,175.50;28,334.00;904.75;-;0.00;16,527.00;82,346.50;3,772.50;4,612.00
Jan 21, 2024;Jan 22, 2024;49,043.00;22,322.25;101,668.50;360,331.25;19,809.50;802.25;-;0.00;19,444.00;45,911.75;3,875.00;4,316.00
Jan 22, 2024;Jan 23, 2024;48,810.75;22,014.50;64,714.75;416,331.25;9,206.00;812.25;-;0.00;22,462.25;59,207.25;5,682.25;4,556.00
Jan 23, 2024;Jan 24, 2024;49,087.25;23,153.25;87,648.25;386,623.25;19,464.75;797.25;-;0.00;20,735.25;62,663.00;6,311.00;5,263.00
Jan 24, 2024;Jan 25, 2024;47,470.25;22,533.00;74,983.75;424,929.75;13,966.50;727.25;-;0.00;19,711.25;56,022.50;5,617.25;5,709.00
Jan 25, 2024;Jan 26, 2024;49,677.75;28,700.50;62,568.50;212,468.00;23,792.00;758.50;-;0.00;24,114.75;87,623.75;6,355.00;6,142.00
Jan 26, 2024;Jan 27, 2024;49,241.50;28,060.50;93,407.25;326,628.25;8,656.25;781.00;-;0.00;15,223.00;56,110.75;3,621.50;5,991.00
Jan 27, 2024;Jan 28, 2024;49,623.75;29,141.75;93,700.00;183,275.75;50,251.00;797.50;-;0.00;14,101.00;38,326.75;5,635.50;7,841.00
Jan 28, 2024;Jan 29, 2024;48,523.00;27,362.75;92,976.75;181,491.25;55,076.75;857.75;-;0.00;12,459.25;33,754.25;1,923.50;7,304.00
Jan 29, 2024;Jan 30, 2024;49,860.75;29,151.25;53,328.75;144,179.00;48,843.00;867.75;-;0.00;42,659.25;68,614.75;5,881.00;7,449.00
Jan 30, 2024;Jan 31, 2024;49,715.50;29,905.50;97,636.50;204,419.75;32,319.50;847.75;-;0.00;29,624.00;47,664.50;4,902.25;6,556.00
Jan 31, 2024;Feb 1, 2024;49,406.25;30,374.75;88,985.25;245,140.50;13,638.25;848.75;-;0.00;43,413.75;52,398.50;5,997.75;7,564.00
Feb 1, 2024;Feb 2, 2024;49,580.50;28,335.50;65,546.75;290,883.75;20,143.00;858.75;-;0.00;19,996.75;51,696.25;6,793.50;7,559.00
Feb 2, 2024;Feb 3, 2024;49,886.50;26,721.00;98,158.25;333,514.00;13,982.50;855.75;-;0.00;22,761.25;41,839.50;3,161.25;5,998.00
Feb 3, 2024;Feb 4, 2024;48,574.00;25,239.50;99,741.50;339,338.75;19,325.75;821.50;-;0.00;23,203.00;35,857.75;5,880.25;6,725.00
Feb 4, 2024;Feb 5, 2024;47,668.25;23,386.25;106,960.00;394,508.00;10,958.50;804.50;-;0.00;20,986.00;31,584.00;2,490.75;7,387.00
Feb 5, 2024;Feb 6, 2024;48,418.50;24,247.50;92,500.00;426,544.50;32,527.25;733.50;-;0.00;21,503.25;40,631.00;5,950.50;6,859.00
Feb 6, 2024;Feb 7, 2024;48,287.00;25,066.50;94,697.75;438,232.00;16,903.25;813.75;-;0.00;21,620.50;40,659.75;6,290.25;5,586.00
Feb 7, 2024;Feb 8, 2024;50,011.50;24,893.50;83,582.50;197,394.50;18,693.75;829.50;-;0.00;29,223.75;57,547.75;5,158.50;5,368.25
Feb 8, 2024;Feb 9, 2024;50,717.50;25,561.25;35,857.00;87,053.25;13,872.50;785.25;-;0.00;58,979.00;71,803.25;3,801.75;4,932.00
Feb 9, 2024;Feb 10, 2024;49,654.25;24,443.50;116,252.25;239,495.00;15,753.75;841.00;-;0.00;12,669.50;34,302.00;4,612.25;6,966.00
Feb 10, 2024;Feb 11, 2024;49,189.75;23,273.75;75,147.50;119,471.75;24,146.75;842.25;-;0.00;11,346.25;28,540.50;2,633.50;7,383.00
Feb 11, 2024;Feb 12, 2024;48,242.50;22,759.75;102,447.50;157,330.50;8,448.25;857.25;-;0.00;11,935.50;23,499.25;2,614.50;7,272.00
Feb 12, 2024;Feb 13, 2024;48,773.00;23,917.00;40,895.00;100,674.00;17,828.75;873.25;-;0.00;24,555.50;46,836.50;5,351.50;7,089.00
Feb 13, 2024;Feb 14, 2024;48,460.00;23,710.75;102,138.00;178,408.25;39,654.25;886.25;-;0.00;39,323.25;43,989.25;2,970.75;7,153.00
Feb 14, 2024;Feb 15, 2024;49,212.75;23,408.25;50,434.75;165,913.50;19,666.00;864.25;-;0.00;45,022.50;36,229.25;3,286.25;6,752.00
Feb 15, 2024;Feb 16, 2024;49,372.75;23,574.75;92,544.75;127,505.00;35,563.25;838.75;-;0.00;43,280.75;50,131.00;4,329.75;8,482.00
Feb 16, 2024;Feb 17, 2024;49,030.50;23,424.25;98,495.50;216,217.25;36,594.50;837.75;-;0.00;22,774.50;35,193.25;3,404.50;7,178.00
Feb 17, 2024;Feb 18, 2024;48,671.75;24,051.00;32,830.75;114,791.75;31,400.00;855.75;-;0.00;15,172.50;47,579.50;4,442.00;5,535.00
Feb 18, 2024;Feb 19, 2024;48,443.00;25,677.50;105,937.50;185,146.75;37,647.25;873.00;-;0.00;14,247.50;36,366.25;2,473.50;5,585.00
Feb 19, 2024;Feb 20, 2024;49,815.75;24,467.50;92,151.50;237,686.75;21,144.00;873.50;-;0.00;36,334.75;35,362.75;3,521.00;4,515.00
Feb 20, 2024;Feb 21, 2024;49,510.00;26,536.50;87,437.50;207,863.25;33,784.25;888.50;-;0.00;27,999.25;37,560.75;4,994.50;7,230.00
Feb 21, 2024;Feb 22, 2024;49,330.25;26,676.75;86,208.50;256,383.00;46,173.00;872.75;-;0.00;19,603.00;35,301.50;4,600.25;7,363.50
Feb 22, 2024;Feb 23, 2024;49,182.50;25,763.75;83,598.25;270,296.25;16,687.50;854.50;-;0.00;14,470.00;36,374.25;6,072.00;7,758.00
Feb 23, 2024;Feb 24, 2024;49,127.50;25,328.75;73,030.50;322,632.25;23,297.25;889.75;-;0.00;15,778.75;48,589.75;6,902.50;7,804.00
Feb 24, 2024;Feb 25, 2024;49,270.75;26,518.50;58,078.75;142,256.50;51,656.00;905.50;-;0.00;12,277.25;35,354.50;2,848.25;8,009.00
Feb 25, 2024;Feb 26, 2024;49,207.25;25,766.50;18,440.50;120,092.50;56,552.25;899.75;-;0.00;11,022.25;43,900.00;4,379.00;7,833.00
Feb 26, 2024;Feb 27, 2024;49,443.25;25,057.50;62,019.50;105,341.75;39,438.00;884.75;-;0.00;19,485.50;52,650.75;3,629.00;7,624.00
Feb 27, 2024;Feb 28, 2024;50,196.25;24,696.75;14,312.25;43,996.00;30,001.25;897.75;-;0.00;33,704.25;75,105.00;6,221.50;6,854.00
Feb 28, 2024;Feb 29, 2024;49,880.00;24,429.50;66,461.75;54,019.50;30,727.25;886.50;-;0.00;38,609.25;81,106.25;4,593.25;6,888.00
Feb 29, 2024;Mar 1, 2024;49,880.25;24,315.50;113,533.50;198,361.25;44,213.50;887.25;-;0.00;21,389.25;38,521.50;4,393.25;7,468.00
Mar 1, 2024;Mar 2, 2024;50,150.75;24,614.75;98,211.25;128,068.75;29,084.50;881.50;-;0.00;22,145.00;41,743.75;5,548.50;7,580.00
Mar 2, 2024;Mar 3, 2024;49,179.25;24,648.00;88,391.50;136,430.25;64,547.50;872.50;-;0.00;10,882.75;40,498.25;3,930.00;7,176.00
Mar 3, 2024;Mar 4, 2024;48,496.50;23,270.25;90,072.75;127,052.75;72,834.25;857.75;-;0.00;16,998.00;30,191.75;3,318.75;7,071.00
Mar 4, 2024;Mar 5, 2024;48,976.25;23,726.00;26,882.50;72,691.25;37,525.00;874.00;-;0.00;27,614.75;67,845.50;6,941.50;6,410.00
Mar 5, 2024;Mar 6, 2024;48,523.00;23,852.50;96,969.50;133,079.25;23,909.00;876.50;-;0.00;39,601.25;69,132.75;2,624.25;6,233.25
Mar 6, 2024;Mar 7, 2024;48,875.50;25,000.50;56,258.25;50,499.50;35,722.50;892.75;-;0.00;62,711.50;82,447.75;5,509.25;6,712.75
Mar 7, 2024;Mar 8, 2024;49,430.75;25,412.75;53,010.00;108,574.25;36,577.50;870.50;-;0.00;38,665.50;47,940.50;4,773.25;6,640.00
Mar 8, 2024;Mar 9, 2024;49,575.25;25,708.50;111,272.50;224,585.75;95,756.50;864.00;-;0.00;14,727.75;36,749.75;6,497.00;6,085.00
Mar 9, 2024;Mar 10, 2024;49,264.25;24,555.75;132,519.75;240,304.75;94,393.50;856.25;-;0.00;14,830.25;27,813.25;5,332.75;6,545.00
Mar 10, 2024;Mar 11, 2024;48,680.50;22,663.75;122,646.00;279,725.25;48,383.75;820.00;-;0.00;13,516.75;25,080.75;2,649.00;6,559.00
Mar 11, 2024;Mar 12, 2024;49,433.00;23,137.50;101,492.50;162,772.50;59,965.00;870.75;-;0.00;27,488.75;49,542.00;4,956.75;6,275.00
Mar 12, 2024;Mar 13, 2024;49,283.75;23,478.25;18,353.00;48,052.75;28,794.75;868.25;-;0.00;37,762.00;78,031.75;4,299.50;7,278.00
Mar 13, 2024;Mar 14, 2024;49,762.50;23,031.50;93,332.00;93,546.25;32,492.75;868.75;-;0.00;29,311.75;50,365.00;4,652.00;7,273.00
Mar 14, 2024;Mar 15, 2024;48,593.50;22,029.75;110,958.75;154,799.25;64,280.25;852.25;-;0.00;26,349.50;42,445.75;5,948.00;7,273.00
Mar 15, 2024;Mar 16, 2024;47,818.75;21,639.75;134,338.25;222,515.50;55,906.25;835.75;-;0.00;11,987.50;28,895.50;6,609.50;7,348.00
Mar 16, 2024;Mar 17, 2024;47,184.25;20,646.75;70,426.75;257,457.00;45,811.25;852.00;-;0.00;10,606.25;21,483.25;4,935.00;7,655.00
Mar 17, 2024;Mar 18, 2024;48,360.00;22,481.50;65,442.00;54,740.00;81,152.25;864.25;-;0.00;10,657.75;26,432.75;4,458.00;7,648.00
Mar 18, 2024;Mar 19, 2024;49,354.75;21,383.50;68,001.50;111,529.00;46,210.50;859.50;-;0.00;25,139.25;57,933.75;6,630.50;7,144.00
Mar 19, 2024;Mar 20, 2024;49,180.50;24,435.50;63,490.75;54,792.50;68,130.75;861.50;-;0.00;29,947.50;61,383.25;3,914.00;7,539.00
Mar 20, 2024;Mar 21, 2024;49,178.50;24,258.50;13,436.00;12,614.25;83,139.50;858.75;-;0.00;42,204.00;70,929.00;5,379.75;7,729.00
Mar 21, 2024;Mar 22, 2024;48,957.25;22,612.00;74,633.25;121,715.75;50,847.50;860.00;-;0.00;28,849.50;49,531.75;4,144.75;7,635.00
Mar 22, 2024;Mar 23, 2024;49,341.50;24,425.00;84,441.25;183,841.75;57,338.50;837.00;-;0.00;10,398.00;45,607.00;5,833.00;7,625.00
Mar 23, 2024;Mar 24, 2024;48,483.75;22,439.25;108,873.50;222,222.50;52,307.75;867.75;-;0.00;6,853.25;28,782.00;5,466.25;7,547.00
Mar 24, 2024;Mar 25, 2024;47,557.50;21,589.25;115,730.00;287,477.50;43,589.00;899.25;-;0.00;6,550.00;24,161.00;2,264.00;7,333.00
Mar 25, 2024;Mar 26, 2024;50,109.25;22,798.00;24,728.25;100,370.25;83,447.00;878.75;-;0.00;29,548.50;61,083.00;6,482.25;8,002.00
Mar 26, 2024;Mar 27, 2024;49,752.25;22,222.25;57,290.25;172,370.00;82,196.25;874.00;-;0.00;26,198.00;41,793.25;4,986.50;7,293.00
Mar 27, 2024;Mar 28, 2024;49,134.75;21,889.25;40,556.75;77,319.50;71,968.50;833.25;-;0.00;34,788.25;55,935.50;5,603.00;7,674.00
Mar 28, 2024;Mar 29, 2024;48,573.50;22,869.75;49,226.75;179,981.75;50,405.50;881.00;-;0.00;20,078.75;24,108.50;4,443.50;7,908.00
Mar 29, 2024;Mar 30, 2024;47,924.00;22,573.75;97,216.00;191,691.50;59,054.25;804.50;-;0.00;13,217.50;18,311.50;5,914.00;8,280.25
Mar 30, 2024;Mar 31, 2024;47,958.50;21,465.00;29,548.25;96,885.50;65,629.25;747.50;-;0.00;15,575.00;29,453.25;3,462.50;8,546.00
Mar 31, 2024;Apr 1, 2024;45,796.00;21,076.75;20,411.75;36,010.00;69,683.25;733.75;-;0.00;11,766.00;19,785.75;2,392.25;8,077.75
Apr 1, 2024;Apr 2, 2024;47,740.50;21,974.75;36,224.50;128,219.00;26,810.00;803.50;-;0.00;9,786.00;15,133.50;4,317.00;8,422.00
Apr 2, 2024;Apr 3, 2024;47,939.00;23,453.50;55,557.50;294,821.75;63,873.00;814.75;-;0.00;9,768.00;21,154.25;5,903.25;7,963.00
Apr 3, 2024;Apr 4, 2024;49,365.25;22,059.50;60,583.25;102,000.25;44,206.50;806.75;-;0.00;9,802.00;68,624.75;4,221.50;7,838.00
Apr 4, 2024;Apr 5, 2024;48,716.75;22,545.00;101,025.75;241,270.25;46,309.50;714.50;-;0.00;3,975.75;29,421.50;4,734.50;7,792.00
Apr 5, 2024;Apr 6, 2024;48,848.50;23,096.00;79,119.50;252,683.75;73,711.00;756.00;-;0.00;11,468.00;22,850.00;5,566.00;5,754.25
Apr 6, 2024;Apr 7, 2024;47,824.50;22,628.00;91,241.75;164,096.50;106,002.75;732.25;-;0.00;9,930.50;14,359.50;5,622.00;5,722.00
Apr 7, 2024;Apr 8, 2024;46,771.50;23,156.25;96,990.75;157,702.50;91,675.00;740.25;-;0.00;9,936.50;22,804.75;4,042.50;5,439.00
Apr 8, 2024;Apr 9, 2024;47,969.25;25,029.50;43,347.00;47,453.50;92,940.00;713.75;-;0.00;13,063.50;48,463.50;7,084.25;5,480.00
Apr 9, 2024;Apr 10, 2024;47,075.00;25,255.50;93,707.75;200,793.00;51,390.75;782.75;-;0.00;14,845.50;24,262.75;3,571.00;5,240.75
Apr 10, 2024;Apr 11, 2024;47,466.00;25,133.25;71,834.25;161,842.00;75,277.25;870.50;-;0.00;20,246.25;46,959.25;5,490.25;4,195.00
Apr 11, 2024;Apr 12, 2024;48,009.50;24,470.75;77,325.75;179,344.50;88,952.75;854.00;-;0.00;16,625.00;42,857.25;5,412.25;4,644.00
Apr 12, 2024;Apr 13, 2024;48,372.50;24,771.50;92,639.25;158,161.25;99,529.75;825.50;-;0.00;9,061.00;36,444.00;6,081.75;4,678.00
Apr 13, 2024;Apr 14, 2024;46,863.50;23,394.00;68,663.25;163,500.75;104,645.75;779.75;-;0.00;8,866.00;14,945.75;5,240.25;4,643.00
Apr 14, 2024;Apr 15, 2024;46,185.75;23,198.75;49,497.50;198,703.50;102,182.50;729.50;-;0.00;10,050.75;20,947.25;4,643.75;4,587.00
Apr 15, 2024;Apr 16, 2024;46,999.00;25,750.75;59,202.50;173,676.75;57,994.75;791.25;-;0.00;11,556.50;39,060.50;5,856.50;4,718.00
Apr 16, 2024;Apr 17, 2024;46,785.25;27,198.00;54,576.50;168,679.75;64,952.50;835.25;-;0.00;10,844.25;31,047.25;5,084.50;4,835.00
Apr 17, 2024;Apr 18, 2024;48,022.00;28,903.75;20,132.25;47,965.00;72,899.75;892.75;-;0.00;15,255.00;56,378.25;4,659.25;4,944.00
Apr 18, 2024;Apr 19, 2024;48,178.50;28,422.50;43,432.00;82,447.50;79,881.75;907.75;-;0.00;13,572.50;55,433.00;4,673.25;4,762.00
Apr 19, 2024;Apr 20, 2024;47,790.00;26,108.75;113,325.50;299,316.75;44,691.50;875.00;-;0.00;11,356.00;26,938.75;5,707.50;4,674.00
Apr 20, 2024;Apr 21, 2024;48,339.75;26,711.50;70,871.00;102,952.25;75,093.25;844.25;-;0.00;7,629.75;24,534.25;6,873.75;4,113.00
Apr 21, 2024;Apr 22, 2024;48,066.00;25,742.00;51,129.75;83,763.00;65,362.50;840.25;-;0.00;13,464.25;25,137.00;3,748.00;4,942.00
Apr 22, 2024;Apr 23, 2024;48,339.00;25,812.25;34,638.75;48,866.50;97,319.75;850.25;-;0.00;14,009.25;60,260.25;6,566.00;4,787.50
Apr 23, 2024;Apr 24, 2024;48,176.75;26,001.25;59,309.25;74,310.00;76,006.25;864.50;-;0.00;15,436.75;64,605.00;4,299.00;4,853.00
Apr 24, 2024;Apr 25, 2024;48,739.25;25,978.50;75,516.25;85,447.00;75,212.00;870.25;-;0.00;16,660.25;80,506.00;5,711.75;4,783.00
Apr 25, 2024;Apr 26, 2024;49,045.75;25,704.25;16,883.75;60,253.50;82,611.25;832.25;-;0.00;17,971.25;77,770.75;5,238.50;4,866.00
Apr 26, 2024;Apr 27, 2024;48,930.25;25,173.00;11,688.50;81,105.00;92,071.50;799.00;-;0.00;23,856.00;41,655.00;6,608.50;4,994.00
Apr 27, 2024;Apr 28, 2024;47,627.00;24,973.50;18,606.25;70,563.25;123,586.25;776.00;-;0.00;9,399.25;28,071.00;5,355.50;4,906.00
Apr 28, 2024;Apr 29, 2024;45,956.00;23,329.25;79,204.00;176,122.00;97,327.25;702.75;-;0.00;4,011.00;14,697.25;2,797.25;4,988.00
Apr 29, 2024;Apr 30, 2024;47,443.75;24,923.50;50,069.50;58,914.00;124,831.75;700.50;-;0.00;11,066.00;40,579.00;7,298.75;5,272.00
Apr 30, 2024;May 1, 2024;47,227.50;25,826.25;55,086.00;92,578.00;125,077.75;679.50;-;0.00;14,798.25;26,133.75;6,670.50;4,580.00
May 1, 2024;May 2, 2024;45,223.25;25,677.25;60,339.00;152,027.25;123,853.50;711.00;-;0.00;4,926.00;14,604.25;5,500.50;5,182.25
May 2, 2024;May 3, 2024;45,722.75;25,474.50;99,107.50;215,210.25;118,353.25;740.50;-;0.00;7,262.50;19,825.75;7,541.00;5,295.00
May 3, 2024;May 4, 2024;47,119.00;27,343.00;81,295.00;131,017.00;45,279.25;825.50;-;0.00;3,519.50;38,869.75;9,037.75;4,984.00
May 4, 2024;May 5, 2024;47,467.50;27,220.00;21,658.00;26,932.00;97,943.75;812.00;-;0.00;4,789.00;36,847.50;5,810.50;8,160.00
May 5, 2024;May 6, 2024;46,526.00;24,942.25;46,259.00;160,726.50;78,896.75;761.25;-;0.00;3,755.50;29,839.00;3,384.25;7,471.00
May 6, 2024;May 7, 2024;47,597.50;27,510.75;2,837.25;43,395.75;92,813.00;745.00;-;0.00;5,984.00;59,334.75;6,967.25;7,872.00
May 7, 2024;May 8, 2024;47,365.00;29,738.50;1,600.25;48,699.00;65,555.75;782.50;-;0.00;3,053.25;53,567.50;5,903.50;7,985.00
May 8, 2024;May 9, 2024;47,427.25;30,382.25;2,562.75;26,506.25;77,507.50;820.00;-;0.00;2,766.25;58,431.00;4,073.50;7,676.00
May 9, 2024;May 10, 2024;46,920.75;30,379.75;5,627.25;12,219.50;125,720.75;812.25;-;0.00;2,554.75;32,920.50;4,278.25;8,020.00
May 10, 2024;May 11, 2024;47,223.00;30,247.75;2,639.50;18,222.75;128,490.00;806.00;-;0.00;2,903.00;40,463.00;4,263.50;8,334.00
May 11, 2024;May 12, 2024;46,894.00;29,315.25;9,789.00;32,043.25;133,900.50;791.25;-;0.00;1,743.00;27,564.00;5,323.25;8,373.00
May 12, 2024;May 13, 2024;45,110.50;26,479.25;55,579.75;106,451.25;133,329.00;777.25;-;0.00;1,540.00;16,980.75;3,371.25;8,543.00
May 13, 2024;May 14, 2024;45,956.25;27,583.75;88,205.50;168,388.75;139,630.75;753.00;-;0.00;2,176.50;29,283.00;6,791.00;8,566.00
May 14, 2024;May 15, 2024;44,436.75;25,927.25;88,575.25;203,602.75;138,934.50;733.00;-;0.00;6,873.50;18,222.25;4,204.75;8,348.00
May 15, 2024;May 16, 2024;44,251.50;25,715.50;53,207.50;210,040.75;130,152.50;733.50;-;0.00;4,651.75;18,804.25;5,587.25;8,546.75
May 16, 2024;May 17, 2024;44,549.25;26,131.25;41,873.00;186,824.75;104,242.00;695.50;-;0.00;11,388.75;30,193.00;6,644.75;7,767.50
May 17, 2024;May 18, 2024;45,659.25;29,384.50;38,443.50;169,710.25;73,632.75;699.75;-;0.00;7,418.00;29,184.75;6,951.25;8,398.00
May 18, 2024;May 19, 2024;45,646.00;31,304.50;29,498.25;68,336.75;98,190.50;658.75;-;0.00;10,619.75;21,934.25;5,735.00;7,975.00
May 19, 2024;May 20, 2024;45,114.25;31,293.00;41,006.75;39,426.75;103,183.50;626.25;-;0.00;10,430.25;22,644.75;6,050.75;7,911.00
May 20, 2024;May 21, 2024;45,094.25;31,523.50;34,967.00;39,985.75;127,598.75;592.50;-;0.00;8,906.00;22,569.75;5,552.75;7,947.00
May 21, 2024;May 22, 2024;45,007.25;31,936.00;59,033.25;170,700.50;83,054.25;627.00;-;0.00;4,390.75;24,899.75;6,484.25;1,569.00
May 22, 2024;May 23, 2024;44,540.00;31,784.50;47,061.25;115,578.50;70,984.75;637.25;-;0.00;2,779.00;43,591.00;5,013.75;8,308.00
May 23, 2024;May 24, 2024;44,427.50;32,706.50;16,525.50;49,687.75;121,167.25;587.50;-;0.00;3,418.75;45,503.25;7,591.75;8,520.50
May 24, 2024;May 25, 2024;45,188.50;35,986.00;15,622.75;38,829.00;95,417.00;573.75;-;0.00;4,528.50;53,076.75;5,835.25;9,656.00
May 25, 2024;May 26, 2024;44,688.50;33,150.25;35,614.75;30,613.75;101,136.50;627.75;-;0.00;8,687.00;37,612.75;5,744.25;8,569.25
May 26, 2024;May 27, 2024;44,268.75;30,166.25;14,697.25;36,019.50;122,585.50;612.50;-;0.00;7,679.25;26,230.25;4,648.00;9,401.25
May 27, 2024;May 28, 2024;44,577.25;32,204.00;35,357.00;39,752.25;107,055.00;626.50;-;0.00;7,184.00;45,951.50;7,868.50;8,961.00
May 28, 2024;May 29, 2024;44,365.25;33,629.50;17,437.75;62,073.75;96,143.75;749.75;-;0.00;7,522.00;40,205.25;4,308.50;8,356.00
May 29, 2024;May 30, 2024;44,326.25;32,648.50;79,663.50;132,558.00;84,313.75;705.50;-;0.00;2,117.00;34,531.75;6,607.00;8,062.00
May 30, 2024;May 31, 2024;44,457.00;35,711.75;20,649.25;20,945.50;90,816.50;713.00;-;0.00;4,567.00;40,028.75;4,951.25;7,883.00
May 31, 2024;Jun 1, 2024;44,749.75;34,661.25;55,765.00;54,301.50;55,233.25;765.00;-;0.00;2,182.25;36,741.50;5,046.75;7,877.00
Jun 1, 2024;Jun 2, 2024;43,834.50;27,144.00;82,799.25;95,540.25;64,173.75;730.75;-;0.00;1,814.25;25,218.50;5,320.75;8,131.00
Jun 2, 2024;Jun 3, 2024;43,004.00;24,901.25;103,199.75;146,920.75;67,323.50;735.75;-;0.00;1,852.50;18,448.75;4,692.50;8,789.25
Jun 3, 2024;Jun 4, 2024;44,797.25;29,031.25;35,593.00;64,182.50;61,620.00;688.00;-;0.00;11,442.00;62,210.25;9,296.50;9,140.50
Jun 4, 2024;Jun 5, 2024;44,190.00;22,129.25;46,799.75;40,374.00;108,903.25;568.75;-;0.00;8,927.00;49,483.50;6,161.00;7,524.00
Jun 5, 2024;Jun 6, 2024;43,534.75;23,189.75;68,952.75;152,172.50;104,967.75;565.25;-;0.00;10,287.25;30,545.50;6,082.75;7,980.00
Jun 6, 2024;Jun 7, 2024;44,224.75;26,770.00;59,586.25;68,778.00;125,939.50;548.00;-;0.00;8,873.75;44,452.25;6,188.75;8,458.00
Jun 7, 2024;Jun 8, 2024;44,356.25;28,852.75;55,110.00;49,944.50;126,981.75;567.00;-;0.00;6,955.25;43,879.25;7,172.75;8,447.00
Jun 8, 2024;Jun 9, 2024;43,874.00;25,431.75;72,988.00;120,449.50;117,956.75;558.25;-;0.00;1,871.75;17,699.00;6,198.00;8,752.00
Jun 9, 2024;Jun 10, 2024;43,603.00;24,133.00;58,601.25;142,967.25;106,996.50;567.00;-;0.00;1,959.25;20,069.25;5,348.25;8,178.00
Jun 10, 2024;Jun 11, 2024;44,426.75;25,247.50;46,342.75;93,732.50;99,469.25;580.50;-;0.00;15,406.00;37,900.25;5,327.50;8,597.00
Jun 11, 2024;Jun 12, 2024;43,629.75;26,343.50;78,276.25;191,792.00;90,705.00;615.75;-;0.00;1,998.00;25,177.50;5,394.50;7,376.00
Jun 12, 2024;Jun 13, 2024;44,834.25;28,670.50;65,152.00;111,523.50;116,273.00;590.75;-;0.00;6,716.50;34,369.50;4,433.00;8,021.00
Jun 13, 2024;Jun 14, 2024;44,949.50;32,267.00;31,857.25;57,490.00;112,083.00;610.00;-;0.00;12,742.75;41,406.75;5,775.75;7,674.00
Jun 14, 2024;Jun 15, 2024;44,946.75;34,204.25;43,836.50;125,080.50;80,370.00;650.25;-;0.00;2,258.25;20,532.25;6,441.75;5,460.00
Jun 15, 2024;Jun 16, 2024;43,743.75;27,532.25;67,458.25;184,078.75;88,272.75;661.50;-;0.00;1,674.75;14,783.00;3,757.75;4,584.00
Jun 16, 2024;Jun 17, 2024;43,856.75;30,577.50;69,692.25;118,564.75;108,572.25;606.25;-;0.00;1,537.75;17,327.00;4,780.50;4,824.00
Jun 17, 2024;Jun 18, 2024;44,372.00;34,140.75;39,168.00;56,301.25;109,039.50;543.75;-;0.00;13,731.50;39,649.50;4,504.00;5,969.00
Jun 18, 2024;Jun 19, 2024;44,332.75;34,472.25;7,335.00;25,271.00;117,788.25;522.50;-;0.00;12,696.00;45,339.75;5,248.25;6,234.00
Jun 19, 2024;Jun 20, 2024;44,027.75;36,511.00;25,580.75;66,639.50;106,373.50;511.00;-;0.00;13,465.25;30,625.00;4,825.75;6,254.00
Jun 20, 2024;Jun 21, 2024;44,305.25;33,855.50;2,960.75;27,968.75;110,088.25;595.50;-;0.00;16,286.75;28,207.75;5,773.50;4,671.50
Jun 21, 2024;Jun 22, 2024;44,316.25;35,266.50;14,476.00;62,122.50;71,073.00;642.25;-;0.00;18,689.75;46,322.75;2,903.75;5,707.00
Jun 22, 2024;Jun 23, 2024;43,671.50;26,607.25;16,987.75;131,507.25;125,907.25;681.25;-;0.00;1,964.50;21,034.50;4,187.25;5,405.50
Jun 23, 2024;Jun 24, 2024;43,987.00;29,259.25;10,096.50;39,934.25;113,843.00;695.50;-;0.00;8,515.75;24,305.75;4,901.75;5,153.00
Jun 24, 2024;Jun 25, 2024;44,277.50;34,284.00;829.50;18,924.75;145,604.25;648.50;-;0.00;6,858.25;36,308.75;7,230.25;6,541.00
Jun 25, 2024;Jun 26, 2024;43,170.75;35,397.00;12,882.25;58,110.25;157,200.50;657.75;-;0.00;12,228.25;39,242.00;5,539.50;5,728.00
Jun 26, 2024;Jun 27, 2024;43,363.50;34,612.50;17,988.75;54,554.25;138,055.25;676.50;-;0.00;16,052.50;43,167.00;6,453.50;6,780.00
Jun 27, 2024;Jun 28, 2024;42,721.75;35,547.25;29,216.50;44,379.00;111,426.50;672.25;-;0.00;11,022.75;28,495.00;7,782.75;8,811.00
Jun 28, 2024;Jun 29, 2024;42,986.75;34,477.50;69,335.50;122,790.25;129,411.75;591.00;-;0.00;5,113.00;18,279.00;5,985.50;8,505.75
Jun 29, 2024;Jun 30, 2024;43,110.25;34,191.00;12,997.00;33,373.75;139,006.00;492.00;-;0.00;2,257.00;16,073.50;8,140.25;8,778.00
Jun 30, 2024;Jul 1, 2024;42,352.00;30,539.75;25,586.00;89,037.75;63,269.75;482.75;-;0.00;5,208.25;13,785.75;4,518.75;8,758.00
Jul 1, 2024;Jul 2, 2024;43,450.75;34,560.75;47,422.00;87,344.50;82,784.25;492.50;-;0.00;12,401.00;10,026.75;7,321.00;8,292.00
Jul 2, 2024;Jul 3, 2024;43,492.50;33,122.25;79,413.50;116,392.25;68,179.25;482.25;-;0.00;12,435.75;9,585.25;5,229.25;8,663.00
Jul 3, 2024;Jul 4, 2024;44,415.00;34,533.75;57,740.25;85,257.50;76,112.75;497.75;-;0.00;13,424.75;12,874.50;6,924.25;8,608.00
Jul 4, 2024;Jul 5, 2024;42,917.75;30,266.25;110,417.50;232,028.00;90,781.75;488.50;-;0.00;2,155.00;11,077.50;5,049.75;6,093.00
Jul 5, 2024;Jul 6, 2024;44,129.50;33,052.75;73,595.75;195,104.25;110,139.50;491.50;-;0.00;2,123.50;15,922.00;8,813.25;8,712.00
Jul 6, 2024;Jul 7, 2024;42,456.75;29,370.50;66,146.50;207,755.50;103,251.75;536.75;-;0.00;1,555.75;17,381.75;1,704.75;8,429.00
Jul 7, 2024;Jul 8, 2024;42,925.25;30,827.50;61,078.75;130,023.25;94,261.50;588.50;-;0.00;1,947.50;13,498.50;7,496.25;8,513.00
Jul 8, 2024;Jul 9, 2024;43,642.00;34,102.50;28,995.00;50,200.50;130,748.25;575.00;-;0.00;10,351.75;24,787.50;7,907.00;8,840.00
Jul 9, 2024;Jul 10, 2024;42,706.50;34,784.75;51,553.25;84,400.75;147,418.00;535.75;-;0.00;5,718.00;20,536.50;4,816.25;8,153.50
Jul 10, 2024;Jul 11, 2024;43,251.25;37,218.25;48,909.25;68,342.75;94,970.25;520.75;-;0.00;10,166.50;14,043.75;8,910.50;8,108.00
Jul 11, 2024;Jul 12, 2024;43,819.00;36,661.00;32,491.75;34,653.50;113,999.50;539.75;-;0.00;21,774.00;26,136.75;6,564.00;8,111.00
Jul 12, 2024;Jul 13, 2024;43,887.25;34,948.00;30,268.75;116,555.50;84,908.00;555.75;-;0.00;15,743.00;26,084.75;5,007.50;9,468.00
Jul 13, 2024;Jul 14, 2024;42,614.50;30,622.75;79,108.75;155,644.50;95,964.75;606.00;-;0.00;4,466.00;13,631.00;5,016.50;9,558.00
Jul 14, 2024;Jul 15, 2024;42,587.00;29,020.00;98,594.75;95,846.50;117,379.50;589.00;-;0.00;4,982.75;13,464.25;4,822.50;8,533.00
Jul 15, 2024;Jul 16, 2024;43,660.00;35,065.00;53,787.25;69,908.75;141,793.75;533.25;-;0.00;6,915.25;21,604.50;7,451.75;9,573.75
Jul 16, 2024;Jul 17, 2024;42,426.75;34,288.75;66,819.00;133,893.50;96,031.75;577.75;-;0.00;11,546.75;11,387.50;6,520.00;5,924.00
Jul 17, 2024;Jul 18, 2024;43,730.25;33,167.25;59,335.00;136,060.50;85,008.00;604.50;-;0.00;6,279.25;20,026.50;6,999.50;9,580.00
Jul 18, 2024;Jul 19, 2024;44,246.50;34,626.25;1,377.25;11,006.50;136,282.75;638.50;-;0.00;13,727.50;20,445.25;7,971.75;9,803.75
Jul 19, 2024;Jul 20, 2024;43,611.00;34,942.50;14,630.00;17,587.25;136,518.00;628.25;-;0.00;16,982.50;32,572.25;7,733.25;9,757.00
Jul 20, 2024;Jul 21, 2024;42,833.50;31,362.50;52,647.00;60,594.25;127,948.25;628.75;-;0.00;2,824.00;19,754.25;6,615.50;9,655.00
Jul 21, 2024;Jul 22, 2024;42,155.25;31,143.50;32,788.50;56,612.75;114,656.75;575.00;-;0.00;6,412.00;18,672.75;6,649.00;9,687.00
Jul 22, 2024;Jul 23, 2024;43,281.75;33,042.00;29,385.75;97,606.00;102,070.75;550.75;-;0.00;8,721.00;34,577.50;6,564.75;9,586.00
Jul 23, 2024;Jul 24, 2024;43,755.25;36,262.25;39,581.75;74,817.75;96,040.50;632.50;-;0.00;7,782.25;34,560.75;7,865.75;8,468.00
Jul 24, 2024;Jul 25, 2024;43,988.00;35,113.00;41,826.25;93,621.50;113,049.75;657.25;-;0.00;14,364.25;21,441.50;7,822.75;8,894.00
Jul 25, 2024;Jul 26, 2024;44,143.75;33,713.25;46,930.25;21,081.00;132,104.00;669.00;-;0.00;17,182.00;37,012.75;6,895.00;8,877.00
Jul 26, 2024;Jul 27, 2024;44,088.75;30,659.50;36,161.00;73,529.00;91,596.75;634.00;-;0.00;15,121.00;25,078.00;6,713.50;9,019.50
Jul 27, 2024;Jul 28, 2024;44,133.00;30,063.50;703.50;11,741.50;103,966.25;584.00;-;0.00;11,317.00;29,095.75;5,312.50;7,040.00
Jul 28, 2024;Jul 29, 2024;42,975.25;29,036.25;12,110.00;70,797.00;112,292.75;631.25;-;0.00;2,669.75;23,774.50;3,778.75;7,265.00
Jul 29, 2024;Jul 30, 2024;43,709.00;28,602.50;2,662.25;17,400.50;147,387.25;661.00;-;0.00;11,851.00;24,566.25;6,586.25;9,000.00
Jul 30, 2024;Jul 31, 2024;42,649.00;28,694.25;2,655.00;26,112.25;146,146.25;606.50;-;0.00;17,038.75;29,560.00;6,674.25;7,571.00
Jul 31, 2024;Aug 1, 2024;42,667.00;27,705.25;13,543.00;24,750.00;127,689.00;569.75;-;0.00;17,863.00;38,628.50;6,037.50;9,688.00
Aug 1, 2024;Aug 2, 2024;43,107.25;30,724.25;19,247.25;37,088.25;106,712.75;587.00;-;0.00;25,017.50;40,051.50;4,951.50;9,570.00
Aug 2, 2024;Aug 3, 2024;43,863.50;31,019.75;5,568.00;30,417.50;93,112.50;618.75;-;0.00;17,281.25;40,760.00;5,603.00;9,540.00
Aug 3, 2024;Aug 4, 2024;43,372.50;29,783.00;18,829.50;18,753.00;113,413.75;613.00;-;0.00;7,206.75;22,077.50;5,875.50;9,474.00
Aug 4, 2024;Aug 5, 2024;42,832.25;28,568.75;44,908.00;97,893.25;97,164.25;627.25;-;0.00;5,195.75;20,504.00;3,735.25;9,467.00
Aug 5, 2024;Aug 6, 2024;43,650.00;30,052.75;10,063.00;10,445.50;107,845.00;634.50;-;0.00;8,548.50;38,185.25;7,122.25;9,430.00
Aug 6, 2024;Aug 7, 2024;42,975.50;29,312.75;14,862.00;31,565.75;141,719.25;613.50;-;0.00;15,249.25;34,271.50;6,302.25;9,163.25
Aug 7, 2024;Aug 8, 2024;43,031.00;29,518.50;18,013.50;43,515.25;95,242.75;612.50;-;0.00;20,942.50;26,014.50;4,858.00;7,738.00
Aug 8, 2024;Aug 9, 2024;43,724.00;29,524.75;28,308.25;38,916.25;89,412.75;641.50;-;0.00;18,450.25;32,959.50;9,206.25;5,969.50
Aug 9, 2024;Aug 10, 2024;43,268.50;26,587.00;78,738.75;215,324.00;96,172.25;644.50;-;0.00;2,891.75;12,435.25;7,675.50;6,151.00
Aug 10, 2024;Aug 11, 2024;43,376.00;25,163.25;68,015.50;108,023.25;120,370.50;634.75;-;0.00;2,495.50;13,053.00;8,679.25;5,916.00
Aug 11, 2024;Aug 12, 2024;43,243.50;24,925.50;13,791.50;40,372.00;132,259.00;608.00;-;0.00;2,561.50;21,728.00;6,218.50;5,851.00
Aug 12, 2024;Aug 13, 2024;43,309.50;26,735.50;33,898.50;56,053.25;136,025.25;607.75;-;0.00;8,245.00;21,830.75;7,556.75;2,809.00
Aug 13, 2024;Aug 14, 2024;41,825.00;26,911.75;37,895.50;113,917.25;126,059.75;621.25;-;0.00;20,208.25;22,372.25;4,027.50;7,358.00
Aug 14, 2024;Aug 15, 2024;42,998.75;28,580.25;9,141.00;37,660.00;107,949.50;651.00;-;0.00;22,540.25;32,232.00;5,871.50;7,486.00
Aug 15, 2024;Aug 16, 2024;42,958.00;26,558.00;36,017.00;38,106.25;116,562.75;621.25;-;0.00;9,385.75;35,060.25;4,618.00;7,400.75
Aug 16, 2024;Aug 17, 2024;43,601.25;26,085.00;25,567.00;72,279.75;103,063.25;645.00;-;0.00;11,600.50;34,975.00;8,798.75;7,510.00
Aug 17, 2024;Aug 18, 2024;43,302.75;25,296.75;3,460.50;12,259.75;90,732.00;644.50;-;0.00;14,850.25;27,690.00;4,642.00;7,398.00
Aug 18, 2024;Aug 19, 2024;42,873.50;25,767.75;19,886.75;25,296.50;54,410.00;695.75;-;0.00;5,183.00;16,535.00;3,839.75;7,328.00
Aug 19, 2024;Aug 20, 2024;43,768.75;29,785.75;22,583.50;26,589.50;75,411.25;760.75;-;0.00;18,476.25;36,142.25;7,750.00;7,207.00
Aug 20, 2024;Aug 21, 2024;43,403.00;30,513.75;72,982.50;81,637.50;90,310.00;744.50;-;0.00;13,361.75;25,222.00;6,952.25;7,761.00
Aug 21, 2024;Aug 22, 2024;42,655.00;29,099.50;69,631.50;200,408.00;97,307.00;730.25;-;0.00;3,843.00;14,412.50;4,943.00;7,677.00
Aug 22, 2024;Aug 23, 2024;43,200.50;28,465.75;110,815.50;163,991.50;108,021.00;751.75;-;0.00;2,986.00;14,524.00;6,646.50;8,132.00
Aug 23, 2024;Aug 24, 2024;42,908.25;26,405.75;81,223.25;240,754.00;108,085.25;710.75;-;0.00;2,926.75;17,905.75;7,064.75;8,158.00
Aug 24, 2024;Aug 25, 2024;42,686.75;26,744.25;42,062.75;136,690.25;119,831.25;677.25;-;0.00;2,911.00;14,159.25;7,534.00;7,447.50
Aug 25, 2024;Aug 26, 2024;41,790.00;23,855.75;79,427.25;155,544.00;71,309.75;752.75;-;0.00;3,909.25;11,345.75;4,338.50;7,606.00
Aug 26, 2024;Aug 27, 2024;44,005.25;27,466.50;72,258.00;96,444.75;91,685.25;803.50;-;0.00;10,431.25;36,495.00;7,832.25;6,242.00
Aug 27, 2024;Aug 28, 2024;43,377.50;25,752.75;34,553.25;42,679.75;123,932.75;746.50;-;0.00;16,734.25;47,851.00;5,342.25;5,392.50
Aug 28, 2024;Aug 29, 2024;43,276.25;27,970.25;29,855.75;83,773.75;127,969.25;696.25;-;0.00;17,701.00;33,229.25;5,614.50;6,411.00
Aug 29, 2024;Aug 30, 2024;43,019.00;28,129.25;23,690.00;65,157.25;120,821.75;672.25;-;0.00;25,872.75;46,837.50;6,287.75;8,170.00
Aug 30, 2024;Aug 31, 2024;43,248.50;27,127.50;8,323.25;34,847.50;102,535.75;672.00;-;0.00;29,041.00;51,184.50;5,935.25;7,291.00
Aug 31, 2024;Sep 1, 2024;43,560.75;23,202.25;26,497.75;91,742.00;116,427.25;649.25;-;0.00;12,501.50;24,416.50;4,555.75;7,944.00
Sep 1, 2024;Sep 2, 2024;42,511.00;21,465.25;84,433.50;129,320.00;118,016.00;610.75;-;0.00;6,349.25;25,912.25;3,526.50;8,103.00
Sep 2, 2024;Sep 3, 2024;43,555.75;25,640.25;66,107.00;95,076.25;95,498.00;668.50;-;0.00;20,067.50;38,420.00;7,300.50;8,064.00
Sep 3, 2024;Sep 4, 2024;43,301.25;26,703.00;8,788.75;21,091.75;104,327.75;665.00;-;0.00;30,185.25;59,091.50;6,604.25;7,917.00
Sep 4, 2024;Sep 5, 2024;43,318.50;24,907.25;5,997.00;21,070.75;85,372.75;656.50;-;0.00;31,991.75;60,093.25;4,957.00;8,211.00
Sep 5, 2024;Sep 6, 2024;42,529.50;23,717.50;27,165.50;195,543.25;111,313.00;643.25;-;0.00;12,616.00;13,476.25;4,008.50;8,385.00
Sep 6, 2024;Sep 7, 2024;43,056.25;23,595.00;69,202.50;178,991.00;91,783.75;675.50;-;0.00;12,038.00;25,804.00;7,140.25;7,166.00
Sep 7, 2024;Sep 8, 2024;43,833.00;20,578.00;32,557.00;41,789.25;114,467.50;649.25;-;0.00;17,221.75;21,146.00;4,615.75;8,404.00
Sep 8, 2024;Sep 9, 2024;43,060.25;19,667.50;14,353.00;49,822.25;78,439.25;679.50;-;0.00;12,316.25;20,250.75;3,592.25;8,018.00
Sep 9, 2024;Sep 10, 2024;44,025.25;25,396.25;43,632.25;73,210.50;52,289.25;740.75;-;0.00;26,596.50;23,562.25;5,933.75;6,473.00
Sep 10, 2024;Sep 11, 2024;43,298.75;25,689.50;104,046.25;233,572.75;62,386.75;758.00;-;0.00;5,852.25;11,780.00;5,698.50;8,143.25
Sep 11, 2024;Sep 12, 2024;44,513.25;24,826.00;45,994.75;142,334.25;56,402.25;773.00;-;0.00;24,404.25;19,190.00;5,959.75;8,167.25
Sep 12, 2024;Sep 13, 2024;45,095.25;26,992.25;33,794.50;57,612.75;63,463.50;797.50;-;0.00;39,006.00;23,759.75;6,525.50;6,735.00
Sep 13, 2024;Sep 14, 2024;45,462.50;27,199.75;65,406.50;98,208.50;52,179.00;848.50;-;0.00;20,823.25;12,493.75;6,251.00;6,918.50
Sep 14, 2024;Sep 15, 2024;44,884.25;26,619.75;19,647.75;124,558.75;54,818.25;781.25;-;0.00;18,139.25;12,815.00;6,978.00;8,411.00
Sep 15, 2024;Sep 16, 2024;44,960.50;24,031.25;18,238.25;48,981.75;69,258.50;737.00;-;0.00;28,569.00;11,929.00;4,716.00;8,491.00
Sep 16, 2024;Sep 17, 2024;45,437.75;27,974.75;35,097.50;72,574.75;29,870.00;762.25;-;0.00;32,818.00;14,375.00;6,802.75;7,975.00
Sep 17, 2024;Sep 18, 2024;44,827.25;26,015.25;54,032.25;106,353.50;74,484.75;731.75;-;0.00;24,647.75;19,005.25;3,221.25;7,864.75
Sep 18, 2024;Sep 19, 2024;44,852.25;26,558.00;30,421.25;105,266.00;94,395.50;687.75;-;0.00;31,300.25;20,325.75;3,484.75;7,806.00
Sep 19, 2024;Sep 20, 2024;45,635.75;28,593.50;34,714.50;129,737.00;91,320.00;709.25;-;0.00;14,473.00;19,172.25;3,482.25;6,340.50
Sep 20, 2024;Sep 21, 2024;46,058.00;28,426.00;66,983.50;157,463.50;106,019.75;757.25;-;0.00;4,857.50;12,858.75;3,451.75;5,758.25
Sep 21, 2024;Sep 22, 2024;46,667.75;28,753.25;39,095.25;89,458.50;109,096.00;728.75;-;0.00;7,177.50;19,507.00;4,563.25;5,725.75
Sep 22, 2024;Sep 23, 2024;46,193.25;28,551.00;9,334.50;30,424.25;95,828.75;769.50;-;0.00;13,627.75;20,790.00;4,135.75;6,238.00
Sep 23, 2024;Sep 24, 2024;46,901.75;30,435.25;6,375.50;18,854.50;72,249.00;755.50;-;0.00;31,510.50;41,367.25;5,150.00;6,230.25
Sep 24, 2024;Sep 25, 2024;46,551.25;30,222.25;66,918.00;90,178.75;60,273.25;725.75;-;0.00;18,198.25;6,216.25;3,779.25;480.00
Sep 25, 2024;Sep 26, 2024;45,704.75;29,829.50;80,615.00;164,322.75;59,701.00;755.50;-;0.00;13,323.50;14,235.50;5,082.00;7,027.00
Sep 26, 2024;Sep 27, 2024;45,937.75;29,315.25;57,733.00;234,890.75;26,795.00;750.50;-;0.00;7,810.75;12,936.00;4,536.00;6,766.25
Sep 27, 2024;Sep 28, 2024;44,631.75;28,602.00;86,722.00;340,719.75;47,683.25;768.50;-;0.00;10,053.50;11,409.50;4,598.50;8,449.00
Sep 28, 2024;Sep 29, 2024;45,702.50;29,274.50;124,163.75;175,002.50;61,306.75;838.75;-;0.00;5,937.75;12,589.00;7,437.75;8,457.00
Sep 29, 2024;Sep 30, 2024;46,323.75;29,867.50;44,189.50;68,898.50;88,884.25;851.75;-;0.00;13,608.75;14,027.25;5,446.00;8,412.00
Sep 30, 2024;Oct 1, 2024;45,779.00;28,274.00;68,454.75;270,283.75;51,803.75;837.75;-;0.00;7,067.75;17,819.25;5,755.25;8,393.75
Oct 1, 2024;Oct 2, 2024;47,325.25;31,664.75;88,159.75;174,402.25;44,006.75;804.50;-;0.00;10,394.00;14,646.50;6,656.50;7,891.25
Oct 2, 2024;Oct 3, 2024;47,503.75;31,573.25;105,234.50;139,055.00;37,235.25;823.00;-;0.00;17,422.25;17,944.00;5,255.75;7,907.00
Oct 3, 2024;Oct 4, 2024;47,686.75;31,596.75;54,438.75;117,421.75;43,361.25;842.75;-;0.00;11,682.50;14,240.75;4,685.75;7,660.00
Oct 4, 2024;Oct 5, 2024;48,383.50;32,762.75;1,068.00;52,742.25;43,840.75;852.50;-;0.00;24,086.50;22,168.25;6,198.75;8,809.00
Oct 5, 2024;Oct 6, 2024;48,031.75;30,494.25;13,818.00;24,511.50;49,300.75;861.25;-;0.00;17,108.75;21,302.50;4,937.50;8,205.25
Oct 6, 2024;Oct 7, 2024;47,035.00;29,817.50;99,445.75;114,641.00;69,212.25;854.50;-;0.00;6,074.25;17,895.50;3,239.50;8,145.00
Oct 7, 2024;Oct 8, 2024;47,593.00;31,193.00;91,771.50;122,619.50;49,184.25;792.00;-;0.00;19,487.75;22,222.50;7,208.75;8,125.50
Oct 8, 2024;Oct 9, 2024;47,480.75;29,941.50;82,845.50;126,239.75;42,321.50;785.50;-;0.00;21,691.50;27,731.00;6,225.00;8,629.50
Oct 9, 2024;Oct 10, 2024;47,328.75;28,370.00;63,873.50;148,893.75;57,441.75;780.50;-;0.00;18,936.25;12,505.75;6,473.25;8,176.75
Oct 10, 2024;Oct 11, 2024;46,751.00;29,548.00;66,362.00;236,397.25;26,717.50;728.50;-;0.00;11,920.25;17,691.50;5,120.50;8,076.00
Oct 11, 2024;Oct 12, 2024;47,893.75;30,004.50;105,251.75;113,330.00;58,347.75;812.25;-;0.00;7,993.50;25,641.50;8,989.00;7,885.00
Oct 12, 2024;Oct 13, 2024;47,947.75;28,479.75;104,519.75;159,218.50;62,088.50;830.75;-;0.00;9,655.00;11,154.75;4,465.25;6,835.75
Oct 13, 2024;Oct 14, 2024;45,842.75;25,862.00;75,748.25;315,613.75;44,080.50;799.50;-;0.00;10,502.75;10,699.00;4,920.25;7,270.25
Oct 14, 2024;Oct 15, 2024;48,187.75;34,199.00;21,266.00;66,390.75;33,893.00;796.25;-;0.00;26,041.00;42,741.75;8,171.75;7,672.00
Oct 15, 2024;Oct 16, 2024;47,622.00;33,079.25;48,597.50;84,107.25;50,938.50;794.00;-;0.00;21,138.25;22,130.50;6,177.75;7,627.00
Oct 16, 2024;Oct 17, 2024;46,597.75;28,058.00;67,817.50;295,941.50;70,557.50;800.75;-;0.00;8,798.75;11,049.50;4,604.25;7,547.00
Oct 17, 2024;Oct 18, 2024;48,216.75;30,041.00;64,207.50;139,192.75;60,186.50;794.00;-;0.00;12,491.75;25,591.00;6,714.50;7,792.00
Oct 18, 2024;Oct 19, 2024;48,846.50;34,663.75;11,075.25;35,345.25;40,557.00;836.50;-;0.00;26,688.75;33,091.25;8,002.50;8,192.50
Oct 19, 2024;Oct 20, 2024;48,240.50;30,806.25;24,439.75;58,779.75;27,006.50;819.00;-;0.00;16,862.25;9,036.75;3,012.50;7,146.00
Oct 20, 2024;Oct 21, 2024;47,075.00;26,968.00;73,173.25;170,591.50;38,463.00;814.00;-;0.00;6,601.50;10,520.25;3,751.75;7,094.00
Oct 21, 2024;Oct 22, 2024;48,320.75;29,318.75;74,691.25;161,390.00;37,781.75;801.25;-;0.00;16,813.50;30,557.00;7,656.00;7,114.75
Oct 22, 2024;Oct 23, 2024;48,374.75;27,906.00;63,674.50;121,894.50;39,616.25;786.25;-;0.00;22,944.50;31,483.50;5,075.50;6,761.00
Oct 23, 2024;Oct 24, 2024;49,107.75;29,959.75;41,166.25;47,871.00;35,525.00;817.00;-;0.00;29,102.75;50,047.25;6,060.25;4,389.00
Oct 24, 2024;Oct 25, 2024;49,142.25;30,709.50;51,433.25;85,855.50;36,136.00;833.75;-;0.00;28,499.00;21,538.00;6,069.00;5,524.75
Oct 25, 2024;Oct 26, 2024;49,530.75;29,272.50;15,370.50;56,123.25;38,230.75;840.00;-;0.00;29,259.25;39,879.50;6,968.00;4,959.00
Oct 26, 2024;Oct 27, 2024;48,953.75;28,468.25;30,119.50;57,724.50;40,707.00;852.00;-;0.00;25,946.00;11,178.00;4,338.75;6,282.25
Oct 27, 2024;Oct 28, 2024;50,313.50;26,538.25;48,696.25;96,868.75;20,982.50;824.50;-;0.00;13,796.75;22,193.75;4,049.75;1,292.00
Oct 28, 2024;Oct 29, 2024;48,886.25;25,494.25;99,763.50;150,886.00;24,048.00;824.50;-;0.00;19,932.00;32,483.00;5,116.75;6,027.00
Oct 29, 2024;Oct 30, 2024;49,811.75;26,630.00;20,164.50;65,581.75;30,009.00;840.25;-;0.00;38,713.25;68,663.25;4,286.00;6,066.00
Oct 30, 2024;Oct 31, 2024;49,697.50;26,168.25;20,555.25;50,279.25;21,999.50;840.50;-;0.00;38,246.00;71,819.00;4,563.50;6,154.00
Oct 31, 2024;Nov 1, 2024;49,998.25;27,587.00;62,343.50;145,560.50;14,590.75;847.50;-;0.00;23,847.50;45,778.00;4,237.25;6,199.75
Nov 1, 2024;Nov 2, 2024;48,749.75;21,555.00;69,695.00;191,234.00;19,292.50;845.50;-;0.00;5,343.00;30,507.00;3,923.75;6,056.75
Nov 2, 2024;Nov 3, 2024;49,987.75;20,882.75;18,654.00;35,949.25;26,889.50;875.00;-;0.00;20,876.00;39,533.25;5,532.00;6,234.00
Nov 3, 2024;Nov 4, 2024;49,464.50;20,605.50;17,310.50;41,672.00;53,444.00;870.00;-;0.00;20,504.50;34,787.75;3,570.50;6,128.00
Nov 4, 2024;Nov 5, 2024;50,204.00;24,363.50;8,249.00;29,305.25;32,282.50;805.75;-;0.00;35,608.00;81,656.50;6,965.75;6,222.75
Nov 5, 2024;Nov 6, 2024;50,342.00;25,594.75;14,451.25;40,167.00;17,698.00;816.50;-;0.00;37,221.75;94,655.00;6,764.75;6,134.00
Nov 6, 2024;Nov 7, 2024;51,108.50;29,350.25;131.00;730.50;11,401.00;813.50;-;0.00;37,403.25;113,632.50;8,091.00;5,809.75
Nov 7, 2024;Nov 8, 2024;51,066.25;28,814.25;13,840.25;11,500.75;8,733.00;800.25;-;0.00;27,274.75;107,067.25;6,379.00;4,992.00
Nov 8, 2024;Nov 9, 2024;50,523.00;24,005.25;85,983.00;86,141.75;6,359.25;821.50;-;0.00;20,521.75;93,718.00;4,152.50;5,187.00
Nov 9, 2024;Nov 10, 2024;50,252.25;21,713.75;30,670.75;31,184.75;14,137.50;830.75;-;0.00;21,869.75;52,538.75;3,527.50;5,184.00
Nov 10, 2024;Nov 11, 2024;49,491.00;20,183.50;30,501.75;21,963.00;9,443.50;825.25;-;0.00;21,825.00;58,443.00;3,765.75;5,232.00
Nov 11, 2024;Nov 12, 2024;49,206.00;22,036.75;111,021.25;82,278.50;8,441.00;823.25;-;0.00;21,361.75;87,275.00;4,882.00;6,445.50
Nov 12, 2024;Nov 13, 2024;49,579.75;25,634.25;25,775.25;41,270.25;12,782.25;815.50;-;0.00;34,521.50;107,766.25;7,324.25;10,941.75
Nov 13, 2024;Nov 14, 2024;50,148.00;24,467.50;69,676.25;48,862.00;6,259.00;821.50;-;0.00;34,831.00;111,185.25;6,794.25;6,289.25
Nov 14, 2024;Nov 15, 2024;49,624.25;21,189.75;117,753.50;131,879.50;12,685.00;815.00;-;0.00;19,959.25;97,817.50;2,750.00;6,251.00
Nov 15, 2024;Nov 16, 2024;50,323.00;19,631.25;64,410.75;108,239.50;12,371.00;814.25;-;0.00;23,785.00;84,985.00;5,154.50;6,044.00
Nov 16, 2024;Nov 17, 2024;49,864.25;18,032.75;80,705.50;247,361.75;21,341.25;821.00;-;0.00;8,739.50;62,506.00;3,887.00;6,117.75
Nov 17, 2024;Nov 18, 2024;49,145.00;17,314.50;84,501.75;268,914.00;17,083.25;813.75;-;0.00;7,498.50;41,003.00;3,591.75;6,101.00
Nov 18, 2024;Nov 19, 2024;50,188.25;19,281.00;97,629.00;232,022.75;17,388.75;788.00;-;0.00;20,936.50;60,654.75;4,620.25;6,050.00
Nov 19, 2024;Nov 20, 2024;50,301.75;19,657.00;35,085.50;137,159.50;8,968.50;772.25;-;0.00;34,665.00;68,686.75;5,082.25;5,994.00
Nov 20, 2024;Nov 21, 2024;49,649.00;19,542.50;43,723.50;167,182.00;15,572.75;800.75;-;0.00;31,182.75;53,307.00;4,329.25;5,672.00
Nov 21, 2024;Nov 22, 2024;50,572.75;21,816.75;71,222.25;177,782.00;14,934.25;830.75;-;0.00;26,148.25;76,517.25;5,709.75;5,799.50
Nov 22, 2024;Nov 23, 2024;50,573.50;21,397.75;104,812.50;243,187.75;17,359.50;865.75;-;0.00;22,639.25;57,541.75;4,674.75;5,777.50
Nov 23, 2024;Nov 24, 2024;49,700.00;18,691.50;70,773.00;260,196.50;23,412.25;860.75;-;0.00;8,178.50;39,679.50;1,922.00;6,442.00
Nov 24, 2024;Nov 25, 2024;47,926.75;17,916.25;93,694.25;360,728.00;21,521.25;836.25;-;0.00;9,336.25;21,430.25;733.25;6,600.00
Nov 25, 2024;Nov 26, 2024;49,474.75;19,202.75;49,791.50;317,776.50;29,851.00;866.00;-;0.00;7,941.50;41,306.75;5,566.75;6,722.50
Nov 26, 2024;Nov 27, 2024;50,060.00;21,229.75;85,492.00;222,611.75;18,916.00;916.75;-;0.00;15,270.75;49,951.00;4,746.75;12,326.75
Nov 27, 2024;Nov 28, 2024;49,422.50;22,343.00;64,396.75;225,115.75;20,236.25;933.75;-;0.00;24,202.00;56,749.75;4,419.25;8,095.50
Nov 28, 2024;Nov 29, 2024;49,528.25;21,142.75;61,014.00;295,841.25;13,114.00;848.00;-;0.00;17,438.50;59,586.00;4,293.00;8,001.75
Nov 29, 2024;Nov 30, 2024;51,128.25;22,306.50;62,251.75;57,972.50;21,970.00;953.00;-;0.00;36,004.25;85,094.25;4,483.75;8,592.00
Nov 30, 2024;Dec 1, 2024;50,642.75;20,140.75;83,815.25;171,598.50;44,685.00;972.00;-;0.00;21,940.50;39,999.00;2,870.50;4,998.75
Dec 1, 2024;Dec 2, 2024;50,070.00;20,084.00;66,190.75;143,767.00;21,374.25;976.50;-;0.00;14,460.50;35,794.25;2,001.00;5,073.00
Dec 2, 2024;Dec 3, 2024;50,548.00;21,070.25;88,165.50;190,982.75;9,180.75;940.25;-;0.00;14,929.75;60,088.75;5,400.00;5,565.75
Dec 3, 2024;Dec 4, 2024;50,889.25;22,742.25;88,770.50;126,072.75;12,928.25;936.50;-;0.00;24,355.00;95,016.25;4,523.75;6,398.25
Dec 4, 2024;Dec 5, 2024;51,476.25;27,279.50;11,898.25;54,592.75;16,183.00;971.00;-;0.00;37,038.00;116,126.75;8,441.25;7,122.75
Dec 5, 2024;Dec 6, 2024;50,130.00;22,352.75;82,612.75;250,976.75;24,436.50;978.25;-;0.00;14,151.75;57,028.25;2,918.50;5,712.00
Dec 6, 2024;Dec 7, 2024;50,930.25;21,688.75;67,010.50;261,805.00;7,802.25;930.50;-;0.00;9,870.50;56,929.50;6,717.00;5,519.50
Dec 7, 2024;Dec 8, 2024;49,054.75;21,355.50;99,185.75;223,723.00;6,965.75;945.25;-;0.00;8,804.75;34,904.25;3,136.75;5,500.00
Dec 8, 2024;Dec 9, 2024;49,553.75;19,978.00;89,340.00;148,288.50;12,331.50;959.50;-;0.00;12,050.00;34,271.50;5,176.25;5,905.00
Dec 9, 2024;Dec 10, 2024;49,054.00;20,053.00;105,221.00;293,479.00;5,216.50;970.00;-;0.00;14,815.75;54,771.75;3,728.25;5,561.75
Dec 10, 2024;Dec 11, 2024;50,305.50;25,737.75;48,504.75;149,562.50;6,531.75;964.00;-;0.00;29,176.25;97,921.50;5,252.25;7,305.25
Dec 11, 2024;Dec 12, 2024;51,531.75;31,558.50;15,677.75;16,098.25;5,535.50;956.75;-;0.00;37,759.50;131,444.25;8,138.75;7,480.50
Dec 12, 2024;Dec 13, 2024;51,868.50;29,811.75;18,573.25;8,885.50;7,079.50;955.50;-;0.00;38,925.00;129,000.00;7,644.75;7,268.50
Dec 13, 2024;Dec 14, 2024;52,314.75;26,973.75;19,957.75;53,868.50;8,741.00;968.50;-;0.00;41,258.25;112,412.00;5,884.25;6,901.50
Dec 14, 2024;Dec 15, 2024;51,690.75;20,452.75;82,746.50;180,358.25;8,624.00;951.50;-;0.00;24,225.25;30,338.00;1,801.75;6,546.25
Dec 15, 2024;Dec 16, 2024;49,413.25;18,339.25;55,471.50;347,651.25;6,747.75;934.75;-;0.00;14,810.75;22,293.50;992.00;6,108.00
Dec 16, 2024;Dec 17, 2024;49,974.25;18,780.50;44,127.25;410,957.25;7,346.25;904.25;-;0.00;16,597.00;37,717.50;4,041.75;7,317.75
Dec 17, 2024;Dec 18, 2024;51,700.25;20,488.00;78,735.25;224,619.25;7,772.75;941.25;-;0.00;12,783.00;53,599.25;4,243.50;7,122.50
Dec 18, 2024;Dec 19, 2024;50,498.50;19,284.25;76,120.25;357,873.25;11,981.00;887.00;-;0.00;10,003.25;34,211.00;2,697.25;7,092.50
Dec 19, 2024;Dec 20, 2024;50,458.00;19,201.00;82,253.00;364,617.00;7,087.00;922.00;-;0.00;13,838.50;38,366.50;5,393.25;7,399.75
Dec 20, 2024;Dec 21, 2024;51,754.25;19,843.00;98,178.25;302,039.25;12,227.25;957.50;-;0.00;12,265.75;40,749.25;5,860.00;7,126.25
Dec 21, 2024;Dec 22, 2024;49,951.75;18,697.25;91,181.00;379,859.25;12,439.25;962.50;-;0.00;8,700.50;18,322.50;2,848.00;6,475.00
Dec 22, 2024;Dec 23, 2024;50,267.00;20,564.00;101,494.00;290,489.50;7,239.25;947.25;-;0.00;8,317.00;17,476.25;6,310.25;6,708.50
Dec 23, 2024;Dec 24, 2024;49,794.25;21,773.25;94,188.50;290,813.25;13,347.75;961.00;-;0.00;7,476.75;30,193.25;4,497.75;1,705.75
Dec 24, 2024;Dec 25, 2024;51,060.00;20,646.50;61,776.25;112,738.25;12,921.50;959.25;-;0.00;19,313.00;37,386.25;4,635.00;6,791.00
Dec 25, 2024;Dec 26, 2024;49,983.00;19,697.75;45,070.00;75,097.00;20,174.25;970.75;-;0.00;19,331.00;41,252.75;2,797.25;7,049.00
Dec 26, 2024;Dec 27, 2024;50,473.00;19,069.00;16,430.75;27,974.00;18,679.00;960.00;-;0.00;24,179.25;60,420.50;4,258.75;7,257.00
Dec 27, 2024;Dec 28, 2024;51,094.00;21,336.75;1,154.75;10,570.75;25,708.25;963.75;-;0.00;25,750.00;85,543.50;6,746.25;7,462.00
Dec 28, 2024;Dec 29, 2024;50,421.75;21,218.00;18,754.50;15,436.75;20,390.25;964.25;-;0.00;25,106.25;83,211.00;4,326.50;6,273.00
Dec 29, 2024;Dec 30, 2024;49,172.00;19,545.25;70,986.25;146,383.25;11,882.75;960.75;-;0.00;16,367.00;58,650.50;2,726.50;6,247.00
Dec 30, 2024;Dec 31, 2024;49,818.75;19,889.25;39,511.75;285,334.25;5,392.00;949.75;-;0.00;6,948.00;68,964.75;4,669.00;6,135.00
Dec 31, 2024;Jan 1, 2025;49,196.00;20,609.00;42,941.00;255,477.25;12,545.25;947.25;-;0.00;14,255.00;65,280.50;2,833.25;6,151.00
Jan 1, 2025;Jan 2, 2025;45,690.25;17,953.50;38,142.75;374,339.25;23,370.50;924.75;-;0.00;6,235.50;26,614.75;101.25;5,826.00
Jan 2, 2025;Jan 3, 2025;48,905.75;19,064.75;102,003.75;201,708.25;10,610.25;917.00;-;0.00;7,938.25;52,250.50;5,091.75;6,118.25
Jan 3, 2025;Jan 4, 2025;48,348.75;18,561.50;69,513.25;260,667.50;7,608.25;955.75;-;0.00;8,758.75;62,553.25;2,889.50;6,090.00
Jan 4, 2025;Jan 5, 2025;50,610.50;19,699.00;33,398.75;107,727.25;7,992.25;977.00;-;0.00;24,054.50;62,394.25;5,747.50;4,723.00
Jan 5, 2025;Jan 6, 2025;48,647.75;18,861.00;90,736.75;211,298.75;1,964.25;932.50;-;0.00;8,316.25;37,341.00;1,576.75;4,711.00
Jan 6, 2025;Jan 7, 2025;46,468.00;20,447.75;93,497.25;405,379.00;15,347.00;922.25;-;0.00;7,122.50;29,253.75;2,893.75;4,707.00
Jan 7, 2025;Jan 8, 2025;47,347.50;21,510.75;67,205.25;384,429.75;13,951.25;923.50;-;0.00;7,089.25;46,446.25;5,394.75;4,140.00
Jan 8, 2025;Jan 9, 2025;48,025.00;21,656.25;63,112.00;277,159.75;10,800.75;941.75;-;0.00;16,928.25;89,720.75;3,492.50;6,453.00
Jan 9, 2025;Jan 10, 2025;48,881.25;25,504.50;43,738.00;129,704.00;14,674.25;912.75;-;0.00;32,112.50;72,274.00;5,109.50;7,151.00
Jan 10, 2025;Jan 11, 2025;49,215.25;22,664.50;69,864.25;199,106.50;13,744.25;952.50;-;0.00;27,762.00;64,725.25;4,721.25;6,609.75
Jan 11, 2025;Jan 12, 2025;48,176.25;19,544.50;33,563.00;192,047.25;22,035.00;961.75;-;0.00;30,775.25;79,931.00;940.00;6,338.75
Jan 12, 2025;Jan 13, 2025;48,975.00;19,290.00;10,735.25;98,319.50;30,642.75;958.75;-;0.00;30,420.50;67,130.00;3,049.25;5,460.00
Jan 13, 2025;Jan 14, 2025;49,305.50;21,871.75;87,247.00;100,762.75;32,676.00;935.50;-;0.00;23,904.75;90,704.00;5,470.00;5,295.25
Jan 14, 2025;Jan 15, 2025;49,989.50;23,970.75;105,361.50;217,071.00;23,624.25;971.25;-;0.00;21,802.25;111,896.75;5,312.00;8,106.00
Jan 15, 2025;Jan 16, 2025;50,645.50;27,808.00;18,621.75;58,093.50;7,644.50;946.75;-;0.00;34,273.25;135,854.25;5,957.50;4,583.25
Jan 16, 2025;Jan 17, 2025;49,585.75;26,134.50;65,707.25;55,971.00;21,401.25;948.50;-;0.00;26,243.50;118,001.50;5,481.50;4,639.25
Jan 17, 2025;Jan 18, 2025;50,235.50;29,183.75;63,924.75;31,362.25;12,211.25;966.25;-;0.00;27,957.50;112,856.00;5,961.00;4,978.00
Jan 18, 2025;Jan 19, 2025;49,769.00;25,183.75;10,686.50;29,484.00;33,109.25;968.50;-;0.00;20,556.75;105,918.25;2,783.75;5,102.25
Jan 19, 2025;Jan 20, 2025;48,733.00;23,348.75;4,481.25;54,343.00;47,666.75;887.25;-;0.00;27,705.25;76,366.75;1,366.50;5,077.00
Jan 20, 2025;Jan 21, 2025;50,878.50;29,089.50;20,771.75;20,995.75;31,686.25;941.25;-;0.00;37,961.75;107,314.25;7,264.00;1,615.50
Jan 21, 2025;Jan 22, 2025;50,581.75;28,511.00;92,077.50;39,773.00;27,434.50;962.25;-;0.00;31,052.75;118,485.50;5,615.00;5,079.25
Jan 22, 2025;Jan 23, 2025;50,340.50;25,410.00;22,423.75;107,361.75;28,369.00;947.75;-;0.00;39,282.00;113,373.75;4,072.00;4,860.50
Jan 23, 2025;Jan 24, 2025;49,942.00;20,617.25;71,182.00;260,860.25;12,764.25;933.50;-;0.00;26,217.75;86,383.25;1,999.50;5,629.00
Jan 24, 2025;Jan 25, 2025;49,054.75;19,254.00;95,197.25;353,419.75;25,387.25;925.50;-;0.00;18,713.75;54,451.75;2,336.75;4,659.50
Jan 25, 2025;Jan 26, 2025;50,296.75;17,851.50;86,253.00;161,017.25;21,009.00;843.75;-;0.00;17,858.00;42,021.75;5,803.75;5,256.00
Jan 26, 2025;Jan 27, 2025;49,381.75;16,861.50;51,739.50;108,448.50;16,756.00;918.00;-;0.00;15,159.75;34,726.50;1,304.50;5,161.00
Jan 27, 2025;Jan 28, 2025;48,272.00;17,796.25;107,149.00;329,404.25;20,270.25;917.00;-;0.00;12,482.50;29,736.25;3,326.75;5,087.00
Jan 28, 2025;Jan 29, 2025;49,448.75;21,207.50;117,438.75;202,951.25;16,037.25;922.25;-;0.00;17,770.50;49,676.00;5,183.50;4,954.00
Jan 29, 2025;Jan 30, 2025;48,644.25;22,684.75;83,684.75;265,840.50;24,792.75;924.75;-;0.00;23,223.00;55,146.75;4,107.25;6,684.25
Jan 30, 2025;Jan 31, 2025;49,434.50;21,958.50;75,438.00;125,498.25;30,162.50;946.25;-;0.00;34,917.75;85,896.25;5,020.25;3,598.75
Jan 31, 2025;Feb 1, 2025;49,530.50;22,134.25;50,045.50;138,685.75;33,778.25;939.75;-;0.00;33,315.25;76,621.50;4,669.50;3,756.25
Feb 1, 2025;Feb 2, 2025;49,176.75;22,033.00;2,742.25;28,161.25;54,629.50;956.25;-;0.00;36,014.25;64,340.50;3,537.75;3,493.00
Feb 2, 2025;Feb 3, 2025;48,847.25;21,194.25;15,774.00;17,912.75;53,933.75;962.25;-;0.00;35,484.25;61,010.00;3,165.75;3,682.00
Feb 3, 2025;Feb 4, 2025;50,098.00;23,728.25;32,554.25;20,957.00;35,772.50;841.75;-;0.00;35,385.50;109,756.50;6,499.75;4,838.25
Feb 4, 2025;Feb 5, 2025;50,010.75;24,329.50;110,362.25;93,774.25;23,802.00;886.50;-;0.00;23,846.50;100,779.75;4,673.50;3,675.75
Feb 5, 2025;Feb 6, 2025;50,331.00;24,293.50;64,955.25;110,673.00;25,185.00;961.50;-;0.00;29,398.50;109,697.75;4,192.00;3,664.00
Feb 6, 2025;Feb 7, 2025;50,273.75;23,303.25;43,831.75;73,002.25;20,974.00;942.75;-;0.00;37,542.25;109,487.25;4,428.75;3,165.25
Feb 7, 2025;Feb 8, 2025;48,852.25;20,034.00;123,022.75;296,474.50;31,205.50;950.00;-;0.00;13,295.50;50,374.50;2,790.25;4,680.00
Feb 8, 2025;Feb 9, 2025;49,523.75;20,028.75;101,574.00;187,544.25;62,483.50;949.75;-;0.00;12,798.00;51,130.50;2,622.75;4,657.00
Feb 9, 2025;Feb 10, 2025;49,774.50;18,717.25;89,720.75;124,873.00;44,820.75;957.00;-;0.00;16,612.75;74,762.25;1,990.25;4,656.00
Feb 10, 2025;Feb 11, 2025;49,819.75;18,810.25;103,396.25;256,204.00;34,284.50;946.50;-;0.00;19,345.50;60,295.50;3,444.00;4,600.00
Feb 11, 2025;Feb 12, 2025;49,079.50;23,551.00;74,565.75;262,186.00;22,213.25;942.75;-;0.00;25,328.25;94,792.25;5,553.50;4,377.00
Feb 12, 2025;Feb 13, 2025;50,062.75;22,772.00;122,564.00;165,006.25;17,864.25;919.75;-;0.00;18,971.75;90,597.00;3,889.25;3,087.00
Feb 13, 2025;Feb 14, 2025;51,182.00;28,013.25;51,010.50;68,029.50;11,756.50;934.25;-;0.00;32,270.50;105,798.25;5,488.25;3,072.00
Feb 14, 2025;Feb 15, 2025;50,996.50;27,893.25;5,391.50;24,869.75;12,316.50;968.50;-;0.00;35,327.75;120,739.50;6,050.25;3,264.00
Feb 15, 2025;Feb 16, 2025;50,395.25;22,494.25;11,621.25;8,507.50;25,071.75;974.00;-;0.00;36,585.75;74,223.25;3,216.50;6,165.50
Feb 16, 2025;Feb 17, 2025;49,476.50;18,868.50;46,404.75;85,133.00;40,193.75;974.50;-;0.00;33,249.25;63,631.00;1,804.50;6,752.25
Feb 17, 2025;Feb 18, 2025;50,952.00;20,520.50;6,078.50;35,739.25;77,316.00;979.00;-;0.00;32,437.50;103,595.75;5,788.25;6,773.75
Feb 18, 2025;Feb 19, 2025;50,004.00;20,105.50;43,490.50;81,237.00;85,730.50;956.75;-;0.00;29,132.75;91,282.75;3,935.50;3,413.00
Feb 19, 2025;Feb 20, 2025;49,903.00;18,736.00;130,856.25;247,397.00;90,820.50;959.50;-;0.00;17,073.75;50,040.75;3,021.00;4,363.25
Feb 20, 2025;Feb 21, 2025;50,454.00;18,163.75;122,902.75;185,140.75;44,765.00;929.75;-;0.00;14,421.50;48,407.25;4,834.50;3,552.00
Feb 21, 2025;Feb 22, 2025;49,819.75;17,220.25;122,708.50;191,830.25;66,184.50;920.75;-;0.00;7,723.00;36,626.50;3,251.75;3,552.00
Feb 22, 2025;Feb 23, 2025;49,363.00;17,229.75;99,958.50;182,160.25;57,794.50;887.00;-;0.00;7,248.75;23,140.25;4,630.25;3,889.00
Feb 23, 2025;Feb 24, 2025;48,763.75;16,163.25;91,801.50;127,222.00;49,132.75;877.00;-;0.00;7,654.50;22,974.50;3,872.50;3,336.00
Feb 24, 2025;Feb 25, 2025;47,884.25;16,094.25;118,059.00;279,140.00;44,012.25;908.75;-;0.00;7,430.75;26,287.25;4,851.50;3,721.75
Feb 25, 2025;Feb 26, 2025;49,617.00;18,590.25;39,151.50;54,075.50;47,054.00;882.50;-;0.00;22,417.75;86,666.50;5,677.50;6,503.50
Feb 26, 2025;Feb 27, 2025;49,259.75;18,156.25;17,323.25;52,940.50;21,927.75;854.00;-;0.00;25,445.50;94,492.75;4,383.00;3,580.00
Feb 27, 2025;Feb 28, 2025;48,936.00;18,323.50;37,798.00;77,417.00;39,102.75;893.75;-;0.00;23,045.00;92,710.25;3,031.75;4,476.00
Feb 28, 2025;Mar 1, 2025;48,664.25;17,651.75;29,234.50;40,807.00;33,745.25;902.50;-;0.00;21,846.00;105,803.25;3,745.25;4,789.00
Mar 1, 2025;Mar 2, 2025;49,194.25;17,548.75;12,937.75;26,492.75;46,460.75;876.00;-;0.00;21,424.00;56,803.50;4,295.00;4,866.00
Mar 2, 2025;Mar 3, 2025;48,075.75;17,808.00;54,375.50;78,934.00;86,896.75;869.75;-;0.00;17,907.00;43,815.00;3,862.25;4,632.00
Mar 3, 2025;Mar 4, 2025;48,957.75;16,724.75;85,479.75;123,849.25;98,700.50;866.25;-;0.00;12,484.75;59,106.75;5,386.50;4,849.00
Mar 4, 2025;Mar 5, 2025;48,906.00;16,457.00;81,891.50;117,628.75;92,379.00;868.00;-;0.00;11,323.00;67,349.25;4,501.50;3,922.00
Mar 5, 2025;Mar 6, 2025;48,310.00;15,942.00;108,275.75;192,218.75;100,744.25;872.75;-;0.00;8,553.75;50,426.75;3,273.00;3,732.00
Mar 6, 2025;Mar 7, 2025;48,806.25;17,729.75;66,080.25;99,710.25;105,091.25;865.50;-;0.00;12,724.75;51,505.25;6,197.75;3,771.00
Mar 7, 2025;Mar 8, 2025;49,054.00;17,052.00;35,529.25;58,296.50;104,322.00;870.00;-;0.00;13,361.50;56,294.50;5,733.00;4,932.75
Mar 8, 2025;Mar 9, 2025;47,791.50;15,580.50;36,605.00;73,150.25;102,102.75;869.75;-;0.00;11,173.25;49,841.75;2,423.75;5,528.00
Mar 9, 2025;Mar 10, 2025;47,681.50;14,853.00;44,443.50;68,241.00;100,428.75;815.50;-;0.00;9,979.50;34,789.00;2,696.50;5,339.75
Mar 10, 2025;Mar 11, 2025;48,416.00;13,764.25;18,656.25;27,779.75;72,363.75;858.75;-;0.00;19,725.75;66,927.75;4,575.50;5,725.75
Mar 11, 2025;Mar 12, 2025;48,248.25;14,871.75;37,237.50;36,535.25;63,313.25;871.00;-;0.00;23,473.00;78,254.75;5,866.50;4,804.00
Mar 12, 2025;Mar 13, 2025;48,716.25;15,705.25;22,220.00;49,957.75;41,582.75;875.25;-;0.00;23,027.00;74,454.00;5,095.50;4,793.00
Mar 13, 2025;Mar 14, 2025;49,265.75;16,478.00;54,722.25;38,601.50;41,471.50;854.75;-;0.00;23,404.25;75,147.25;4,228.00;4,312.00
Mar 14, 2025;Mar 15, 2025;49,628.50;17,291.25;45,565.00;52,918.50;41,703.75;867.75;-;0.00;22,987.25;60,676.00;3,821.50;6,030.25
Mar 15, 2025;Mar 16, 2025;48,599.25;15,851.75;16,800.25;103,115.75;58,640.25;887.25;-;0.00;7,933.00;25,949.25;3,930.25;5,707.75
Mar 16, 2025;Mar 17, 2025;48,093.00;15,243.50;44,959.25;103,144.25;86,373.50;948.00;-;0.00;7,832.50;26,975.50;3,281.75;4,037.00
Mar 17, 2025;Mar 18, 2025;48,537.50;15,084.50;46,351.50;115,097.00;100,087.25;944.75;-;0.00;10,341.50;37,746.50;4,867.00;3,993.50
Mar 18, 2025;Mar 19, 2025;48,717.25;15,775.50;5,578.50;57,372.25;125,485.00;945.25;-;0.00;9,217.25;44,458.00;4,667.25;4,342.50
Mar 19, 2025;Mar 20, 2025;49,100.75;16,385.50;7,601.00;37,347.25;125,198.25;932.75;-;0.00;8,808.25;61,486.75;5,202.50;4,502.00
Mar 20, 2025;Mar 21, 2025;48,764.50;16,287.50;12,078.75;39,553.50;118,684.25;840.00;-;0.00;8,130.50;66,569.75;4,724.25;4,536.50
Mar 21, 2025;Mar 22, 2025;47,524.75;15,169.75;54,857.00;157,009.75;115,159.75;838.00;-;0.00;6,118.00;36,538.00;4,726.50;4,683.25
Mar 22, 2025;Mar 23, 2025;45,773.50;14,610.25;44,392.00;302,282.00;94,653.00;883.50;-;0.00;3,628.00;14,206.25;552.00;4,364.00
Mar 23, 2025;Mar 24, 2025;47,582.50;14,735.75;72,850.50;138,666.25;70,485.00;903.50;-;0.00;8,143.75;30,052.50;5,278.50;4,978.00
Mar 24, 2025;Mar 25, 2025;48,622.25;15,267.25;6,726.25;23,918.00;61,209.50;925.50;-;0.00;21,917.50;77,659.50;6,499.50;5,570.00
Mar 25, 2025;Mar 26, 2025;47,905.25;15,865.25;61,984.75;98,357.75;75,963.25;926.75;-;0.00;16,493.50;52,785.75;3,219.50;5,617.00
Mar 26, 2025;Mar 27, 2025;48,297.50;16,836.50;45,186.25;114,769.75;48,632.50;934.50;-;0.00;16,058.25;41,752.50;3,870.00;4,580.00
Mar 27, 2025;Mar 28, 2025;47,667.50;15,928.50;85,872.25;59,672.50;94,431.75;948.50;-;0.00;10,368.00;35,896.25;4,613.00;2,478.75
Mar 28, 2025;Mar 29, 2025;47,588.00;16,616.50;65,435.00;76,271.25;125,294.50;939.25;-;0.00;11,220.75;36,246.50;4,895.75;2,832.00
Mar 29, 2025;Mar 30, 2025;47,358.25;16,339.50;31,324.75;88,739.25;74,530.50;938.00;-;0.00;10,374.00;23,935.25;3,682.00;2,404.00
Mar 30, 2025;Mar 31, 2025;43,047.25;18,511.50;63,310.75;320,438.00;59,357.50;830.75;-;0.00;2,093.00;11,182.00;610.75;1,370.00
Mar 31, 2025;Apr 1, 2025;48,297.00;20,282.00;51,703.25;155,137.75;62,060.00;920.50;-;0.00;9,528.75;40,269.75;4,491.00;2,312.00
Apr 1, 2025;Apr 2, 2025;47,926.00;20,438.00;16,935.00;96,489.50;103,865.00;899.25;-;0.00;14,206.50;44,641.25;3,954.75;2,710.00
Apr 2, 2025;Apr 3, 2025;46,910.75;19,412.00;65,280.75;177,308.50;112,809.00;873.75;-;0.00;7,981.75;21,225.25;4,148.50;2,704.00
Apr 3, 2025;Apr 4, 2025;47,104.50;20,212.75;45,899.50;105,593.75;138,321.75;848.75;-;0.00;5,090.00;35,995.00;5,177.00;2,728.00
Apr 4, 2025;Apr 5, 2025;47,079.25;19,518.25;26,197.75;48,162.25;138,583.75;909.00;-;0.00;4,572.00;43,196.00;5,573.75;4,078.25
Apr 5, 2025;Apr 6, 2025;45,540.50;18,315.75;51,709.50;139,195.25;117,688.50;892.25;-;0.00;3,633.75;13,453.75;5,359.25;3,969.00
Apr 6, 2025;Apr 7, 2025;45,070.25;18,175.50;22,804.25;68,054.50;136,589.75;974.25;-;0.00;3,796.75;19,625.75;3,641.50;3,890.00
Apr 7, 2025;Apr 8, 2025;46,411.25;17,802.00;8,582.00;48,152.75;139,346.25;967.75;-;0.00;16,014.75;36,466.25;4,697.50;4,094.00
Apr 8, 2025;Apr 9, 2025;46,732.50;19,077.25;1,602.75;18,211.25;130,935.25;946.25;-;0.00;19,096.25;37,629.00;5,604.00;4,076.25
Apr 9, 2025;Apr 10, 2025;46,749.75;17,040.25;49,701.50;66,801.00;96,252.25;944.75;-;0.00;16,989.50;27,681.75;3,714.00;4,774.00
Apr 10, 2025;Apr 11, 2025;47,029.25;17,112.00;45,926.25;90,460.50;108,460.75;877.00;-;0.00;14,099.00;31,964.00;5,724.25;6,720.25
Apr 11, 2025;Apr 12, 2025;46,738.00;17,464.50;31,606.75;172,381.00;133,123.50;863.25;-;0.00;7,191.50;26,026.75;5,870.25;4,315.75
Apr 12, 2025;Apr 13, 2025;46,012.00;16,476.50;33,887.75;53,129.25;139,545.50;865.00;-;0.00;4,346.25;25,630.25;5,340.25;6,813.25
Apr 13, 2025;Apr 14, 2025;45,354.75;15,650.75;77,126.50;196,192.50;71,115.25;833.50;-;0.00;7,441.00;21,792.50;2,147.75;4,681.75
Apr 14, 2025;Apr 15, 2025;47,252.50;17,207.50;30,572.25;60,897.75;112,891.50;813.00;-;0.00;16,649.00;30,391.00;4,618.75;4,504.00
Apr 15, 2025;Apr 16, 2025;45,861.25;17,478.25;75,556.00;194,083.50;114,428.75;817.75;-;0.00;2,666.00;24,967.50;5,012.00;5,371.00
Apr 16, 2025;Apr 17, 2025;45,686.50;18,055.50;22,976.00;74,213.75;106,995.00;745.00;-;0.00;14,834.50;23,971.00;4,437.50;6,291.00
Apr 17, 2025;Apr 18, 2025;46,978.50;21,318.75;20,013.25;165,698.25;67,417.25;867.50;-;0.00;17,890.00;29,499.50;5,471.50;6,228.25
Apr 18, 2025;Apr 19, 2025;46,542.00;21,077.75;28,516.50;113,323.25;30,212.75;911.25;-;0.00;19,694.25;24,015.00;2,294.75;5,032.00
Apr 19, 2025;Apr 20, 2025;45,888.25;20,027.50;34,412.25;34,110.25;109,133.75;881.00;-;0.00;10,441.25;20,475.25;3,870.75;4,464.00
Apr 20, 2025;Apr 21, 2025;45,228.25;18,278.75;20,169.25;44,126.75;110,730.50;840.75;-;0.00;11,472.25;17,109.25;3,855.25;4,296.00
Apr 21, 2025;Apr 22, 2025;44,728.25;17,495.25;2,609.75;18,218.50;94,819.50;806.50;-;0.00;19,007.25;22,867.00;4,622.25;4,344.00
Apr 22, 2025;Apr 23, 2025;45,322.25;18,846.25;3,528.00;26,757.25;95,925.50;809.50;-;0.00;19,548.50;34,322.50;5,118.25;4,370.75
Apr 23, 2025;Apr 24, 2025;45,333.25;18,376.50;24,733.75;35,437.00;110,443.50;841.50;-;0.00;19,817.25;32,647.25;3,201.25;5,994.50
Apr 24, 2025;Apr 25, 2025;46,083.75;20,644.25;42,939.50;76,995.50;62,600.75;899.75;-;0.00;20,854.75;21,244.75;3,099.25;5,481.75
Apr 25, 2025;Apr 26, 2025;46,159.25;21,228.50;5,829.50;34,624.25;63,063.75;914.25;-;0.00;17,031.00;22,613.25;4,593.75;5,276.00
Apr 26, 2025;Apr 27, 2025;45,167.50;20,111.00;9,401.50;88,858.50;133,244.50;867.25;-;0.00;2,939.75;17,347.00;4,161.25;5,115.75
Apr 27, 2025;Apr 28, 2025;44,321.50;17,793.75;29,651.75;72,585.25;141,332.50;866.00;-;0.00;4,118.00;15,404.75;4,093.75;4,943.25
Apr 28, 2025;Apr 29, 2025;45,574.25;18,529.25;9,249.75;19,901.50;153,740.75;789.00;-;0.00;4,269.75;20,800.25;4,764.75;5,435.75
Apr 29, 2025;Apr 30, 2025;45,112.50;19,392.25;4,146.25;32,692.75;149,512.25;708.75;-;0.00;8,780.25;18,357.25;3,858.50;5,333.00
Apr 30, 2025;May 1, 2025;44,668.75;19,593.75;1,008.25;18,738.00;150,968.75;645.25;-;0.00;9,147.25;19,018.75;4,832.00;5,088.25
May 1, 2025;May 2, 2025;43,570.25;18,291.50;5,284.25;30,143.25;145,043.25;621.25;-;0.00;6,109.75;16,966.25;4,003.00;5,169.00
May 2, 2025;May 3, 2025;43,578.75;19,670.00;25,550.75;78,799.50;129,300.50;594.25;-;0.00;3,991.25;12,725.25;4,128.50;5,250.25
May 3, 2025;May 4, 2025;43,737.00;19,606.00;52,579.25;95,426.75;90,144.25;672.25;-;0.00;3,416.75;13,526.00;4,397.00;4,716.00
May 4, 2025;May 5, 2025;42,913.75;19,297.50;79,578.75;163,024.00;83,041.50;756.75;-;0.00;2,539.00;18,660.00;1,828.00;4,208.00
May 5, 2025;May 6, 2025;43,864.50;24,979.75;59,324.75;108,242.25;87,273.00;799.25;-;0.00;2,859.75;31,309.25;4,713.75;4,720.00
May 6, 2025;May 7, 2025;44,249.00;26,156.25;68,289.25;98,992.00;128,806.75;718.00;-;0.00;3,156.25;28,087.75;5,004.75;4,193.25
May 7, 2025;May 8, 2025;45,130.50;24,738.00;24,711.75;56,731.25;121,547.50;758.00;-;0.00;3,127.50;33,366.50;4,435.50;4,138.00
May 8, 2025;May 9, 2025;45,481.50;24,360.00;13,003.25;68,795.00;109,855.25;787.50;-;0.00;3,030.75;35,900.50;3,796.00;5,008.00
May 9, 2025;May 10, 2025;44,682.00;22,592.50;3,831.50;55,348.75;157,978.75;795.00;-;0.00;3,411.25;34,301.25;4,219.75;4,385.25
May 10, 2025;May 11, 2025;44,126.25;20,167.25;2,710.25;31,809.50;156,837.75;699.75;-;0.00;5,198.75;22,674.00;4,482.00;4,322.00
May 11, 2025;May 12, 2025;42,938.00;19,164.75;38,773.25;96,578.50;152,501.00;682.50;-;0.00;5,260.75;17,798.00;3,600.50;4,624.00
May 12, 2025;May 13, 2025;43,819.25;19,671.75;89,800.25;148,141.75;166,050.50;710.50;-;0.00;4,521.50;21,531.25;5,479.25;4,993.00
May 13, 2025;May 14, 2025;44,000.50;19,723.50;31,926.00;70,344.75;164,890.75;733.50;-;0.00;3,011.50;30,358.25;4,994.75;5,086.75
May 14, 2025;May 15, 2025;43,071.50;18,685.25;47,507.75;99,935.50;155,796.00;733.50;-;0.00;2,988.00;26,802.50;3,183.25;5,424.00
May 15, 2025;May 16, 2025;43,863.25;18,616.00;55,249.25;133,903.25;140,277.75;709.00;-;0.00;4,412.00;21,908.00;4,170.50;5,719.75
May 16, 2025;May 17, 2025;44,768.50;18,277.50;54,012.50;110,059.75;125,324.50;776.50;-;0.00;3,020.50;23,634.00;5,176.25;5,495.00
May 17, 2025;May 18, 2025;44,072.50;17,856.25;35,118.00;120,113.00;118,470.00;750.50;-;0.00;2,915.75;18,779.25;4,290.75;4,734.00
May 18, 2025;May 19, 2025;43,466.75;17,341.75;14,618.00;83,788.00;114,731.50;725.00;-;0.00;2,253.00;22,770.25;3,556.50;5,033.00
May 19, 2025;May 20, 2025;44,291.50;17,760.50;8,003.00;26,288.50;149,435.25;632.00;-;0.00;3,011.50;26,843.75;5,782.75;5,475.00
May 20, 2025;May 21, 2025;44,222.50;17,874.00;32,914.50;44,679.75;155,299.00;702.00;-;0.00;3,309.25;23,958.00;3,304.25;5,512.00
May 21, 2025;May 22, 2025;43,322.00;17,680.00;83,423.50;201,882.00;119,721.75;747.50;-;0.00;7,745.75;14,476.00;3,703.75;7,622.25
May 22, 2025;May 23, 2025;43,594.00;19,385.25;81,829.50;235,685.25;88,068.00;720.75;-;0.00;4,321.25;21,753.25;3,206.25;9,421.25
May 23, 2025;May 24, 2025;44,452.00;20,754.50;76,837.00;154,968.50;126,291.75;741.75;-;0.00;2,350.75;22,097.75;5,157.75;7,681.00
May 24, 2025;May 25, 2025;44,204.75;18,505.75;61,184.75;143,297.50;131,481.75;764.25;-;0.00;1,600.25;16,935.25;5,393.75;7,599.00
May 25, 2025;May 26, 2025;42,546.25;15,959.25;87,895.00;198,816.00;54,992.50;803.50;-;0.00;1,549.00;11,630.25;4,207.25;7,360.00
May 26, 2025;May 27, 2025;43,679.50;18,969.50;78,279.00;134,121.50;126,960.75;793.50;-;0.00;2,131.25;20,186.75;5,778.25;6,904.00
May 27, 2025;May 28, 2025;43,606.50;21,698.75;58,515.75;216,492.50;92,866.50;814.50;-;0.00;2,000.50;16,648.50;3,549.25;6,217.00
May 28, 2025;May 29, 2025;44,179.50;21,168.50;15,896.00;194,653.25;69,546.50;808.00;-;0.00;2,085.50;21,357.00;5,571.50;7,041.00
May 29, 2025;May 30, 2025;43,616.00;25,426.75;61,942.00;100,701.75;113,610.75;810.25;-;0.00;1,550.75;20,825.00;5,674.00;7,408.75
May 30, 2025;May 31, 2025;43,039.75;24,716.25;88,553.75;183,034.50;128,312.75;753.00;-;0.00;1,844.75;18,153.50;4,957.75;6,967.75
May 31, 2025;Jun 1, 2025;43,062.50;23,242.50;6,008.50;21,417.75;142,125.25;704.25;-;0.00;1,966.00;21,122.75;6,035.50;7,438.75
Jun 1, 2025;Jun 2, 2025;41,717.25;23,061.75;38,609.00;116,478.00;101,417.25;695.00;-;0.00;1,707.75;21,379.00;3,985.50;7,652.50
Jun 2, 2025;Jun 3, 2025;43,463.50;25,517.50;42,066.50;87,238.50;96,514.75;701.25;-;0.00;2,081.25;21,688.00;6,882.00;7,657.75
Jun 3, 2025;Jun 4, 2025;42,717.50;27,456.50;81,985.00;81,174.25;131,268.50;753.50;-;0.00;3,857.25;20,362.00;5,138.00;4,298.00
Jun 4, 2025;Jun 5, 2025;42,118.50;26,052.00;74,291.00;119,544.50;100,430.50;695.75;-;0.00;7,945.25;17,109.75;5,047.00;5,249.25
Jun 5, 2025;Jun 6, 2025;43,405.25;26,882.25;69,362.25;133,660.00;90,754.50;745.50;-;0.00;4,028.50;13,477.75;5,864.50;9,258.50
Jun 6, 2025;Jun 7, 2025;43,146.00;26,399.25;72,306.75;266,331.00;106,957.75;730.50;-;0.00;1,791.50;12,660.25;4,538.75;7,331.75
Jun 7, 2025;Jun 8, 2025;43,836.75;25,755.25;11,759.75;101,604.00;74,785.50;781.75;-;0.00;1,704.50;17,689.75;5,136.50;8,639.50
Jun 8, 2025;Jun 9, 2025;41,976.00;25,211.50;24,882.50;180,758.00;83,629.25;791.25;-;0.00;1,528.25;18,210.25;2,695.00;8,132.25
Jun 9, 2025;Jun 10, 2025;43,513.25;26,440.00;33,949.50;106,827.50;139,030.00;787.00;-;0.00;1,673.75;19,270.75;6,341.00;8,003.75
Jun 10, 2025;Jun 11, 2025;43,615.75;23,802.50;116,269.00;223,269.00;101,301.00;705.75;-;0.00;1,450.50;16,597.50;3,570.75;7,896.00
Jun 11, 2025;Jun 12, 2025;44,398.75;24,332.50;19,890.50;98,460.50;158,162.00;731.25;-;0.00;1,871.00;17,202.25;5,759.50;7,684.00
Jun 12, 2025;Jun 13, 2025;43,398.00;24,443.25;50,816.00;118,637.50;171,728.75;740.00;-;0.00;1,534.00;13,233.50;3,964.00;7,573.00
Jun 13, 2025;Jun 14, 2025;42,669.25;23,806.75;80,166.00;191,819.75;172,626.00;717.25;-;0.00;1,708.50;12,989.25;5,318.50;7,946.25
Jun 14, 2025;Jun 15, 2025;41,613.75;24,085.25;57,083.75;129,878.00;161,843.25;683.50;-;0.00;3,714.50;20,687.50;5,145.50;8,016.00
Jun 15, 2025;Jun 16, 2025;41,435.25;24,102.50;32,667.00;70,817.25;94,528.50;633.00;-;0.00;3,531.25;20,319.75;3,782.00;8,492.25
Jun 16, 2025;Jun 17, 2025;42,786.00;27,417.50;31,154.00;97,426.50;126,307.25;752.00;-;0.00;3,091.25;22,648.00;4,778.50;8,259.00
Jun 17, 2025;Jun 18, 2025;43,140.25;27,816.50;38,702.75;32,099.75;163,301.25;759.50;-;0.00;2,818.75;18,885.50;5,080.50;8,301.00
Jun 18, 2025;Jun 19, 2025;42,891.50;25,888.75;19,866.25;60,603.00;154,943.75;754.75;-;0.00;2,254.25;20,078.75;4,967.75;8,096.00
Jun 19, 2025;Jun 20, 2025;41,924.25;22,356.50;25,327.75;102,127.00;156,118.25;708.50;-;0.00;3,653.00;20,326.75;4,211.25;7,856.00
Jun 20, 2025;Jun 21, 2025;43,103.75;22,236.75;1,800.25;30,327.75;177,100.75;715.00;-;0.00;3,420.25;15,548.00;6,576.00;1,318.00
Jun 21, 2025;Jun 22, 2025;42,372.00;22,803.00;4,547.25;19,694.50;165,605.25;729.75;-;0.00;4,357.75;20,202.00;5,121.25;6,945.00
Jun 22, 2025;Jun 23, 2025;40,541.25;20,558.00;44,494.00;78,265.00;146,671.75;686.00;-;0.00;5,848.00;17,177.25;5,681.50;6,744.00
Jun 23, 2025;Jun 24, 2025;40,771.00;20,581.00;58,541.25;265,090.25;108,752.75;584.50;-;0.00;2,798.75;18,210.25;4,273.50;6,724.00
Jun 24, 2025;Jun 25, 2025;41,437.00;19,491.00;71,959.00;265,362.00;126,247.50;559.00;-;0.00;3,194.00;9,781.75;5,424.75;6,639.00
Jun 25, 2025;Jun 26, 2025;41,886.00;23,605.50;26,153.25;154,795.00;144,710.00;532.75;-;0.00;4,831.75;18,659.25;6,535.00;6,838.00
Jun 26, 2025;Jun 27, 2025;41,007.25;22,497.75;43,373.75;134,058.00;103,889.50;544.50;-;0.00;2,190.75;21,869.75;4,158.00;6,883.25
Jun 27, 2025;Jun 28, 2025;42,028.50;22,074.75;70,178.25;169,443.75;96,947.25;575.00;-;0.00;2,114.75;21,132.75;4,308.25;8,087.00
Jun 28, 2025;Jun 29, 2025;41,529.00;19,405.75;92,139.75;155,329.50;134,446.25;554.00;-;0.00;1,291.50;18,169.50;4,441.00;8,518.00
Jun 29, 2025;Jun 30, 2025;41,204.75;17,918.50;33,776.75;112,728.00;148,292.25;522.25;-;0.00;2,464.25;18,854.25;4,718.25;8,416.00
Jun 30, 2025;Jul 1, 2025;42,139.75;20,957.75;9,105.00;31,636.00;165,031.50;490.75;-;0.00;1,947.25;26,155.75;6,824.50;7,860.75
Jul 1, 2025;Jul 2, 2025;40,512.68;23,291.32;35,488.72;57,630.74;163,604.68;455.55;-;0.00;11,828.00;37,779.00;4,151.50;7,023.00
Jul 2, 2025;Jul 3, 2025;39,002.53;22,702.10;33,527.52;89,864.26;146,604.34;492.80;-;0.00;7,973.00;33,332.00;3,903.75;9,287.00
Jul 3, 2025;Jul 4, 2025;40,830.56;23,772.43;38,825.83;150,759.67;124,316.15;502.57;-;0.00;10,118.50;19,996.50;4,581.50;7,294.00
Jul 4, 2025;Jul 5, 2025;41,644.62;20,878.80;61,841.99;60,739.09;147,824.49;543.80;-;0.00;14,252.75;11,742.25;4,389.50;7,166.00
Jul 5, 2025;Jul 6, 2025;40,838.30;19,349.65;76,005.26;164,784.82;126,880.28;558.44;-;0.00;1,657.25;10,589.00;3,443.75;6,941.00
Jul 6, 2025;Jul 7, 2025;41,387.78;19,233.03;30,647.79;115,408.17;95,387.98;559.50;-;0.00;5,413.25;9,384.25;4,428.50;7,184.00
Jul 7, 2025;Jul 8, 2025;41,856.50;21,325.85;68,265.33;84,348.29;92,310.32;553.91;-;0.00;11,059.00;10,386.50;5,372.75;6,450.75
Jul 8, 2025;Jul 9, 2025;41,366.79;23,360.20;81,404.97;148,622.44;98,192.05;653.88;-;0.00;12,942.75;11,624.75;2,925.00;7,039.75
Jul 9, 2025;Jul 10, 2025;41,960.99;24,984.93;21,844.69;115,328.54;111,446.47;654.20;-;0.00;14,543.75;19,636.00;5,294.00;5,897.75
Jul 10, 2025;Jul 11, 2025;42,281.87;22,602.74;11,795.23;43,873.55;123,037.38;623.16;-;0.00;17,298.50;26,493.75;5,309.25;5,624.00
Jul 11, 2025;Jul 12, 2025;42,069.95;20,836.25;22,944.78;61,812.38;124,171.66;645.83;-;0.00;17,072.00;15,353.75;4,623.75;6,225.00
Jul 12, 2025;Jul 13, 2025;41,305.28;20,395.12;41,367.33;75,879.68;94,709.29;667.69;-;0.00;7,849.25;19,320.50;4,971.50;6,388.00
Jul 13, 2025;Jul 14, 2025;40,808.16;18,959.05;19,817.18;32,267.18;119,696.10;614.07;-;0.00;5,466.25;18,399.50;4,688.50;9,423.50
Jul 14, 2025;Jul 15, 2025;41,345.64;19,261.56;3,047.03;35,917.80;105,616.26;615.71;-;0.00;14,755.00;21,369.25;5,111.00;8,536.00
Jul 15, 2025;Jul 16, 2025;41,223.51;18,789.04;35,996.87;85,260.81;101,172.64;610.57;-;0.00;15,380.50;12,685.00;2,833.75;8,313.00
Jul 16, 2025;Jul 17, 2025;42,242.32;20,470.79;13,320.16;67,586.75;96,611.46;641.96;-;0.00;17,300.75;13,678.50;4,729.00;8,910.75
Jul 17, 2025;Jul 18, 2025;42,074.84;24,607.08;55,712.14;121,978.53;89,410.18;686.47;-;0.00;15,254.00;21,118.00;2,563.25;8,054.00
Jul 18, 2025;Jul 19, 2025;42,785.83;25,012.13;2,378.16;14,183.51;119,057.77;651.66;-;0.00;16,159.00;24,063.25;5,260.50;8,368.00
Jul 19, 2025;Jul 20, 2025;41,859.13;23,131.13;27,752.23;49,332.08;159,112.12;634.51;-;0.00;7,127.50;15,505.00;4,776.00;8,479.00
Jul 20, 2025;Jul 21, 2025;41,280.94;23,667.88;43,990.32;74,460.21;132,785.24;599.21;-;0.00;5,960.00;17,093.00;3,184.25;9,558.00
Jul 21, 2025;Jul 22, 2025;42,879.35;24,056.22;13,560.60;51,283.28;56,368.71;607.43;-;0.00;17,949.25;23,708.00;5,227.25;9,355.75
Jul 22, 2025;Jul 23, 2025;42,133.26;28,294.57;13,915.24;128,253.82;94,140.58;568.94;-;0.00;11,576.75;14,406.00;3,034.00;9,274.50
Jul 23, 2025;Jul 24, 2025;42,490.70;27,999.26;77,510.72;205,246.87;116,825.04;572.13;-;0.00;4,396.75;14,358.75;5,461.50;8,533.50
Jul 24, 2025;Jul 25, 2025;43,016.76;27,840.05;21,840.66;39,434.47;80,467.70;603.46;-;0.00;16,465.25;38,445.50;5,619.25;9,063.75
Jul 25, 2025;Jul 26, 2025;42,790.90;29,381.16;28,945.76;47,933.83;92,283.74;595.39;-;0.00;18,685.00;34,638.25;2,907.75;8,163.00
Jul 26, 2025;Jul 27, 2025;42,676.45;29,602.61;11,660.63;22,276.31;96,255.77;604.50;-;0.00;15,758.50;25,285.50;3,470.25;8,338.00
Jul 27, 2025;Jul 28, 2025;41,752.37;28,565.28;24,524.94;43,154.34;88,321.30;594.66;-;0.00;6,869.00;17,591.25;3,310.25;8,566.00
Jul 28, 2025;Jul 29, 2025;42,461.68;28,823.41;33,842.19;105,930.33;89,900.73;566.86;-;0.00;8,741.00;20,173.25;3,366.25;9,003.00
Jul 29, 2025;Jul 30, 2025;42,892.07;26,536.29;83,484.29;132,791.20;110,689.26;571.40;-;0.00;15,560.75;14,551.75;7,647.75;7,864.00
Jul 30, 2025;Jul 31, 2025;42,929.82;27,308.30;123,580.79;179,245.42;80,364.78;613.96;-;0.00;9,032.75;26,361.25;4,243.25;7,832.00
Jul 31, 2025;Aug 1, 2025;43,049.58;29,993.96;82,240.23;160,745.17;91,659.22;601.76;-;0.00;8,944.25;20,437.50;3,694.00;8,060.50
Aug 1, 2025;Aug 2, 2025;43,788.58;29,635.27;30,200.87;75,620.52;96,505.62;635.09;-;0.00;9,422.00;15,728.50;4,089.25;8,525.50
Aug 2, 2025;Aug 3, 2025;42,986.55;29,754.20;98,237.87;88,673.33;88,083.26;687.89;-;0.00;3,553.25;12,629.75;4,827.50;7,768.75
Aug 3, 2025;Aug 4, 2025;42,070.50;27,682.33;92,484.18;146,283.29;73,352.14;607.25;-;0.00;960.75;12,107.50;3,297.00;7,512.00
Aug 4, 2025;Aug 5, 2025;43,330.01;29,968.95;80,326.16;161,286.26;77,868.45;606.63;-;0.00;1,443.50;18,901.25;3,968.00;8,828.00
Aug 5, 2025;Aug 6, 2025;41,246.70;26,154.88;111,527.17;219,478.27;103,161.74;593.08;-;0.00;1,713.50;14,207.75;6,113.50;8,616.00
Aug 6, 2025;Aug 7, 2025;43,140.84;29,833.54;69,392.53;134,776.65;131,214.36;626.99;-;0.00;8,530.00;10,801.75;7,832.25;8,459.75
Aug 7, 2025;Aug 8, 2025;43,558.51;30,239.27;49,972.60;53,686.11;139,343.76;629.25;-;0.00;17,532.25;13,004.50;5,406.25;9,194.50
Aug 8, 2025;Aug 9, 2025;42,851.44;28,876.94;31,101.52;73,056.01;137,079.07;603.67;-;0.00;16,187.50;16,779.00;4,836.25;9,697.25
Aug 9, 2025;Aug 10, 2025;42,122.81;27,498.06;29,494.90;48,171.36;131,965.92;508.27;-;0.00;6,462.25;23,849.50;4,878.00;8,946.00
Aug 10, 2025;Aug 11, 2025;41,299.69;23,630.01;28,193.37;77,548.95;137,749.83;487.59;-;0.00;1,219.00;19,516.25;5,148.00;7,628.00
Aug 11, 2025;Aug 12, 2025;42,038.37;25,819.50;4,010.80;20,746.32;154,302.39;568.05;-;0.00;6,773.75;34,564.50;5,318.50;9,491.75
Aug 12, 2025;Aug 13, 2025;41,510.71;26,458.03;23,016.03;60,596.89;129,522.53;610.31;-;0.00;15,108.75;37,153.75;3,944.75;7,576.25
Aug 13, 2025;Aug 14, 2025;41,741.31;25,848.45;19,238.07;57,576.60;137,281.82;565.27;-;0.00;15,557.50;47,139.50;4,464.00;8,550.25
Aug 14, 2025;Aug 15, 2025;41,090.79;25,343.38;22,425.63;27,822.10;128,720.10;612.92;-;0.00;16,373.25;53,052.25;4,716.75;7,585.00
Aug 15, 2025;Aug 16, 2025;41,385.46;22,605.12;29,461.85;69,965.42;131,296.69;610.18;-;0.00;12,450.00;32,713.50;3,918.25;7,015.00
Aug 16, 2025;Aug 17, 2025;41,488.76;22,043.12;83,915.74;133,087.71;99,358.13;608.30;-;0.00;6,667.00;10,392.50;4,202.00;7,049.00
Aug 17, 2025;Aug 18, 2025;41,716.54;21,951.07;43,083.65;47,387.65;124,213.90;645.09;-;0.00;5,455.75;20,472.00;3,348.00;7,056.00
Aug 18, 2025;Aug 19, 2025;42,413.94;23,083.14;1,365.26;19,494.47;151,263.02;686.03;-;0.00;15,395.50;37,189.75;5,103.50;7,572.00
Aug 19, 2025;Aug 20, 2025;41,488.08;22,883.79;21,695.41;38,813.80;147,649.80;726.39;-;0.00;2,631.25;31,637.25;3,908.50;7,628.00
Aug 20, 2025;Aug 21, 2025;41,705.66;22,884.10;41,200.56;61,882.37;122,935.48;730.91;-;0.00;2,008.75;32,376.00;3,444.25;6,909.00
Aug 21, 2025;Aug 22, 2025;41,829.76;22,748.12;60,691.01;100,096.69;95,611.19;761.03;-;0.00;2,082.75;37,645.25;2,122.50;7,901.00
Aug 22, 2025;Aug 23, 2025;42,308.64;27,315.84;82,865.53;138,898.38;102,381.60;778.95;-;0.00;1,933.50;12,556.25;3,670.75;7,667.50
Aug 23, 2025;Aug 24, 2025;41,934.89;25,533.73;77,814.41;126,760.19;90,520.49;743.70;-;0.00;1,477.50;17,628.50;2,439.50;7,573.00
Aug 24, 2025;Aug 25, 2025;41,858.58;23,303.45;28,808.35;71,784.70;102,388.83;774.56;-;0.00;1,268.25;20,970.00;3,610.25;7,395.00
Aug 25, 2025;Aug 26, 2025;42,015.52;23,008.14;10,197.29;52,966.07;120,269.53;718.30;-;0.00;2,275.25;29,001.75;4,583.00;7,610.00
Aug 26, 2025;Aug 27, 2025;41,771.47;23,573.48;27,306.12;34,061.66;133,099.63;656.56;-;0.00;3,149.50;25,993.50;3,884.25;8,095.00
Aug 27, 2025;Aug 28, 2025;41,440.45;24,411.07;26,594.02;82,035.02;111,192.60;645.25;-;0.00;3,306.00;42,135.25;3,771.75;8,261.25
Aug 28, 2025;Aug 29, 2025;41,948.77;23,831.99;14,293.29;38,985.21;59,183.48;675.42;-;0.00;4,705.00;60,316.00;3,133.00;8,004.50
Aug 29, 2025;Aug 30, 2025;42,097.94;27,169.27;41,815.62;69,091.77;106,923.04;719.38;-;0.00;2,983.25;42,363.75;4,120.50;7,600.00
Aug 30, 2025;Aug 31, 2025;41,614.93;27,070.89;43,435.78;85,032.44;95,783.21;722.89;-;0.00;1,873.75;27,895.75;4,110.75;6,844.00
Aug 31, 2025;Sep 1, 2025;40,997.98;22,858.30;67,574.39;90,430.23;111,308.48;702.18;-;0.00;1,904.50;25,821.25;2,864.25;6,757.00
Sep 1, 2025;Sep 2, 2025;42,153.05;24,390.93;22,243.42;65,531.72;64,163.14;693.29;-;0.00;4,394.75;42,938.00;4,047.75;8,081.75
Sep 2, 2025;Sep 3, 2025;42,757.21;23,702.63;36,569.99;61,431.69;81,604.77;816.67;-;0.00;5,611.25;55,235.75;2,841.00;6,183.00
Sep 3, 2025;Sep 4, 2025;41,217.22;22,103.42;89,272.65;218,628.19;99,356.65;774.19;-;0.00;7,680.25;28,116.25;2,385.75;5,749.00
Sep 4, 2025;Sep 5, 2025;41,911.85;22,990.40;69,574.77;140,890.16;110,792.19;724.00;-;0.00;4,439.75;36,459.25;4,780.50;6,019.00
Sep 5, 2025;Sep 6, 2025;42,412.30;22,924.17;39,014.93;76,876.79;74,341.87;798.33;-;0.00;2,506.75;49,888.50;2,328.25;5,389.00
Sep 6, 2025;Sep 7, 2025;42,831.26;24,024.82;8,235.64;19,222.48;128,645.38;710.53;-;0.00;1,267.50;31,393.25;3,193.50;9,184.75
Sep 7, 2025;Sep 8, 2025;41,265.77;19,176.51;84,318.24;159,266.91;113,698.57;637.15;-;0.00;966.25;16,724.50;2,269.00;4,947.00
Sep 8, 2025;Sep 9, 2025;43,476.35;23,514.73;58,026.86;105,704.50;95,734.86;643.06;-;0.00;3,232.25;40,890.00;5,213.50;5,117.00
Sep 9, 2025;Sep 10, 2025;43,322.11;26,378.73;15,750.83;29,855.85;56,286.51;674.75;-;0.00;5,540.50;70,891.25;3,776.50;5,545.00
Sep 10, 2025;Sep 11, 2025;43,503.60;23,293.70;17,200.23;19,949.05;44,205.00;710.36;-;0.00;4,829.00;65,160.00;3,737.75;5,666.75
Sep 11, 2025;Sep 12, 2025;42,856.95;21,728.44;106,942.34;179,944.05;69,824.62;695.55;-;0.00;1,912.50;16,915.00;3,870.75;5,086.00
Sep 12, 2025;Sep 13, 2025;42,722.59;20,587.33;101,450.43;226,606.09;79,291.55;663.41;-;0.00;2,015.75;21,830.50;4,912.00;4,654.75
Sep 13, 2025;Sep 14, 2025;42,840.26;20,021.50;107,081.39;163,685.64;91,570.79;638.05;-;0.00;1,230.50;16,580.50;4,565.75;4,803.00
Sep 14, 2025;Sep 15, 2025;43,294.59;19,026.59;45,749.44;100,102.59;85,738.80;645.48;-;0.00;1,323.50;24,227.75;6,598.00;4,753.00
Sep 15, 2025;Sep 16, 2025;40,942.11;17,954.07;100,137.40;343,044.31;84,448.72;603.80;-;0.00;3,061.25;10,461.75;4,338.25;4,577.00
Sep 16, 2025;Sep 17, 2025;41,083.82;19,507.94;97,484.89;336,255.07;69,723.89;636.42;-;0.00;4,608.25;12,642.00;5,305.00;4,865.50
Sep 17, 2025;Sep 18, 2025;43,681.04;19,990.18;118,669.00;220,764.24;73,897.69;656.10;-;0.00;2,591.75;22,844.25;5,264.00;5,247.75
Sep 18, 2025;Sep 19, 2025;42,918.83;18,652.02;116,232.86;257,316.69;99,204.15;618.70;-;0.00;2,054.00;19,516.00;5,327.75;5,458.00
Sep 19, 2025;Sep 20, 2025;43,930.36;18,643.94;80,456.11;130,334.75;118,022.19;617.96;-;0.00;2,129.75;35,968.50;6,085.25;5,841.00
Sep 20, 2025;Sep 21, 2025;43,018.28;17,706.17;95,282.30;142,199.06;103,298.90;624.42;-;0.00;1,904.00;15,193.25;5,168.50;5,982.00
Sep 21, 2025;Sep 22, 2025;41,626.60;15,705.88;105,006.53;224,337.06;64,590.70;618.64;-;0.00;1,195.00;19,325.25;2,573.00;5,743.00
Sep 22, 2025;Sep 23, 2025;44,209.75;17,075.51;90,392.89;123,261.69;47,635.04;673.41;-;0.00;1,896.75;34,600.00;3,369.00;6,258.00
Sep 23, 2025;Sep 24, 2025;44,746.91;20,751.74;32,654.54;86,419.30;68,692.60;726.37;-;0.00;3,990.25;54,756.75;3,984.50;6,197.00
Sep 24, 2025;Sep 25, 2025;44,113.45;18,878.22;56,165.03;228,725.90;54,178.49;768.27;-;0.00;5,870.25;35,235.00;3,840.75;6,345.75
Sep 25, 2025;Sep 26, 2025;44,593.32;20,201.84;94,308.18;265,461.04;46,989.11;773.81;-;0.00;7,657.00;27,783.75;5,737.25;5,933.00
Sep 26, 2025;Sep 27, 2025;45,456.74;19,871.77;107,321.30;172,153.99;46,641.80;768.88;-;0.00;4,037.00;44,727.25;4,435.75;6,088.00
Sep 27, 2025;Sep 28, 2025;45,344.92;19,472.58;48,720.77;73,895.94;51,224.34;765.85;-;0.00;2,399.00;41,101.50;3,096.50;6,240.25
Sep 28, 2025;Sep 29, 2025;44,943.91;17,225.96;10,713.02;37,095.12;78,058.00;766.03;-;0.00;1,380.75;57,988.00;2,457.75;5,678.00
Sep 29, 2025;Sep 30, 2025;46,030.48;17,345.38;6,862.00;42,630.12;73,114.83;773.27;-;0.00;2,100.25;91,072.50;4,222.75;6,069.75
Sep 30, 2025;Oct 1, 2025;46,149.78;17,326.46;15,924.09;55,641.16;54,272.79;788.36;-;0.00;12,492.25;82,882.00;4,399.00;6,033.50
Oct 1, 2025;Oct 2, 2025;46,192.92;18,990.86;35,732.46;73,620.75;96,233.47;817.85;-;0.00;13,580.25;86,233.00;4,153.50;7,355.50
Oct 2, 2025;Oct 3, 2025;46,535.18;17,809.55;71,229.13;86,434.93;96,448.04;840.35;-;0.00;6,886.75;66,255.25;4,612.75;7,577.00
Oct 3, 2025;Oct 4, 2025;44,531.00;17,254.90;105,024.29;220,184.93;94,843.44;838.98;-;0.00;3,026.25;24,587.75;5,384.00;7,778.00
Oct 4, 2025;Oct 5, 2025;42,111.39;14,875.70;78,188.04;345,467.21;33,622.32;786.40;-;0.00;2,676.25;12,435.00;1,375.00;7,106.00
Oct 5, 2025;Oct 6, 2025;41,881.23;15,425.67;71,005.79;355,518.89;39,775.34;806.50;-;0.00;2,692.75;12,438.50;4,101.50;6,719.00
Oct 6, 2025;Oct 7, 2025;43,802.54;20,043.33;50,359.21;223,883.51;25,508.13;809.73;-;0.00;11,135.00;42,816.50;4,182.75;6,345.00
Oct 7, 2025;Oct 8, 2025;44,818.10;24,151.55;48,152.99;60,200.79;23,635.89;745.11;-;0.00;15,135.00;80,777.25;4,968.00;7,048.75
Oct 8, 2025;Oct 9, 2025;44,722.68;23,330.52;35,839.24;51,213.73;42,896.88;773.84;-;0.00;15,197.00;95,994.50;5,018.75;7,628.00
Oct 9, 2025;Oct 10, 2025;44,555.61;22,991.68;72,266.09;101,828.74;39,372.10;790.28;-;0.00;14,958.75;87,948.25;3,399.75;7,834.00
Oct 10, 2025;Oct 11, 2025;44,874.04;20,870.37;69,495.67;171,001.34;29,262.29;803.30;-;0.00;13,189.25;55,905.00;3,243.25;8,203.00
Oct 11, 2025;Oct 12, 2025;45,020.68;18,178.71;38,184.55;115,990.31;31,220.37;796.96;-;0.00;14,735.50;25,595.00;2,716.25;8,236.00
Oct 12, 2025;Oct 13, 2025;44,642.40;16,485.28;53,772.45;88,637.31;28,407.35;774.80;-;0.00;17,818.00;25,258.25;1,846.00;8,463.00
Oct 13, 2025;Oct 14, 2025;46,513.68;19,562.90;16,775.03;14,487.29;39,860.57;750.82;-;0.00;24,487.00;78,630.00;6,008.00;8,456.00
Oct 14, 2025;Oct 15, 2025;46,292.27;18,576.91;46,487.68;45,959.62;57,347.61;755.96;-;0.00;24,865.00;100,542.50;3,902.50;5,929.00
Oct 15, 2025;Oct 16, 2025;46,636.95;19,471.78;45,504.00;37,938.90;39,783.16;794.57;-;1.25;21,839.49;104,281.55;5,013.64;5,967.89
Oct 16, 2025;Oct 17, 2025;46,729.38;17,952.61;102,002.61;105,943.98;41,376.96;835.30;-;1.25;8,037.81;78,214.80;3,482.32;5,872.83
Oct 17, 2025;Oct 18, 2025;47,044.43;16,842.70;75,723.15;108,051.54;35,477.44;879.37;-;1.25;13,060.33;77,763.97;3,044.07;5,362.60
Oct 18, 2025;Oct 19, 2025;46,877.25;14,634.89;20,695.80;52,622.57;75,960.35;918.93;-;1.25;14,737.14;57,457.51;2,343.00;4,695.59
Oct 19, 2025;Oct 20, 2025;45,603.67;13,398.39;92,548.72;205,171.06;61,029.56;926.97;-;1.25;3,978.85;18,072.04;2,386.85;7,034.63
Oct 20, 2025;Oct 21, 2025;47,051.47;15,242.48;113,482.10;220,278.90;32,982.26;883.79;-;1.25;7,760.42;24,167.55;4,894.12;7,561.11
Oct 21, 2025;Oct 22, 2025;45,554.06;15,511.06;105,215.06;286,617.93;42,575.24;866.31;-;1.25;8,388.76;26,018.70;2,532.76;9,429.09
Oct 22, 2025;Oct 23, 2025;47,471.36;16,299.36;77,675.45;123,211.18;30,003.02;824.52;-;1.25;13,292.57;78,672.18;4,608.65;11,667.82
Oct 23, 2025;Oct 24, 2025;45,347.54;15,776.17;74,079.84;278,190.88;20,761.00;821.79;-;1.25;8,822.31;19,751.81;2,193.40;11,149.40
Oct 24, 2025;Oct 25, 2025;44,604.04;16,632.99;75,486.56;432,316.28;35,433.07;831.30;-;1.25;4,966.19;14,311.52;4,632.87;6,916.03
Oct 25, 2025;Oct 26, 2025;45,361.13;14,772.01;115,352.42;383,181.59;23,263.62;859.21;-;1.25;3,324.00;12,420.79;4,104.05;7,013.31
Oct 26, 2025;Oct 27, 2025;45,601.47;15,469.49;118,461.53;406,138.54;32,837.08;896.51;-;1.30;1,608.50;5,927.73;1,952.25;1,004.51
Oct 27, 2025;Oct 28, 2025;46,502.34;16,202.62;94,720.57;324,434.52;24,662.58;774.84;-;1.25;5,835.81;21,792.32;5,112.19;6,981.15
Oct 28, 2025;Oct 29, 2025;46,116.31;18,505.47;105,443.97;347,359.97;23,908.83;754.21;-;1.25;5,438.92;21,354.27;3,788.13;9,157.27
Oct 29, 2025;Oct 30, 2025;47,401.97;17,654.25;108,268.02;252,344.82;48,699.13;795.36;-;1.25;7,672.72;30,123.82;4,993.30;11,532.75
Oct 30, 2025;Oct 31, 2025;46,624.06;16,510.24;69,617.24;272,839.51;51,963.31;796.69;-;1.25;4,865.45;31,465.33;3,472.18;11,519.27
Oct 31, 2025;Nov 1, 2025;47,649.53;17,428.96;89,526.56;137,633.44;53,325.98;845.98;-;1.25;4,099.15;40,613.32;3,119.94;7,564.56
Nov 1, 2025;Nov 2, 2025;48,931.61;15,764.58;112,995.02;228,777.49;39,524.43;689.04;-;1.25;3,252.80;22,376.84;1,655.72;7,451.22
Nov 2, 2025;Nov 3, 2025;49,835.44;13,863.10;71,034.46;144,203.24;17,757.96;689.04;-;1.25;3,912.30;33,679.35;3,962.49;7,673.22
Nov 3, 2025;Nov 4, 2025;49,368.13;16,519.68;91,489.46;254,397.67;43,527.60;689.04;-;1.25;4,093.15;43,006.08;3,701.80;9,911.97
Nov 4, 2025;Nov 5, 2025;49,374.79;18,743.26;107,206.22;222,980.24;61,158.84;689.04;-;1.25;4,976.70;42,395.69;4,014.19;7,556.51
Nov 5, 2025;Nov 6, 2025;48,852.03;15,712.53;101,881.71;158,824.73;65,789.70;689.04;-;1.25;11,442.41;40,676.06;3,656.57;8,162.30
Nov 6, 2025;Nov 7, 2025;49,269.86;14,634.25;30,891.47;85,035.66;48,506.25;689.04;-;1.25;17,030.17;57,627.19;2,670.34;8,244.86
Nov 7, 2025;Nov 8, 2025;49,760.02;14,243.51;5,924.94;23,619.38;17,481.91;689.04;-;1.25;21,084.52;94,993.97;3,718.46;8,398.52
Nov 8, 2025;Nov 9, 2025;49,802.27;13,441.07;941.44;4,307.87;10,267.41;689.04;-;1.25;22,597.24;88,764.38;1,496.62;7,983.66
Nov 9, 2025;Nov 10, 2025;50,100.37;12,867.24;7,325.54;19,058.49;10,648.95;689.04;-;1.25;20,732.18;72,733.75;495.72;7,921.88
Nov 10, 2025;Nov 11, 2025;49,911.70;13,967.71;55,208.04;61,349.80;23,219.67;689.04;-;1.25;22,792.21;95,099.82;3,973.00;8,564.96
Nov 11, 2025;Nov 12, 2025;50,010.56;15,424.84;108,307.39;145,562.75;31,243.54;689.04;-;1.25;20,533.77;61,420.45;4,262.89;7,866.22
Nov 12, 2025;Nov 13, 2025;50,104.99;15,912.92;104,629.82;243,559.81;39,582.46;689.04;-;1.25;19,035.04;36,057.52;2,087.72;7,824.90
Nov 13, 2025;Nov 14, 2025;49,879.30;15,341.21;69,659.14;261,035.27;45,295.41;689.04;-;1.25;7,885.71;46,501.48;1,838.93;8,418.98
Nov 14, 2025;Nov 15, 2025;50,048.41;16,793.34;68,534.89;119,323.90;28,221.66;689.04;-;1.25;13,606.14;67,700.79;3,202.24;7,357.81
Nov 15, 2025;Nov 16, 2025;50,301.07;14,663.71;111,539.97;227,325.27;24,381.02;689.04;-;1.25;4,174.68;41,395.88;2,073.52;4,379.97
Nov 16, 2025;Nov 17, 2025;49,549.81;12,263.99;69,703.79;71,876.20;27,756.01;689.04;-;1.25;15,186.28;65,805.83;1,616.17;6,311.57
Nov 17, 2025;Nov 18, 2025;49,768.69;12,562.80;129,104.78;146,207.13;20,067.92;689.04;-;1.25;5,369.64;76,334.66;4,294.87;6,384.76
Nov 18, 2025;Nov 19, 2025;49,693.98;14,444.28;59,135.65;185,055.46;31,009.73;689.04;-;1.25;15,942.55;72,202.11;3,677.32;5,981.62
Nov 19, 2025;Nov 20, 2025;49,895.83;13,448.68;59,960.07;122,586.38;30,094.37;689.04;-;1.25;18,303.29;87,516.66;4,130.03;5,780.44
Nov 20, 2025;Nov 21, 2025;50,097.01;15,692.74;38,674.20;101,352.25;20,551.32;689.04;-;1.25;21,040.04;112,122.79;5,993.38;6,054.49
Nov 21, 2025;Nov 22, 2025;50,473.25;17,384.23;21,949.33;47,192.06;34,478.18;689.04;-;1.25;24,864.63;118,220.39;6,086.22;5,383.46
Nov 22, 2025;Nov 23, 2025;50,311.62;14,194.95;107,744.46;197,471.95;49,772.54;689.04;-;1.25;7,218.07;67,060.20;1,551.54;5,684.51
Nov 23, 2025;Nov 24, 2025;50,225.97;10,879.01;104,820.92;273,146.30;40,004.71;689.04;-;1.25;7,398.55;54,079.87;1,355.09;6,150.77
Nov 24, 2025;Nov 25, 2025;50,141.93;12,020.32;65,978.95;152,074.07;8,460.20;689.04;-;1.25;15,487.06;95,940.85;5,947.05;7,272.07
Nov 25, 2025;Nov 26, 2025;50,529.66;18,163.87;63,807.40;23,330.96;9,917.37;689.04;-;1.25;26,542.86;130,954.47;6,680.94;5,505.37
Nov 26, 2025;Nov 27, 2025;50,544.22;19,935.39;14,551.90;34,399.95;13,627.14;689.04;-;1.25;24,879.05;128,288.04;7,828.34;5,494.21
Nov 27, 2025;Nov 28, 2025;50,430.69;15,004.96;113,481.52;278,725.97;14,094.41;689.04;-;1.25;9,346.20;73,124.45;6,326.76;6,725.61
Nov 28, 2025;Nov 29, 2025;50,670.38;14,397.17;111,767.96;260,897.28;19,654.76;689.04;-;1.25;7,551.40;64,032.09;4,528.74;4,688.55
Nov 29, 2025;Nov 30, 2025;50,687.80;12,372.42;115,262.52;184,554.30;11,184.50;689.04;-;1.25;7,292.05;52,412.13;812.68;5,303.73
Nov 30, 2025;Dec 1, 2025;50,649.83;11,348.64;103,397.31;256,455.34;18,004.65;689.04;-;1.25;6,444.05;49,164.42;6,759.28;6,305.63
Dec 1, 2025;Dec 2, 2025;50,617.77;13,330.66;104,269.47;263,910.64;28,982.77;689.04;-;1.25;9,896.50;54,307.25;4,575.01;6,199.80
Dec 2, 2025;Dec 3, 2025;50,603.29;18,332.78;91,398.43;196,687.85;17,738.64;689.04;-;1.25;17,623.73;72,239.92;5,575.06;5,698.36
Dec 3, 2025;Dec 4, 2025;51,110.39;22,525.84;18,517.23;25,924.31;7,963.46;689.04;-;1.25;27,859.07;123,500.74;4,334.86;7,117.82
Dec 4, 2025;Dec 5, 2025;51,244.55;21,203.18;39,511.53;43,781.07;6,451.17;689.04;-;1.25;25,651.04;117,719.21;5,781.94;7,167.24
Dec 5, 2025;Dec 6, 2025;51,297.03;18,299.83;31,808.04;31,163.49;8,766.71;689.04;-;1.25;24,738.17;121,674.17;6,665.09;7,157.23
Dec 6, 2025;Dec 7, 2025;51,294.85;12,507.73;133,499.59;231,041.74;10,848.19;689.04;-;1.25;6,721.25;32,709.24;2,293.14;6,856.17
Dec 7, 2025;Dec 8, 2025;51,055.96;9,911.84;90,588.78;196,840.64;10,119.38;689.04;-;1.25;6,791.70;38,992.60;4,855.83;6,571.76
Dec 8, 2025;Dec 9, 2025;51,219.84;15,606.48;108,997.32;321,771.00;11,829.34;689.04;-;1.25;6,211.60;37,481.76;2,114.72;7,339.34
Dec 9, 2025;Dec 10, 2025;50,839.47;17,148.91;114,386.94;196,295.60;26,367.91;689.04;-;1.25;7,455.92;61,980.55;4,951.08;7,314.89
Dec 10, 2025;Dec 11, 2025;51,078.99;15,460.80;119,638.96;277,247.71;19,920.43;689.04;-;1.25;4,824.07;49,701.30;5,044.01;7,371.06
Dec 11, 2025;Dec 12, 2025;51,246.16;13,360.83;115,189.70;223,126.68;15,222.01;689.04;-;1.25;3,606.76;73,237.57;1,662.08;6,950.56
Dec 12, 2025;Dec 13, 2025;51,384.62;12,683.41;37,150.47;62,060.14;11,051.95;689.04;-;1.25;19,751.05;102,462.95;5,797.41;6,645.20
Dec 13, 2025;Dec 14, 2025;51,659.96;11,455.34;71,518.59;119,882.69;7,517.87;689.04;-;1.25;12,780.06;85,010.18;1,019.09;5,299.10
Dec 14, 2025;Dec 15, 2025;51,468.51;10,084.74;124,234.27;216,292.90;9,344.49;689.04;-;1.25;4,053.75;50,788.03;907.15;5,459.64
Dec 15, 2025;Dec 16, 2025;51,026.11;10,671.63;110,745.59;192,167.48;16,304.00;689.04;-;1.25;4,290.85;49,013.79;3,831.68;5,420.72
Dec 16, 2025;Dec 17, 2025;51,019.36;17,417.50;51,780.43;125,706.92;18,683.64;689.04;-;1.25;15,521.08;89,324.89;6,582.86;5,135.67
Dec 17, 2025;Dec 18, 2025;51,477.26;16,663.70;36,281.80;80,513.72;13,595.39;689.04;-;1.25;16,092.12;107,997.05;4,876.75;3,341.59
Dec 18, 2025;Dec 19, 2025;50,700.68;13,252.94;122,436.40;291,742.82;25,953.09;689.04;-;1.25;4,603.85;41,020.26;2,891.33;4,230.90
Dec 19, 2025;Dec 20, 2025;51,247.88;12,246.99;105,611.58;241,595.48;13,109.35;689.04;-;1.25;4,796.10;52,543.50;2,812.40;5,666.00
Dec 20, 2025;Dec 21, 2025;51,436.56;10,482.82;33,464.88;68,985.21;23,173.14;689.04;-;1.25;16,778.18;97,959.31;5,569.02;5,886.63
Dec 21, 2025;Dec 22, 2025;51,003.82;9,871.95;93,849.86;176,070.84;20,059.44;689.04;-;1.25;5,000.19;68,955.34;140.47;5,897.08
Dec 22, 2025;Dec 23, 2025;51,185.08;9,388.90;131,750.17;262,804.49;8,783.85;689.04;-;1.22;5,094.80;43,623.85;4,775.12;5,807.79
Dec 23, 2025;Dec 24, 2025;49,941.92;9,855.75;141,730.45;299,081.84;6,541.69;689.04;-;1.25;6,201.60;43,177.88;2,301.59;5,338.82
Dec 24, 2025;Dec 25, 2025;50,053.89;9,126.97;115,077.69;289,265.66;11,119.60;689.04;-;1.25;6,454.90;41,375.17;1,786.86;4,940.79
Dec 25, 2025;Dec 26, 2025;49,219.84;8,654.39;69,791.91;190,690.16;37,617.14;689.04;-;1.25;6,018.35;42,032.61;5,353.97;4,897.24
Dec 26, 2025;Dec 27, 2025;50,127.31;7,754.61;10,115.93;88,986.19;33,583.73;689.04;-;1.25;5,471.40;53,187.45;2,366.13;4,896.92
Dec 27, 2025;Dec 28, 2025;49,518.35;7,809.18;79,084.42;132,536.36;32,723.75;689.04;-;1.25;5,029.75;65,145.64;1,779.53;3,842.33
Dec 28, 2025;Dec 29, 2025;49,656.22;8,055.67;29,063.31;68,116.99;28,454.36;689.04;-;1.25;5,691.45;65,874.05;1,186.75;5,024.43
Dec 29, 2025;Dec 30, 2025;49,336.02;7,900.13;125,528.01;202,021.60;18,587.49;689.04;-;1.25;6,099.15;67,501.66;690.67;5,666.99
Dec 30, 2025;Dec 31, 2025;49,198.36;8,709.17;104,096.83;124,293.17;26,759.72;689.04;-;1.25;6,665.45;51,304.26;4,821.76;6,465.77
Dec 31, 2025;Jan 1, 2026;48,625.59;8,516.02;120,786.01;300,352.28;13,926.55;689.04;-;1.25;7,525.75;46,447.98;1,234.49;5,724.55
