Start date;End date;Biomass [MWh] Calculated resolutions;Hydropower [MWh] Calculated resolutions;Wind onshore [MWh] Calculated resolutions;Photovoltaics [MWh] Calculated resolutions;Other renewable [MWh] Calculated resolutions;Nuclear [MWh] Calculated resolutions;Hard coal [MWh] Calculated resolutions;Fossil gas [MWh] Calculated resolutions;Hydro pumped storage [MWh] Calculated resolutions;Other conventional [MWh] Calculated resolutions
Jul 1, 2022;Jul 2, 2022;14,472.00;14,831.00;6,557.00;18,479.00;288.00;31,041.50;31,861.00;4,887.75;5,745.50;3,024.00
Jul 2, 2022;Jul 3, 2022;14,472.00;12,983.00;3,304.75;43,606.00;288.00;31,013.00;30,336.00;4,496.00;6,713.50;3,024.00
Jul 3, 2022;Jul 4, 2022;14,472.00;12,809.00;4,684.00;42,042.25;288.00;30,836.50;16,006.25;4,553.00;2,781.50;3,024.00
Jul 4, 2022;Jul 5, 2022;14,472.00;13,014.00;2,123.50;32,197.75;288.00;30,817.00;31,356.75;4,731.75;10,810.50;3,024.00
Jul 5, 2022;Jul 6, 2022;14,472.00;14,215.00;2,087.00;38,981.75;288.00;30,853.75;43,783.50;4,736.75;9,757.50;4,706.25
Jul 6, 2022;Jul 7, 2022;14,472.00;14,355.75;4,858.00;38,053.00;288.00;30,905.00;38,765.25;4,637.25;9,651.00;3,024.00
Jul 7, 2022;Jul 8, 2022;14,472.00;12,811.25;9,660.50;17,653.50;288.00;30,999.00;37,288.25;4,535.00;9,765.50;3,024.00
Jul 8, 2022;Jul 9, 2022;14,472.00;14,222.50;3,039.25;39,070.00;288.00;31,081.50;41,445.25;4,568.75;12,853.25;4,353.75
Jul 9, 2022;Jul 10, 2022;14,472.00;11,586.25;2,643.25;33,274.25;288.00;30,867.00;33,255.50;4,512.00;5,666.75;3,024.00
Jul 10, 2022;Jul 11, 2022;14,472.00;10,227.50;4,503.75;33,878.50;288.00;30,808.75;23,784.50;4,542.00;5,946.00;3,024.00
Jul 11, 2022;Jul 12, 2022;14,472.00;11,721.88;1,449.25;31,403.75;288.00;30,910.75;36,142.63;4,692.25;10,866.50;3,024.00
Jul 12, 2022;Jul 13, 2022;14,472.00;11,854.50;892.25;40,246.50;288.00;30,887.25;35,903.00;4,633.50;13,042.75;3,889.75
Jul 13, 2022;Jul 14, 2022;14,472.00;11,464.25;2,467.50;33,558.25;288.00;30,827.00;36,956.50;4,616.50;9,523.50;4,554.00
Jul 14, 2022;Jul 15, 2022;14,472.00;10,844.50;9,200.75;35,893.50;288.00;30,753.50;26,028.75;4,583.75;8,319.50;3,249.25
Jul 15, 2022;Jul 16, 2022;14,472.00;10,050.75;2,562.25;38,168.25;288.00;30,977.00;20,876.50;4,509.75;9,106.75;3,024.00
Jul 16, 2022;Jul 17, 2022;14,472.00;9,547.00;2,064.50;40,396.00;288.00;31,018.75;22,769.25;4,512.00;7,243.25;3,024.00
Jul 17, 2022;Jul 18, 2022;14,472.00;9,705.25;3,546.75;41,445.50;288.00;30,998.00;16,776.50;4,512.00;6,793.25;3,024.00
Jul 18, 2022;Jul 19, 2022;14,472.00;10,539.50;1,157.50;39,408.50;288.00;30,876.63;23,073.50;4,533.25;10,129.88;3,024.00
Jul 19, 2022;Jul 20, 2022;14,472.00;10,362.25;6,613.75;39,905.00;288.00;30,698.50;22,597.75;4,662.25;9,316.75;3,192.25
Jul 20, 2022;Jul 21, 2022;14,472.00;11,796.00;9,340.00;32,865.25;288.00;30,502.25;22,738.00;4,806.63;11,593.50;3,045.75
Jul 21, 2022;Jul 22, 2022;14,472.00;11,846.50;5,227.25;31,936.00;288.00;30,662.25;27,372.75;4,956.50;12,275.25;3,505.75
Jul 22, 2022;Jul 23, 2022;14,472.00;8,997.25;1,332.25;39,538.75;288.00;30,627.25;11,869.50;4,890.75;8,847.00;3,024.00
Jul 23, 2022;Jul 24, 2022;14,472.00;10,150.50;4,621.25;28,498.25;288.00;30,567.00;15,478.25;4,511.25;8,065.25;3,024.00
Jul 24, 2022;Jul 25, 2022;14,472.00;9,881.00;423.25;37,864.75;288.00;30,555.25;9,261.75;4,557.50;8,589.75;3,024.00
Jul 25, 2022;Jul 26, 2022;14,472.00;8,985.75;11,601.25;34,667.75;288.00;30,473.00;19,781.25;4,625.50;4,258.50;3,024.00
Jul 26, 2022;Jul 27, 2022;14,472.00;10,452.25;5,414.00;32,498.25;288.00;30,719.75;37,416.50;4,752.75;11,190.50;3,024.00
Jul 27, 2022;Jul 28, 2022;14,472.00;9,240.75;3,307.50;30,623.75;288.00;30,844.25;31,827.75;5,009.25;5,570.75;3,063.50
Jul 28, 2022;Jul 29, 2022;14,472.00;10,435.50;7,912.00;35,243.75;288.00;30,736.00;17,716.00;4,800.00;5,889.25;3,024.00
Jul 29, 2022;Jul 30, 2022;14,472.00;11,612.75;3,583.00;23,139.00;288.00;30,605.75;22,186.00;4,753.25;9,422.00;3,024.00
Jul 30, 2022;Jul 31, 2022;14,472.00;10,156.50;5,766.25;33,909.25;288.00;30,774.50;37,499.25;4,807.25;7,779.25;3,024.00
Jul 31, 2022;Aug 1, 2022;14,472.00;9,012.00;2,711.00;31,262.00;288.00;30,715.00;38,859.50;4,556.25;3,708.00;3,024.00
Aug 1, 2022;Aug 2, 2022;14,472.00;10,312.25;4,655.25;28,995.00;288.00;30,688.50;45,007.25;4,627.75;7,550.25;3,024.00
Aug 2, 2022;Aug 3, 2022;14,472.00;9,260.25;1,212.00;36,460.75;288.00;30,650.50;40,257.00;4,469.25;8,566.00;3,024.00
Aug 3, 2022;Aug 4, 2022;14,472.00;11,324.75;557.75;37,959.50;288.00;30,566.25;30,549.25;4,687.00;14,084.50;3,315.50
Aug 4, 2022;Aug 5, 2022;14,472.00;10,683.75;2,633.75;36,670.25;288.00;29,306.00;31,567.75;4,665.50;10,971.50;6,479.25
Aug 5, 2022;Aug 6, 2022;14,472.00;10,606.50;8,107.75;31,764.25;288.00;30,472.00;36,205.50;4,541.25;8,691.25;3,828.50
Aug 6, 2022;Aug 7, 2022;14,472.00;8,917.00;5,985.00;29,246.25;288.00;30,784.25;32,847.75;4,474.00;8,355.50;3,024.00
Aug 7, 2022;Aug 8, 2022;14,472.00;9,044.75;7,917.50;37,438.75;288.00;30,826.00;28,217.75;4,479.25;4,404.25;3,024.00
Aug 8, 2022;Aug 9, 2022;14,472.00;8,545.00;3,784.50;38,884.75;288.00;30,740.00;28,510.50;4,533.25;8,735.50;3,024.00
Aug 9, 2022;Aug 10, 2022;14,472.00;9,518.00;8,784.50;38,897.75;288.00;30,691.00;28,855.50;4,497.75;8,097.50;3,024.00
Aug 10, 2022;Aug 11, 2022;14,472.00;9,105.00;14,728.75;38,953.00;288.00;30,636.50;25,876.00;4,503.00;10,642.25;3,024.00
Aug 11, 2022;Aug 12, 2022;14,472.00;10,482.25;12,465.00;38,555.50;288.00;30,644.25;6,153.25;5,874.75;12,891.00;3,025.00
Aug 12, 2022;Aug 13, 2022;14,472.00;10,658.25;10,889.75;36,983.25;288.00;30,691.00;6,263.75;4,478.75;12,047.50;3,024.00
Aug 13, 2022;Aug 14, 2022;14,472.00;10,671.25;6,635.50;36,682.50;288.00;30,744.50;6,057.50;4,485.50;9,172.00;3,024.00
Aug 14, 2022;Aug 15, 2022;14,472.00;9,582.00;3,998.75;34,933.75;288.00;30,727.25;6,470.50;4,486.25;6,667.75;3,024.00
Aug 15, 2022;Aug 16, 2022;14,472.00;9,417.25;9,358.75;28,458.00;288.00;30,545.25;6,420.50;4,519.75;9,753.50;3,024.00
Aug 16, 2022;Aug 17, 2022;14,472.00;9,881.25;2,361.50;33,270.75;288.00;30,536.00;6,388.00;4,509.00;10,489.50;3,024.00
Aug 17, 2022;Aug 18, 2022;14,472.00;9,716.75;4,003.50;22,186.50;288.00;30,573.75;6,568.25;4,473.00;8,103.00;3,024.00
Aug 18, 2022;Aug 19, 2022;14,472.00;8,277.50;3,674.50;19,109.50;288.00;30,457.00;10,898.25;4,474.25;4,270.00;3,024.00
Aug 19, 2022;Aug 20, 2022;14,472.00;11,122.50;4,270.00;9,335.50;288.00;30,571.00;16,293.75;4,486.75;9,009.00;3,024.00
Aug 20, 2022;Aug 21, 2022;14,472.00;14,397.25;6,187.00;20,053.75;288.00;30,656.75;15,697.00;4,488.00;6,870.25;3,024.00
Aug 21, 2022;Aug 22, 2022;14,472.00;11,946.50;1,706.50;35,451.75;288.00;30,773.00;16,687.50;4,487.75;3,859.00;3,024.00
Aug 22, 2022;Aug 23, 2022;14,472.00;11,288.75;3,110.50;33,895.00;288.00;30,663.25;27,646.75;4,653.00;3,758.25;3,024.00
Aug 23, 2022;Aug 24, 2022;14,472.00;10,704.50;1,302.25;35,507.50;288.00;30,754.25;27,186.25;4,962.50;5,587.00;3,029.00
Aug 24, 2022;Aug 25, 2022;14,472.00;11,177.50;4,067.25;34,658.00;288.00;30,684.00;27,552.50;4,684.50;6,641.75;3,024.00
Aug 25, 2022;Aug 26, 2022;14,472.00;10,455.25;3,984.75;33,631.50;288.00;30,545.00;30,641.50;4,471.50;6,933.50;3,024.00
Aug 26, 2022;Aug 27, 2022;14,472.00;10,719.50;2,018.00;25,910.25;288.00;30,523.75;28,837.25;4,485.00;6,406.50;3,024.00
Aug 27, 2022;Aug 28, 2022;14,472.00;11,708.00;1,346.75;12,993.50;288.00;30,512.00;28,622.75;4,488.00;4,831.75;3,024.00
Aug 28, 2022;Aug 29, 2022;14,472.00;10,381.25;2,051.25;24,478.50;288.00;30,501.25;24,937.75;4,487.25;2,599.00;3,024.00
Aug 29, 2022;Aug 30, 2022;14,472.00;10,074.50;2,800.25;32,930.25;288.00;30,617.75;40,880.75;4,478.00;6,487.25;3,024.00
Aug 30, 2022;Aug 31, 2022;14,472.00;10,303.00;3,805.25;29,957.25;288.00;30,555.25;51,101.50;4,484.50;4,449.50;3,024.00
Aug 31, 2022;Sep 1, 2022;14,472.00;10,761.75;5,148.00;15,371.00;288.00;30,625.75;47,771.00;4,487.50;9,235.50;3,024.00
Sep 1, 2022;Sep 2, 2022;14,472.00;10,510.75;5,455.25;24,896.75;288.00;30,667.00;44,506.75;4,476.50;7,403.50;3,024.00
Sep 2, 2022;Sep 3, 2022;14,472.00;9,850.50;10,225.25;34,474.25;288.00;30,865.00;45,588.75;4,537.50;8,044.00;3,024.00
Sep 3, 2022;Sep 4, 2022;14,472.00;9,357.50;5,555.50;19,682.00;288.00;30,751.25;28,415.50;4,488.00;10,238.75;3,024.00
Sep 4, 2022;Sep 5, 2022;14,472.00;10,482.75;603.50;30,136.50;288.00;30,662.25;29,864.50;4,479.75;5,523.00;3,024.00
Sep 5, 2022;Sep 6, 2022;14,472.00;10,826.25;1,998.50;29,597.75;288.00;30,711.75;47,316.00;4,488.00;9,348.00;3,024.00
Sep 6, 2022;Sep 7, 2022;14,472.00;11,464.25;2,918.25;22,446.25;288.00;30,517.25;50,517.00;4,488.00;11,455.75;3,024.00
Sep 7, 2022;Sep 8, 2022;14,472.00;10,294.25;4,596.25;26,677.75;288.00;30,558.00;51,340.75;4,488.00;7,606.75;3,024.00
Sep 8, 2022;Sep 9, 2022;14,472.00;10,774.00;11,979.50;22,311.50;288.00;30,810.00;48,999.75;4,488.00;6,915.50;3,024.00
Sep 9, 2022;Sep 10, 2022;14,472.00;11,380.50;11,925.25;23,127.50;288.00;30,899.75;40,653.75;4,485.50;8,063.75;3,024.00
Sep 10, 2022;Sep 11, 2022;14,472.00;10,874.50;15,876.25;15,276.00;288.00;31,003.00;43,086.00;4,488.00;4,531.00;3,024.00
Sep 11, 2022;Sep 12, 2022;14,472.00;10,963.25;7,809.75;19,942.50;288.00;30,931.25;34,881.25;4,486.75;7,611.50;3,024.00
Sep 12, 2022;Sep 13, 2022;14,472.00;10,826.50;1,067.75;31,492.50;288.00;30,933.00;48,931.25;4,578.25;13,430.00;3,024.25
Sep 13, 2022;Sep 14, 2022;14,472.00;11,323.00;2,582.50;22,573.50;288.00;30,873.50;51,931.25;5,482.25;13,675.25;4,030.75
Sep 14, 2022;Sep 15, 2022;14,472.00;12,229.75;13,360.25;13,294.75;288.00;30,656.00;58,630.00;4,511.00;16,419.00;3,024.00
Sep 15, 2022;Sep 16, 2022;14,472.00;11,021.25;11,913.50;10,545.50;288.00;30,704.25;64,100.50;4,488.00;12,404.50;3,024.00
Sep 16, 2022;Sep 17, 2022;14,472.00;11,624.75;7,140.75;11,808.50;288.00;31,070.75;44,399.75;4,486.50;8,789.25;4,421.00
Sep 17, 2022;Sep 18, 2022;14,472.00;10,914.75;16,183.75;16,950.00;288.00;30,573.50;43,680.75;4,488.00;9,239.50;3,024.00
Sep 18, 2022;Sep 19, 2022;14,472.00;12,008.50;22,670.25;12,657.50;288.00;31,274.50;35,800.00;4,488.00;9,229.50;3,024.00
Sep 19, 2022;Sep 20, 2022;14,472.00;13,398.25;13,340.75;18,064.25;288.00;31,327.50;45,213.25;4,488.00;11,686.75;3,024.00
Sep 20, 2022;Sep 21, 2022;14,472.00;13,011.75;3,792.75;20,328.25;288.00;31,367.25;71,510.00;4,488.00;7,781.25;3,024.00
Sep 21, 2022;Sep 22, 2022;14,472.00;13,052.25;4,142.75;29,973.25;288.00;31,364.00;60,914.00;4,487.75;10,404.25;3,024.00
Sep 22, 2022;Sep 23, 2022;14,472.00;12,219.50;4,893.25;32,099.00;288.00;31,339.50;61,398.75;4,488.00;12,437.25;3,024.00
Sep 23, 2022;Sep 24, 2022;14,472.00;12,312.75;3,487.00;26,417.75;288.00;31,297.25;66,044.25;4,476.00;11,138.50;3,024.00
Sep 24, 2022;Sep 25, 2022;14,472.00;10,087.25;1,500.00;10,276.50;288.00;31,143.25;46,682.75;4,464.50;6,849.50;3,024.00
Sep 25, 2022;Sep 26, 2022;14,472.00;11,006.50;1,079.25;10,856.00;288.00;31,165.50;47,328.00;4,487.25;8,727.00;3,024.00
Sep 26, 2022;Sep 27, 2022;14,472.00;10,964.25;10,048.75;18,121.50;288.00;31,114.00;46,358.75;4,488.00;5,976.50;3,024.00
Sep 27, 2022;Sep 28, 2022;14,472.00;13,242.50;23,583.50;12,265.25;288.00;31,266.00;49,829.25;4,488.00;13,924.25;3,024.00
Sep 28, 2022;Sep 29, 2022;14,472.00;14,807.50;10,709.00;10,593.00;288.00;31,339.00;60,734.75;4,487.50;10,470.75;4,179.00
Sep 29, 2022;Sep 30, 2022;14,472.00;15,476.75;1,028.50;12,406.00;288.00;31,302.25;57,871.00;4,488.00;15,077.75;3,024.00
Sep 30, 2022;Oct 1, 2022;14,472.00;15,170.25;863.50;18,172.25;288.00;31,239.50;54,589.25;4,488.00;12,898.50;3,024.00
Oct 1, 2022;Oct 2, 2022;14,472.00;13,037.25;24,900.25;4,781.00;288.00;31,276.75;27,595.00;4,475.75;5,383.00;3,024.00
Oct 2, 2022;Oct 3, 2022;14,472.00;13,622.75;13,060.50;7,869.00;288.00;31,119.75;28,239.50;4,464.00;6,766.50;3,024.00
Oct 3, 2022;Oct 4, 2022;14,472.00;16,229.75;1,704.25;19,812.75;288.00;31,204.75;40,047.00;4,469.00;13,699.75;3,024.00
Oct 4, 2022;Oct 5, 2022;14,472.00;17,149.00;2,789.50;23,188.25;288.00;31,238.75;35,093.00;4,483.50;13,184.25;3,024.00
Oct 5, 2022;Oct 6, 2022;14,472.00;14,697.75;10,605.25;26,157.50;288.00;31,009.25;38,708.00;4,488.00;9,230.00;3,024.00
Oct 6, 2022;Oct 7, 2022;14,472.00;15,241.75;6,338.50;17,786.75;288.00;31,064.00;56,204.25;4,477.50;13,989.00;3,024.00
Oct 7, 2022;Oct 8, 2022;14,472.00;14,812.50;1,600.25;17,494.25;288.00;31,043.25;64,763.50;4,488.00;15,219.25;3,474.75
Oct 8, 2022;Oct 9, 2022;14,472.00;12,673.25;5,590.75;15,337.75;288.00;31,106.25;40,939.25;4,488.00;7,238.00;3,024.00
Oct 9, 2022;Oct 10, 2022;14,472.00;11,238.25;11,417.25;22,196.00;288.00;31,267.25;20,805.75;4,488.00;7,944.75;3,024.00
Oct 10, 2022;Oct 11, 2022;14,472.00;13,530.25;4,055.50;18,350.00;288.00;31,141.00;44,574.50;4,471.75;11,258.25;3,024.00
Oct 11, 2022;Oct 12, 2022;14,472.00;12,797.00;1,989.50;10,870.25;288.00;31,008.50;47,667.50;4,488.00;10,888.25;3,024.00
Oct 12, 2022;Oct 13, 2022;14,472.00;14,149.50;954.25;12,026.75;288.00;31,081.00;48,768.00;4,488.00;10,762.75;3,024.00
Oct 13, 2022;Oct 14, 2022;14,472.00;13,335.75;2,149.50;9,736.00;288.00;31,119.50;52,942.75;4,488.00;12,534.50;3,030.50
Oct 14, 2022;Oct 15, 2022;14,472.00;14,368.50;7,401.50;7,118.25;288.00;31,086.50;28,915.50;4,487.25;11,946.25;3,050.75
Oct 15, 2022;Oct 16, 2022;14,472.00;11,456.50;17,632.75;9,268.00;288.00;30,976.50;16,744.75;4,476.00;4,449.75;3,024.00
Oct 16, 2022;Oct 17, 2022;14,472.00;10,136.25;7,792.50;15,268.75;288.00;30,922.00;15,240.50;4,487.75;6,109.50;3,024.00
Oct 17, 2022;Oct 18, 2022;14,472.00;11,165.75;4,162.50;22,059.25;288.00;30,862.50;43,930.50;4,557.00;9,443.00;3,032.75
Oct 18, 2022;Oct 19, 2022;14,472.00;11,214.00;4,711.50;15,731.75;288.00;30,922.50;53,059.50;4,794.50;8,496.00;3,130.75
Oct 19, 2022;Oct 20, 2022;14,472.00;10,483.50;5,877.25;9,807.00;288.00;30,980.50;22,448.00;4,841.00;10,640.75;3,753.00
Oct 20, 2022;Oct 21, 2022;14,472.00;10,582.00;8,015.00;7,695.75;288.00;31,148.75;27,930.75;5,049.50;9,281.00;3,908.75
Oct 21, 2022;Oct 22, 2022;14,472.00;11,249.00;11,919.50;4,771.75;288.00;31,024.25;26,421.00;4,871.50;10,493.00;3,024.00
Oct 22, 2022;Oct 23, 2022;14,472.00;10,032.00;7,510.00;19,161.50;288.00;31,104.25;7,958.00;4,478.25;5,516.75;3,024.00
Oct 23, 2022;Oct 24, 2022;14,472.00;9,779.75;11,666.50;14,047.75;288.00;31,090.50;5,180.00;4,674.25;4,247.50;3,024.00
Oct 24, 2022;Oct 25, 2022;14,472.00;9,542.75;19,689.75;5,391.50;288.00;31,035.00;31,050.25;6,974.25;5,490.75;3,024.00
Oct 25, 2022;Oct 26, 2022;14,472.00;12,110.75;9,653.25;17,810.75;288.00;31,129.25;21,987.75;5,075.75;8,447.75;3,076.25
Oct 26, 2022;Oct 27, 2022;14,472.00;12,461.50;8,184.50;14,036.25;288.00;31,118.25;12,865.25;5,203.75;8,272.75;3,072.75
Oct 27, 2022;Oct 28, 2022;14,472.00;12,531.50;4,580.00;19,841.00;288.00;31,092.50;8,631.75;5,202.00;9,271.75;3,036.25
Oct 28, 2022;Oct 29, 2022;14,472.00;12,653.25;8,324.00;12,211.75;288.00;30,918.00;10,709.75;5,206.75;7,588.00;3,135.75
Oct 29, 2022;Oct 30, 2022;14,472.00;11,207.25;3,373.75;15,722.50;288.00;30,801.00;6,753.50;4,882.25;6,242.50;3,024.00
Oct 30, 2022;Oct 31, 2022;15,075.00;11,720.50;1,105.75;16,741.25;300.00;32,027.50;4,594.50;5,036.00;9,232.25;3,150.00
Oct 31, 2022;Nov 1, 2022;14,472.00;11,716.00;2,267.50;11,703.00;288.00;30,727.75;10,170.25;5,016.75;12,642.75;3,024.00
Nov 1, 2022;Nov 2, 2022;14,472.00;10,132.75;12,787.25;9,555.00;288.00;30,636.00;16,696.00;4,944.00;8,144.75;3,024.00
Nov 2, 2022;Nov 3, 2022;14,472.00;9,243.00;9,530.50;11,986.25;288.00;30,672.25;26,347.75;4,814.00;8,297.00;3,024.00
Nov 3, 2022;Nov 4, 2022;14,472.00;9,945.00;11,598.00;7,476.00;288.00;30,570.50;8,385.75;5,023.25;10,084.00;3,339.00
Nov 4, 2022;Nov 5, 2022;14,472.00;11,324.75;8,114.25;7,009.00;288.00;30,467.25;39,916.75;4,619.75;10,975.75;3,024.00
Nov 5, 2022;Nov 6, 2022;14,472.00;8,980.00;2,854.50;5,726.75;288.00;30,419.75;16,785.75;4,943.25;6,378.25;3,024.00
Nov 6, 2022;Nov 7, 2022;14,472.00;9,329.25;10,071.50;11,774.25;288.00;30,373.25;33,299.00;4,488.25;8,589.25;3,565.50
Nov 7, 2022;Nov 8, 2022;14,472.00;8,865.75;12,707.00;9,745.50;288.00;30,065.00;36,318.25;4,487.25;9,983.00;3,024.00
Nov 8, 2022;Nov 9, 2022;14,472.00;9,441.75;10,134.50;11,859.00;288.00;29,957.75;28,961.75;4,482.75;10,380.75;3,024.00
Nov 9, 2022;Nov 10, 2022;14,472.00;10,254.25;11,946.00;5,262.50;288.00;29,751.75;28,965.25;4,804.75;9,889.25;3,024.00
Nov 10, 2022;Nov 11, 2022;14,472.00;10,445.50;4,560.25;15,592.00;288.00;29,698.75;32,020.00;4,488.00;9,680.50;3,024.00
Nov 11, 2022;Nov 12, 2022;14,472.00;10,924.25;1,935.25;10,005.75;288.00;29,746.00;38,064.25;5,564.00;12,311.25;3,024.00
Nov 12, 2022;Nov 13, 2022;14,472.00;13,793.75;5,073.75;7,550.00;288.00;29,666.75;44,927.00;5,129.50;10,949.25;3,024.00
Nov 13, 2022;Nov 14, 2022;14,472.00;11,034.00;13,590.25;11,235.75;288.00;29,580.50;50,934.25;4,488.00;6,793.00;3,024.00
Nov 14, 2022;Nov 15, 2022;14,472.00;11,322.25;14,745.25;5,575.50;288.00;29,405.75;67,135.50;4,816.75;11,457.75;3,024.00
Nov 15, 2022;Nov 16, 2022;14,472.00;10,473.75;6,252.25;7,716.00;288.00;29,184.00;69,190.00;4,653.50;11,864.50;3,024.00
Nov 16, 2022;Nov 17, 2022;14,472.00;12,061.25;7,438.50;9,635.75;288.00;29,096.25;66,528.00;4,491.75;11,774.75;3,024.00
Nov 17, 2022;Nov 18, 2022;14,472.00;10,448.75;17,080.75;7,629.75;288.00;29,020.50;79,497.25;5,449.00;9,524.50;3,024.00
Nov 18, 2022;Nov 19, 2022;14,472.00;12,238.25;14,078.75;4,404.50;288.00;28,980.00;81,572.75;4,492.75;12,886.25;3,024.00
Nov 19, 2022;Nov 20, 2022;14,472.00;11,716.75;5,727.50;4,972.50;288.00;28,935.75;65,172.75;4,504.00;11,006.50;3,024.00
Nov 20, 2022;Nov 21, 2022;14,472.00;10,094.00;18,447.25;4,606.25;288.00;28,810.75;59,015.75;4,486.50;4,074.75;3,024.00
Nov 21, 2022;Nov 22, 2022;14,472.00;12,804.75;18,050.75;9,752.00;288.00;28,715.75;61,686.75;4,789.50;13,814.50;3,032.50
Nov 22, 2022;Nov 23, 2022;14,472.00;10,634.00;11,675.50;4,547.50;288.00;28,572.25;59,253.50;4,543.00;12,355.00;3,327.25
Nov 23, 2022;Nov 24, 2022;14,472.00;9,819.50;10,715.00;13,811.50;288.00;28,464.50;77,827.00;4,489.50;9,348.75;3,914.75
Nov 24, 2022;Nov 25, 2022;14,472.00;10,856.25;16,416.75;6,841.00;288.00;28,316.25;70,423.00;4,757.00;12,520.50;3,025.75
Nov 25, 2022;Nov 26, 2022;14,472.00;10,042.75;7,888.50;4,533.25;288.00;28,224.50;90,213.75;4,752.50;8,541.00;3,024.00
Nov 26, 2022;Nov 27, 2022;14,472.00;10,098.25;2,466.00;8,681.75;288.00;28,105.00;84,123.00;4,487.75;8,819.25;3,024.00
Nov 27, 2022;Nov 28, 2022;14,472.00;9,860.75;8,392.00;8,038.75;288.00;28,053.00;68,989.00;4,488.00;6,921.00;3,024.00
Nov 28, 2022;Nov 29, 2022;14,472.00;11,048.75;4,821.75;2,909.75;288.00;27,859.75;87,545.00;4,642.25;16,172.75;6,493.50
Nov 29, 2022;Nov 30, 2022;14,472.00;10,944.50;904.25;1,864.75;288.00;27,725.00;74,717.25;6,768.50;14,464.50;5,246.75
Nov 30, 2022;Dec 1, 2022;14,472.00;11,390.00;2,084.00;1,973.25;288.00;27,639.25;81,923.00;6,880.50;12,097.00;5,173.00
Dec 1, 2022;Dec 2, 2022;14,472.00;11,239.75;2,654.25;1,988.25;288.00;27,565.25;82,543.75;8,356.50;13,920.25;5,409.50
Dec 2, 2022;Dec 3, 2022;14,472.00;10,328.00;1,595.50;1,106.00;288.00;27,415.50;89,596.25;7,047.75;9,219.50;5,318.50
Dec 3, 2022;Dec 4, 2022;14,472.00;8,843.75;3,215.00;1,802.50;288.00;27,353.00;78,002.50;10,812.00;7,431.25;4,535.25
Dec 4, 2022;Dec 5, 2022;14,472.00;8,341.25;1,511.75;930.25;288.00;27,237.50;73,180.00;11,441.25;5,855.75;5,642.25
Dec 5, 2022;Dec 6, 2022;14,472.00;9,783.25;3,874.00;2,722.25;288.00;27,050.50;73,040.00;11,609.50;13,792.50;6,940.75
Dec 6, 2022;Dec 7, 2022;14,472.00;9,262.50;2,946.50;3,037.75;288.00;26,979.00;72,578.50;8,449.50;13,053.75;5,214.50
Dec 7, 2022;Dec 8, 2022;14,472.00;8,544.50;4,307.75;4,446.75;288.00;26,883.50;81,534.75;11,812.50;9,713.50;8,256.25
Dec 8, 2022;Dec 9, 2022;14,472.00;8,944.25;3,176.50;5,286.75;288.00;26,786.50;80,434.50;9,767.00;12,274.75;5,421.25
Dec 9, 2022;Dec 10, 2022;14,472.00;9,060.75;2,734.00;2,288.25;288.00;26,728.25;68,898.25;6,176.25;11,769.00;5,362.75
Dec 10, 2022;Dec 11, 2022;14,472.00;7,863.75;1,461.50;1,852.25;288.00;26,648.50;95,832.50;8,874.25;5,183.75;3,024.00
Dec 11, 2022;Dec 12, 2022;14,472.00;7,648.25;1,493.00;2,157.75;288.00;26,548.00;96,357.75;5,546.75;8,004.25;3,024.00
Dec 12, 2022;Dec 13, 2022;14,472.00;10,161.50;2,070.50;4,931.75;288.00;26,367.75;88,912.75;8,905.50;17,715.50;5,946.75
Dec 13, 2022;Dec 14, 2022;14,472.00;10,069.50;14,043.00;4,754.75;288.00;26,331.00;90,083.50;6,129.00;15,821.75;5,739.00
Dec 14, 2022;Dec 15, 2022;14,472.00;9,896.00;4,821.25;534.25;288.00;26,160.75;90,750.25;6,021.50;19,134.25;7,678.75
Dec 15, 2022;Dec 16, 2022;14,472.00;11,933.75;4,242.50;549.25;288.00;26,026.25;80,225.00;6,603.50;16,919.75;7,546.50
Dec 16, 2022;Dec 17, 2022;14,472.00;11,387.25;3,300.00;695.00;288.00;25,913.00;74,098.00;5,758.75;17,371.25;5,082.50
Dec 17, 2022;Dec 18, 2022;14,472.00;10,344.50;3,790.75;1,423.50;288.00;25,822.25;62,819.25;5,162.25;12,695.50;3,439.75
Dec 18, 2022;Dec 19, 2022;14,472.00;9,100.00;6,369.50;1,139.75;288.00;25,563.00;71,009.75;10,460.50;9,806.00;3,024.00
Dec 19, 2022;Dec 20, 2022;14,472.00;9,506.25;9,508.25;1,347.75;288.00;25,461.50;67,007.50;10,887.50;8,535.75;3,024.00
Dec 20, 2022;Dec 21, 2022;14,472.00;9,308.00;12,159.25;1,963.25;288.00;25,313.75;69,355.63;11,134.25;11,222.75;3,810.75
Dec 21, 2022;Dec 22, 2022;14,472.00;9,190.50;21,082.50;2,876.75;288.00;25,099.75;68,825.00;5,732.00;5,247.75;3,024.00
Dec 22, 2022;Dec 23, 2022;14,472.00;10,260.00;30,253.00;3,058.25;288.00;25,002.75;27,305.50;4,488.00;6,118.00;3,024.00
Dec 23, 2022;Dec 24, 2022;14,472.00;11,453.50;24,143.75;1,241.25;288.00;24,833.50;27,533.00;4,488.00;11,207.50;3,024.00
Dec 24, 2022;Dec 25, 2022;14,472.00;13,076.25;17,280.25;4,410.25;288.00;24,785.75;11,399.00;4,485.00;10,149.25;3,024.00
Dec 25, 2022;Dec 26, 2022;14,472.00;13,139.00;11,646.50;8,041.50;288.00;24,659.25;4,526.25;4,478.75;7,312.50;3,024.00
Dec 26, 2022;Dec 27, 2022;14,472.00;13,006.00;24,553.50;1,424.00;288.00;24,573.00;24,216.50;4,488.00;5,330.75;3,024.00
Dec 27, 2022;Dec 28, 2022;14,472.00;13,914.25;11,936.00;8,263.50;288.00;24,579.50;42,540.00;4,484.50;9,530.75;3,024.00
Dec 28, 2022;Dec 29, 2022;14,472.00;13,862.25;17,790.50;6,312.50;288.00;24,418.75;16,303.25;4,469.75;6,554.75;3,024.00
Dec 29, 2022;Dec 30, 2022;14,472.00;13,127.50;21,198.25;3,697.75;288.00;24,168.50;34,518.50;4,480.75;7,348.25;3,024.00
Dec 30, 2022;Dec 31, 2022;14,472.00;12,999.50;15,556.50;6,829.75;288.00;23,637.00;15,437.50;4,477.00;5,210.50;3,024.00
Dec 31, 2022;Jan 1, 2023;14,472.00;12,542.50;18,875.50;8,062.00;288.00;21,702.50;13,493.25;4,488.00;4,705.75;3,024.00
Jan 1, 2023;Jan 2, 2023;14,472.00;12,389.00;14,588.25;9,337.25;288.00;0.00;10,164.75;4,488.00;3,827.00;3,024.00
Jan 2, 2023;Jan 3, 2023;14,472.00;12,203.25;21,536.75;6,112.00;288.00;0.00;6,605.00;4,640.50;5,834.50;3,024.00
Jan 3, 2023;Jan 4, 2023;14,472.00;12,140.25;4,095.50;7,258.75;288.00;0.00;38,918.50;6,423.25;12,654.75;3,024.00
Jan 4, 2023;Jan 5, 2023;14,472.00;11,605.25;29,447.25;2,288.50;288.00;0.00;54,645.25;10,224.75;4,331.50;3,024.00
Jan 5, 2023;Jan 6, 2023;14,472.00;12,084.50;25,389.25;3,248.00;288.00;0.00;60,559.75;7,878.25;12,861.50;3,024.00
Jan 6, 2023;Jan 7, 2023;14,472.00;10,876.00;11,396.75;3,724.50;288.00;0.00;35,353.75;4,804.00;5,944.00;3,024.00
Jan 7, 2023;Jan 8, 2023;14,472.00;10,050.25;8,165.75;8,921.25;288.00;0.00;5,696.00;4,479.00;4,768.75;3,024.00
Jan 8, 2023;Jan 9, 2023;14,472.00;10,405.25;16,322.00;2,472.00;288.00;0.00;5,771.75;4,920.25;5,638.00;3,024.00
Jan 9, 2023;Jan 10, 2023;14,472.00;12,907.25;24,380.25;4,449.50;288.00;0.00;27,612.25;6,954.00;12,010.50;3,024.00
Jan 10, 2023;Jan 11, 2023;14,472.00;13,178.00;16,385.50;5,427.75;288.00;0.00;49,470.00;4,970.25;8,454.25;3,024.00
Jan 11, 2023;Jan 12, 2023;14,472.00;12,642.25;24,156.00;2,119.50;288.00;0.00;54,733.00;4,703.00;8,244.00;3,052.00
Jan 12, 2023;Jan 13, 2023;14,472.00;13,073.50;32,639.75;2,755.25;288.00;0.00;52,048.50;4,463.00;9,773.00;3,024.00
Jan 13, 2023;Jan 14, 2023;14,472.00;13,496.00;31,577.00;5,633.25;288.00;0.00;48,824.50;4,726.50;10,537.50;3,024.00
Jan 14, 2023;Jan 15, 2023;14,472.00;12,146.25;25,790.50;4,036.25;288.00;0.00;36,973.75;8,033.75;5,908.25;3,185.50
Jan 15, 2023;Jan 16, 2023;14,472.00;12,247.00;26,214.25;2,345.50;288.00;0.00;41,547.00;10,548.00;2,941.50;3,024.00
Jan 16, 2023;Jan 17, 2023;14,472.00;13,314.75;27,162.75;3,726.00;288.00;0.00;63,992.50;4,974.75;10,780.50;3,024.00
Jan 17, 2023;Jan 18, 2023;14,472.00;13,662.50;9,414.75;7,383.75;288.00;0.00;92,858.50;9,930.75;12,931.50;6,133.50
Jan 18, 2023;Jan 19, 2023;14,472.00;12,937.50;4,983.00;1,921.25;288.00;0.00;84,320.50;9,157.00;10,135.25;3,038.50
Jan 19, 2023;Jan 20, 2023;14,472.00;11,909.00;7,978.25;3,568.25;288.00;6,828.25;91,154.25;14,239.25;8,534.00;6,403.50
Jan 20, 2023;Jan 21, 2023;14,472.00;11,674.50;967.00;3,875.00;288.00;11,931.00;78,011.25;7,153.50;12,583.50;3,565.75
Jan 21, 2023;Jan 22, 2023;14,472.00;9,852.25;7,523.50;1,966.00;288.00;15,801.75;93,653.75;9,070.75;1,825.00;4,896.50
Jan 22, 2023;Jan 23, 2023;14,472.00;9,645.50;2,181.50;909.50;288.00;19,368.75;95,325.00;6,381.50;7,776.25;3,764.75
Jan 23, 2023;Jan 24, 2023;14,472.00;12,277.50;12,372.75;1,095.75;288.00;20,803.50;72,083.00;7,687.00;15,035.00;4,663.50
Jan 24, 2023;Jan 25, 2023;14,472.00;12,201.00;7,701.25;1,292.50;288.00;20,722.25;70,622.25;10,129.75;15,833.00;4,198.75
Jan 25, 2023;Jan 26, 2023;14,472.00;11,703.50;345.50;1,039.25;288.00;20,754.50;76,663.00;10,360.00;15,927.75;4,885.00
Jan 26, 2023;Jan 27, 2023;14,472.00;11,170.75;22.25;885.50;288.00;20,770.50;78,745.75;11,426.75;12,575.50;4,423.75
Jan 27, 2023;Jan 28, 2023;14,472.00;10,134.25;1,101.50;1,869.25;288.00;20,827.00;77,863.75;8,726.75;11,481.50;3,724.50
Jan 28, 2023;Jan 29, 2023;14,472.00;9,545.50;1,805.25;2,156.75;288.00;20,770.75;71,932.50;6,737.25;7,292.00;3,024.00
Jan 29, 2023;Jan 30, 2023;14,472.00;9,038.00;2,754.00;5,884.00;288.00;20,778.00;39,219.50;10,905.00;5,061.25;3,024.00
Jan 30, 2023;Jan 31, 2023;14,472.00;10,422.00;19,239.75;4,108.50;288.00;20,871.50;50,171.25;11,175.75;11,709.00;5,744.25
Jan 31, 2023;Feb 1, 2023;14,472.00;8,546.00;20,355.25;6,568.25;288.00;20,954.75;50,068.75;12,292.75;9,653.75;6,024.00
Feb 1, 2023;Feb 2, 2023;14,472.00;8,683.25;30,155.75;3,458.50;288.00;20,160.25;45,792.25;12,151.50;8,258.50;5,758.00
Feb 2, 2023;Feb 3, 2023;14,472.00;8,985.75;32,150.50;2,508.75;288.00;20,944.75;56,609.25;8,815.25;6,961.75;3,024.00
Feb 3, 2023;Feb 4, 2023;14,472.00;7,795.00;34,932.25;4,040.50;288.00;20,930.50;63,519.00;11,205.00;3,788.50;8,332.25
Feb 4, 2023;Feb 5, 2023;14,472.00;8,305.00;8,488.00;7,959.75;288.00;20,930.00;60,746.00;5,235.50;6,680.50;3,029.50
Feb 5, 2023;Feb 6, 2023;14,472.00;8,194.00;1,823.00;2,577.00;288.00;20,935.00;55,756.50;4,488.00;1,830.50;3,024.00
Feb 6, 2023;Feb 7, 2023;14,472.00;9,192.00;3,497.25;4,932.00;288.00;20,934.75;66,725.00;5,034.00;9,471.75;3,024.00
Feb 7, 2023;Feb 8, 2023;14,472.00;9,768.75;11,334.00;17,675.25;288.00;20,932.25;72,986.75;4,892.75;10,491.25;5,644.25
Feb 8, 2023;Feb 9, 2023;14,472.00;8,538.75;14,749.50;21,066.50;288.00;20,998.00;73,769.00;7,166.75;5,821.00;5,923.25
Feb 9, 2023;Feb 10, 2023;14,472.00;8,303.25;3,478.75;20,193.00;288.00;21,002.50;64,110.75;11,598.75;8,421.50;3,024.50
Feb 10, 2023;Feb 11, 2023;14,472.00;8,244.25;4,194.50;19,921.75;288.00;21,002.50;65,865.25;7,588.25;6,441.75;3,024.00
Feb 11, 2023;Feb 12, 2023;14,472.00;7,839.75;8,056.75;16,546.50;288.00;21,013.00;76,668.00;12,494.75;2,375.25;3,024.00
Feb 12, 2023;Feb 13, 2023;14,472.00;7,705.50;5,668.25;13,229.25;288.00;20,982.25;68,705.75;6,261.00;3,029.75;3,024.00
Feb 13, 2023;Feb 14, 2023;14,472.00;8,630.00;5,541.25;14,853.50;288.00;20,971.50;66,921.50;6,486.75;9,725.25;3,024.00
Feb 14, 2023;Feb 15, 2023;14,472.00;8,251.00;674.50;14,587.00;288.00;20,966.25;64,635.50;5,184.50;8,149.00;3,024.00
Feb 15, 2023;Feb 16, 2023;14,472.00;9,153.00;1,144.00;16,897.50;288.00;20,989.75;63,514.25;6,398.25;11,008.00;3,024.00
Feb 16, 2023;Feb 17, 2023;14,472.00;8,431.00;11,779.25;19,187.25;288.00;20,932.00;63,467.75;6,629.75;8,288.00;3,024.00
Feb 17, 2023;Feb 18, 2023;14,472.00;7,788.25;30,110.50;6,863.75;288.00;20,917.00;64,584.00;10,355.00;3,748.25;3,024.00
Feb 18, 2023;Feb 19, 2023;14,472.00;7,436.50;31,220.25;8,608.25;288.00;20,897.75;25,593.25;5,650.75;4,299.00;3,024.00
Feb 19, 2023;Feb 20, 2023;14,472.00;7,537.00;24,732.00;7,275.50;288.00;20,932.25;13,106.00;4,473.50;7,857.00;3,024.00
Feb 20, 2023;Feb 21, 2023;14,472.00;8,147.00;18,586.50;24,138.00;288.00;20,917.25;44,346.75;10,266.75;6,025.50;3,828.50
Feb 21, 2023;Feb 22, 2023;14,472.00;8,133.75;5,002.75;24,308.25;288.00;20,938.25;50,757.25;6,182.00;9,243.75;4,225.00
Feb 22, 2023;Feb 23, 2023;14,472.00;8,580.00;4,034.50;17,764.00;288.00;20,889.25;41,764.00;6,693.50;5,037.25;4,787.75
Feb 23, 2023;Feb 24, 2023;14,472.00;8,473.25;1,330.75;10,047.00;288.00;20,845.75;44,004.00;9,064.75;7,834.50;3,131.00
Feb 24, 2023;Feb 25, 2023;14,472.00;7,867.75;7,458.50;8,567.00;288.00;20,839.00;55,477.75;12,576.00;4,007.25;5,756.75
Feb 25, 2023;Feb 26, 2023;14,472.00;8,091.50;13,690.25;9,753.00;288.00;20,964.75;41,740.50;10,586.00;3,453.75;3,024.00
Feb 26, 2023;Feb 27, 2023;14,472.00;7,916.00;21,228.00;8,064.75;288.00;20,943.25;25,975.00;5,778.00;3,259.50;3,024.00
Feb 27, 2023;Feb 28, 2023;14,472.00;9,032.75;26,416.75;16,448.00;288.00;20,941.75;49,548.75;5,124.00;7,555.50;3,024.00
Feb 28, 2023;Mar 1, 2023;14,472.00;8,942.75;17,531.50;16,075.00;288.00;20,932.50;47,940.50;5,186.00;8,671.00;4,458.50
Mar 1, 2023;Mar 2, 2023;14,472.00;8,673.00;16,613.00;21,712.50;288.00;20,927.00;37,699.25;7,212.00;6,675.75;4,913.00
Mar 2, 2023;Mar 3, 2023;14,472.00;8,299.75;10,676.50;17,381.75;288.00;20,932.75;39,004.75;5,176.25;9,524.25;4,670.25
Mar 3, 2023;Mar 4, 2023;14,472.00;9,054.25;2,245.00;18,207.25;288.00;20,954.75;48,897.50;10,806.75;11,265.50;7,593.75
Mar 4, 2023;Mar 5, 2023;14,472.00;7,664.00;3,533.75;14,791.00;288.00;20,952.50;47,503.25;12,793.00;4,903.25;4,177.75
Mar 5, 2023;Mar 6, 2023;14,472.00;7,655.50;2,038.50;7,054.00;288.00;20,967.00;42,443.00;11,977.00;5,763.75;3,024.00
Mar 6, 2023;Mar 7, 2023;14,472.00;9,166.00;7,136.00;7,681.00;288.00;20,900.25;35,888.50;6,590.00;11,930.00;3,024.00
Mar 7, 2023;Mar 8, 2023;14,472.00;8,056.25;22,941.75;15,387.25;288.00;20,897.25;44,510.00;12,326.25;5,520.25;3,616.25
Mar 8, 2023;Mar 9, 2023;14,472.00;8,675.25;24,694.00;6,605.25;288.00;20,886.75;30,589.50;6,813.75;10,754.75;3,024.00
Mar 9, 2023;Mar 10, 2023;14,472.00;10,030.75;30,582.75;16,103.00;288.00;20,863.75;19,090.50;4,579.25;10,299.25;3,024.00
Mar 10, 2023;Mar 11, 2023;14,472.00;9,334.50;32,360.00;9,888.75;288.00;20,833.00;17,670.25;4,784.75;6,173.00;3,024.00
Mar 11, 2023;Mar 12, 2023;14,472.00;10,407.00;8,052.00;22,715.50;288.00;20,926.75;31,293.50;10,309.50;8,651.75;3,024.00
Mar 12, 2023;Mar 13, 2023;14,472.00;9,625.00;13,832.50;11,603.00;288.00;20,916.25;25,598.50;10,692.75;4,705.50;3,024.00
Mar 13, 2023;Mar 14, 2023;14,472.00;10,435.25;22,949.25;20,633.25;288.00;20,760.00;34,372.75;10,938.75;7,538.50;3,024.00
Mar 14, 2023;Mar 15, 2023;14,472.00;13,676.25;27,238.25;12,528.25;288.00;20,817.00;36,113.25;10,678.00;7,293.25;3,173.00
Mar 15, 2023;Mar 16, 2023;14,472.00;14,424.00;7,605.50;19,798.00;288.00;20,874.25;38,273.25;4,734.75;10,732.00;3,024.00
Mar 16, 2023;Mar 17, 2023;14,472.00;12,334.00;7,815.25;30,355.25;288.00;20,880.00;21,685.25;6,548.00;4,337.25;3,024.00
Mar 17, 2023;Mar 18, 2023;14,472.00;12,347.25;6,813.75;24,634.25;288.00;20,808.75;34,825.75;5,288.25;10,707.00;3,024.00
Mar 18, 2023;Mar 19, 2023;14,472.00;11,296.00;4,251.75;29,113.75;288.00;20,739.75;10,908.75;4,668.75;4,965.75;3,024.00
Mar 19, 2023;Mar 20, 2023;14,472.00;10,956.50;5,200.25;17,510.25;288.00;20,745.25;10,639.00;5,040.75;4,883.50;3,192.50
Mar 20, 2023;Mar 21, 2023;14,472.00;10,989.00;4,648.25;15,184.25;288.00;20,776.25;19,098.00;5,200.50;10,541.50;3,024.00
Mar 21, 2023;Mar 22, 2023;14,472.00;10,316.25;2,192.25;20,787.50;288.00;20,809.50;26,854.75;4,488.25;6,805.50;3,024.00
Mar 22, 2023;Mar 23, 2023;14,472.00;10,020.00;11,086.50;31,390.00;288.00;20,826.00;38,726.50;4,468.75;6,136.75;3,024.00
Mar 23, 2023;Mar 24, 2023;14,472.00;10,211.50;19,318.50;10,493.00;288.00;20,843.00;45,914.00;4,686.25;10,916.75;3,024.00
Mar 24, 2023;Mar 25, 2023;14,472.00;10,659.50;25,897.50;8,765.25;288.00;20,841.00;45,814.75;4,808.25;7,004.25;3,024.00
Mar 25, 2023;Mar 26, 2023;14,472.00;11,130.25;26,842.75;21,794.00;288.00;20,931.25;22,910.50;4,467.50;3,994.75;3,024.00
Mar 26, 2023;Mar 27, 2023;13,869.00;10,601.00;18,401.75;16,134.00;276.00;20,057.75;5,500.75;4,281.50;2,820.00;2,898.00
Mar 27, 2023;Mar 28, 2023;14,472.00;12,305.50;16,251.25;22,817.25;288.00;20,912.25;34,617.75;4,580.75;9,327.00;3,024.00
Mar 28, 2023;Mar 29, 2023;14,472.00;12,405.75;6,380.00;33,121.75;288.00;20,911.75;48,189.75;6,744.75;9,659.75;3,024.00
Mar 29, 2023;Mar 30, 2023;14,472.00;11,961.00;12,403.75;16,262.50;288.00;20,921.25;20,567.50;4,487.00;11,884.25;3,024.00
Mar 30, 2023;Mar 31, 2023;14,472.00;11,268.50;24,662.75;12,447.50;288.00;20,912.50;18,563.75;4,524.75;7,032.25;3,024.00
Mar 31, 2023;Apr 1, 2023;14,472.00;12,956.50;27,114.25;19,184.75;288.00;20,924.00;7,793.00;5,199.50;11,312.50;3,024.00
Apr 1, 2023;Apr 2, 2023;14,472.00;13,598.00;30,093.00;10,793.00;288.00;20,941.50;15,572.00;4,469.00;6,715.75;3,024.00
Apr 2, 2023;Apr 3, 2023;14,472.00;12,532.75;10,458.50;13,094.50;288.00;20,923.50;13,418.25;4,471.00;6,215.50;3,024.00
Apr 3, 2023;Apr 4, 2023;14,472.00;13,055.00;12,473.25;18,853.00;288.00;20,906.25;38,212.75;4,672.00;7,052.25;3,024.00
Apr 4, 2023;Apr 5, 2023;14,472.00;12,925.25;10,164.25;40,032.25;288.00;20,918.25;45,339.50;4,685.25;9,537.75;3,024.00
Apr 5, 2023;Apr 6, 2023;14,472.00;11,810.25;2,234.75;39,248.50;288.00;20,914.25;38,162.75;7,027.50;8,345.25;3,024.00
Apr 6, 2023;Apr 7, 2023;14,472.00;11,699.50;1,603.75;34,919.75;288.00;20,906.00;34,975.50;4,763.50;7,577.00;3,633.00
Apr 7, 2023;Apr 8, 2023;14,472.00;10,647.25;2,148.00;19,053.50;288.00;20,912.50;12,689.50;4,464.00;4,475.25;3,024.00
Apr 8, 2023;Apr 9, 2023;14,472.00;11,743.75;1,997.75;13,560.25;288.00;20,933.75;4,719.25;4,464.00;12,753.25;3,024.00
Apr 9, 2023;Apr 10, 2023;14,472.00;10,968.00;4,472.25;31,833.25;288.00;20,975.50;3,699.00;4,467.00;5,947.75;3,024.00
Apr 10, 2023;Apr 11, 2023;14,472.00;9,863.25;11,131.75;34,902.25;288.00;20,981.00;3,580.25;4,478.25;3,992.25;3,024.00
Apr 11, 2023;Apr 12, 2023;14,472.00;9,829.00;17,077.25;23,584.75;288.00;20,901.00;16,228.75;4,923.50;13,729.75;3,342.00
Apr 12, 2023;Apr 13, 2023;14,472.00;10,958.25;15,634.00;13,441.00;288.00;20,654.75;19,828.00;5,078.00;8,296.75;3,059.00
Apr 13, 2023;Apr 14, 2023;14,472.00;12,166.75;11,386.50;19,346.50;288.00;20,370.00;13,206.00;5,187.75;8,364.75;3,024.00
Apr 14, 2023;Apr 15, 2023;14,472.00;11,658.75;3,309.50;33,282.50;288.00;20,142.50;30,004.00;4,488.00;9,307.25;3,024.00
Apr 15, 2023;Apr 16, 2023;14,472.00;10,382.25;5,712.00;20,289.00;288.00;18,684.75;7,836.50;4,852.75;5,359.75;3,024.00
Apr 16, 2023;Apr 17, 2023;14,472.00;11,988.00;7,519.25;6,367.00;288.00;0.00;7,961.50;5,208.00;6,448.50;3,024.00
Apr 17, 2023;Apr 18, 2023;14,472.00;14,184.75;6,337.50;15,880.00;288.00;0.00;10,910.50;5,201.00;10,968.25;3,024.00
Apr 18, 2023;Apr 19, 2023;14,472.00;12,951.75;14,033.50;16,729.25;288.00;0.00;29,409.25;5,198.50;10,370.75;3,024.00
Apr 19, 2023;Apr 20, 2023;14,472.00;11,979.50;9,388.75;13,917.75;288.00;0.00;44,081.50;8,037.00;7,514.00;6,611.00
Apr 20, 2023;Apr 21, 2023;14,472.00;12,147.50;7,299.50;13,065.25;288.00;0.00;35,286.25;5,183.75;12,188.50;3,024.00
Apr 21, 2023;Apr 22, 2023;14,472.00;12,283.75;2,843.50;34,180.00;288.00;0.00;36,486.75;5,004.25;7,711.00;6,120.25
Apr 22, 2023;Apr 23, 2023;14,472.00;11,262.75;4,889.50;28,132.25;288.00;0.00;15,701.25;4,883.25;5,781.00;3,024.00
Apr 23, 2023;Apr 24, 2023;14,472.00;11,335.00;9,025.00;28,220.00;288.00;0.00;4,628.50;4,839.25;2,762.75;3,024.00
Apr 24, 2023;Apr 25, 2023;14,472.00;12,717.75;19,313.25;22,335.00;288.00;0.00;25,792.00;4,953.25;7,149.75;3,024.00
Apr 25, 2023;Apr 26, 2023;14,472.00;12,059.50;5,719.50;17,195.75;288.00;0.00;53,861.25;10,514.25;6,879.00;3,024.00
Apr 26, 2023;Apr 27, 2023;14,472.00;12,780.25;1,037.75;31,805.75;288.00;0.00;33,806.00;6,923.25;10,292.00;3,749.50
Apr 27, 2023;Apr 28, 2023;14,472.00;13,123.50;685.75;33,289.75;288.00;0.00;10,659.50;6,894.50;8,732.75;3,024.00
Apr 28, 2023;Apr 29, 2023;14,472.00;13,517.00;8,916.50;11,253.75;288.00;0.00;6,165.50;5,202.75;12,954.75;3,024.00
Apr 29, 2023;Apr 30, 2023;14,472.00;13,943.75;5,223.75;24,973.75;288.00;0.00;3,952.50;5,204.25;6,954.25;3,024.00
Apr 30, 2023;May 1, 2023;14,472.00;13,187.50;7,066.25;29,388.75;288.00;0.00;13,934.50;4,841.75;8,719.50;3,024.00
May 1, 2023;May 2, 2023;14,472.00;14,057.50;3,964.50;20,408.50;288.00;0.00;11,410.00;4,836.50;3,827.25;3,024.00
May 2, 2023;May 3, 2023;14,472.00;15,912.50;4,694.25;29,251.75;288.00;0.00;7,875.00;4,536.25;9,069.75;3,024.00
May 3, 2023;May 4, 2023;14,472.00;15,359.75;6,654.50;39,541.25;288.00;0.00;5,696.00;4,634.00;7,688.25;3,024.00
May 4, 2023;May 5, 2023;14,472.00;15,221.50;9,071.50;43,515.50;288.00;0.00;6,737.50;4,793.75;7,640.75;3,024.00
May 5, 2023;May 6, 2023;14,472.00;14,456.00;4,539.75;24,821.25;288.00;0.00;26,019.00;5,200.00;9,829.25;3,024.00
May 6, 2023;May 7, 2023;14,472.00;13,800.25;1,212.00;35,883.00;288.00;0.00;5,153.25;4,977.25;6,226.25;3,024.00
May 7, 2023;May 8, 2023;14,472.00;14,104.75;3,092.50;28,157.00;288.00;0.00;14,401.50;4,919.00;3,042.50;3,024.00
May 8, 2023;May 9, 2023;14,472.00;15,095.75;1,472.50;15,906.50;288.00;0.00;19,823.00;5,393.25;11,652.75;3,241.00
May 9, 2023;May 10, 2023;14,472.00;15,686.75;4,644.25;28,095.00;288.00;0.00;33,145.00;5,187.50;7,977.25;3,024.00
May 10, 2023;May 11, 2023;14,472.00;15,710.50;8,802.25;19,719.75;288.00;0.00;17,084.25;5,209.25;9,342.00;3,123.75
May 11, 2023;May 12, 2023;14,472.00;15,067.00;1,558.50;17,027.00;288.00;0.00;18,484.25;5,156.25;12,137.00;3,024.00
May 12, 2023;May 13, 2023;14,472.00;15,548.00;5,128.75;18,637.00;288.00;0.00;18,345.75;4,484.25;10,314.25;3,024.00
May 13, 2023;May 14, 2023;14,472.00;15,457.00;6,500.75;18,023.00;288.00;0.00;10,687.50;4,468.00;7,607.75;3,024.00
May 14, 2023;May 15, 2023;14,472.00;15,335.50;2,659.25;25,506.00;288.00;0.00;9,737.75;4,696.50;5,027.25;3,024.00
May 15, 2023;May 16, 2023;14,472.00;16,463.00;2,932.50;29,598.75;288.00;0.00;5,151.75;4,699.00;8,748.25;3,024.00
May 16, 2023;May 17, 2023;14,472.00;15,782.50;11,774.00;13,078.50;288.00;0.00;15,108.75;4,708.75;7,494.75;3,024.00
May 17, 2023;May 18, 2023;14,472.00;14,830.25;8,794.25;30,599.50;288.00;0.00;9,947.75;4,720.50;9,034.75;3,024.00
May 18, 2023;May 19, 2023;14,472.00;14,968.75;12,023.75;36,146.25;288.00;0.00;3,952.00;4,777.25;6,748.00;3,024.00
May 19, 2023;May 20, 2023;14,472.00;15,324.50;7,990.25;22,092.00;288.00;0.00;4,917.75;4,592.00;7,083.75;3,024.00
May 20, 2023;May 21, 2023;14,472.00;14,984.50;10,713.75;31,991.25;288.00;0.00;4,682.75;4,487.75;6,829.00;3,024.00
May 21, 2023;May 22, 2023;14,472.00;14,536.25;6,659.75;36,207.75;288.00;0.00;14,082.00;4,531.25;6,551.00;3,024.00
May 22, 2023;May 23, 2023;14,472.00;15,078.50;2,965.25;37,449.25;288.00;0.00;13,366.50;4,753.00;11,847.75;3,024.00
May 23, 2023;May 24, 2023;14,472.00;15,304.00;7,240.75;24,951.00;288.00;0.00;8,778.75;4,571.00;7,764.75;3,034.25
May 24, 2023;May 25, 2023;14,472.00;15,893.75;4,223.50;26,976.25;288.00;0.00;5,309.25;4,615.25;9,158.25;3,054.25
May 25, 2023;May 26, 2023;14,472.00;14,842.25;11,079.50;38,391.00;288.00;0.00;5,520.50;4,720.25;6,751.00;3,024.00
May 26, 2023;May 27, 2023;14,472.00;15,003.25;8,443.50;43,778.50;288.00;0.00;5,297.75;4,663.50;8,434.00;3,024.00
May 27, 2023;May 28, 2023;14,472.00;14,823.25;11,258.25;45,224.75;288.00;0.00;3,950.75;4,651.50;8,033.50;3,024.00
May 28, 2023;May 29, 2023;14,472.00;13,892.75;6,021.75;45,957.00;288.00;0.00;15,514.75;4,524.50;6,310.25;3,024.00
May 29, 2023;May 30, 2023;14,472.00;13,349.25;9,945.00;45,730.50;288.00;0.00;4,100.75;4,480.75;3,963.50;3,024.00
May 30, 2023;May 31, 2023;14,472.00;14,384.75;13,276.50;43,760.25;288.00;0.00;9,001.75;4,470.00;10,816.50;3,024.00
May 31, 2023;Jun 1, 2023;14,472.00;14,888.25;16,520.00;48,154.25;288.00;0.00;6,700.50;4,474.00;8,934.50;3,024.00
Jun 1, 2023;Jun 2, 2023;14,472.00;15,280.25;5,181.00;44,808.75;288.00;0.00;20,154.25;4,485.00;9,914.50;3,024.00
Jun 2, 2023;Jun 3, 2023;14,472.00;14,790.75;6,720.50;46,208.50;288.00;0.00;6,833.25;4,711.75;10,801.50;3,024.00
Jun 3, 2023;Jun 4, 2023;14,472.00;13,641.00;10,116.75;44,485.00;288.00;0.00;4,373.50;4,488.00;7,402.75;3,024.00
Jun 4, 2023;Jun 5, 2023;14,472.00;14,063.25;7,203.75;43,546.00;288.00;0.00;8,062.25;4,487.50;5,983.50;3,024.00
Jun 5, 2023;Jun 6, 2023;14,472.00;12,795.50;6,907.75;42,811.25;288.00;0.00;6,625.25;4,468.00;9,258.75;3,024.00
Jun 6, 2023;Jun 7, 2023;14,472.00;14,056.25;5,490.00;41,982.25;288.00;0.00;13,787.25;4,469.00;9,498.50;3,024.00
Jun 7, 2023;Jun 8, 2023;14,472.00;13,218.25;953.25;41,149.00;288.00;0.00;21,396.00;4,470.00;7,958.50;3,024.00
Jun 8, 2023;Jun 9, 2023;14,472.00;12,930.50;4,125.00;35,549.00;288.00;0.00;5,764.75;4,501.00;8,637.50;3,024.00
Jun 9, 2023;Jun 10, 2023;14,472.00;13,171.25;7,394.25;43,774.25;288.00;0.00;5,619.25;4,474.25;6,675.00;3,024.00
Jun 10, 2023;Jun 11, 2023;14,472.00;13,240.25;9,300.75;41,941.75;288.00;0.00;3,879.25;4,488.00;9,263.75;3,024.00
Jun 11, 2023;Jun 12, 2023;14,472.00;12,942.50;10,856.25;45,559.00;288.00;0.00;3,082.50;4,485.25;5,235.25;3,024.00
Jun 12, 2023;Jun 13, 2023;14,472.00;12,715.50;11,650.25;46,186.50;288.00;0.00;9,390.75;4,651.25;8,479.00;3,437.75
Jun 13, 2023;Jun 14, 2023;14,472.00;11,903.25;14,115.00;48,500.50;288.00;0.00;7,049.00;4,487.00;8,001.75;3,024.00
Jun 14, 2023;Jun 15, 2023;14,472.00;13,075.00;6,445.25;43,754.25;288.00;0.00;7,042.25;4,488.00;9,446.75;3,040.25
Jun 15, 2023;Jun 16, 2023;14,472.00;13,377.00;4,118.75;41,000.00;288.00;0.00;15,562.50;4,488.00;7,366.50;3,024.00
Jun 16, 2023;Jun 17, 2023;14,472.00;12,432.25;2,549.25;40,164.50;288.00;0.00;34,649.50;4,488.00;7,218.25;3,024.00
Jun 17, 2023;Jun 18, 2023;14,472.00;11,520.75;1,054.00;42,968.25;288.00;0.00;6,969.75;4,655.00;7,602.00;3,024.00
Jun 18, 2023;Jun 19, 2023;14,472.00;10,735.75;1,375.00;41,599.00;288.00;0.00;10,728.75;4,488.00;6,407.50;3,024.00
Jun 19, 2023;Jun 20, 2023;14,472.00;11,197.50;5,662.75;35,540.25;288.00;0.00;10,472.25;4,498.00;9,158.00;3,024.00
Jun 20, 2023;Jun 21, 2023;14,472.00;12,448.75;5,351.25;44,350.75;288.00;0.00;10,445.75;4,559.00;6,512.00;3,828.75
Jun 21, 2023;Jun 22, 2023;14,472.00;12,812.25;2,813.25;29,741.25;288.00;0.00;9,501.25;4,510.50;6,169.75;3,081.25
Jun 22, 2023;Jun 23, 2023;14,472.00;12,159.75;9,613.75;30,747.00;288.00;0.00;9,404.00;6,232.25;6,184.00;3,052.00
Jun 23, 2023;Jun 24, 2023;14,472.00;13,049.25;17,278.25;31,031.75;288.00;0.00;8,006.00;4,488.00;9,163.50;3,024.00
Jun 24, 2023;Jun 25, 2023;14,472.00;13,080.25;1,077.25;44,943.25;288.00;0.00;6,125.25;4,510.00;6,647.50;3,024.00
Jun 25, 2023;Jun 26, 2023;14,472.00;12,320.00;3,930.25;47,183.25;288.00;0.00;6,334.25;5,889.00;7,073.00;3,282.75
Jun 26, 2023;Jun 27, 2023;14,472.00;12,181.00;10,181.50;40,491.50;288.00;0.00;8,076.75;4,639.75;5,498.25;3,024.00
Jun 27, 2023;Jun 28, 2023;14,472.00;12,413.50;2,778.25;34,722.75;288.00;0.00;13,389.50;4,565.75;6,666.75;3,024.00
Jun 28, 2023;Jun 29, 2023;14,472.00;11,308.25;640.75;33,240.75;288.00;0.00;20,868.75;4,728.00;6,156.75;3,024.00
Jun 29, 2023;Jun 30, 2023;14,472.00;12,265.00;695.50;33,978.75;288.00;0.00;6,282.75;4,728.00;8,239.50;3,024.00
Jun 30, 2023;Jul 1, 2023;14,472.00;12,245.75;2,930.00;17,236.25;288.00;0.00;6,047.00;4,726.75;6,863.00;3,024.00
Jul 1, 2023;Jul 2, 2023;14,472.00;10,708.75;10,468.75;31,026.25;288.00;0.00;4,257.50;4,544.50;4,593.50;3,024.00
Jul 2, 2023;Jul 3, 2023;14,472.00;10,255.75;10,599.00;38,645.00;288.00;0.00;4,657.75;4,488.00;3,897.50;3,024.00
Jul 3, 2023;Jul 4, 2023;14,472.00;11,333.50;13,421.25;31,765.00;288.00;0.00;23,425.00;4,859.50;6,516.25;3,244.00
Jul 4, 2023;Jul 5, 2023;14,472.00;11,800.00;5,762.50;37,008.50;288.00;0.00;26,893.50;11,173.25;7,172.25;3,335.75
Jul 5, 2023;Jul 6, 2023;14,472.00;10,622.25;13,949.50;39,031.25;288.00;0.00;21,950.25;4,487.50;5,483.75;3,024.00
Jul 6, 2023;Jul 7, 2023;14,472.00;12,567.50;569.00;42,843.00;288.00;0.00;20,898.25;7,350.25;7,660.50;3,024.00
Jul 7, 2023;Jul 8, 2023;14,472.00;11,571.75;4,403.75;46,222.25;288.00;0.00;5,768.75;4,879.50;8,947.75;3,024.00
Jul 8, 2023;Jul 9, 2023;14,472.00;12,215.25;5,526.75;39,162.50;288.00;0.00;4,378.00;4,478.25;5,241.50;3,024.00
Jul 9, 2023;Jul 10, 2023;14,472.00;11,709.25;741.75;42,414.00;288.00;0.00;3,765.25;4,529.00;5,577.25;3,024.00
Jul 10, 2023;Jul 11, 2023;14,472.00;11,730.25;7,616.75;36,420.50;288.00;0.00;16,638.75;7,444.25;10,989.50;3,024.50
Jul 11, 2023;Jul 12, 2023;14,472.00;10,576.25;3,618.00;41,260.00;288.00;0.00;7,651.50;5,068.50;8,715.00;3,024.00
Jul 12, 2023;Jul 13, 2023;14,472.00;11,475.00;12,684.75;32,414.75;288.00;0.00;17,018.50;4,620.25;6,749.50;3,024.00
Jul 13, 2023;Jul 14, 2023;14,472.00;13,457.75;5,793.75;37,261.25;288.00;0.00;11,077.25;4,809.25;9,387.00;3,024.00
Jul 14, 2023;Jul 15, 2023;14,472.00;13,157.00;2,174.50;38,744.50;288.00;0.00;6,002.25;4,726.25;7,338.75;3,024.00
Jul 15, 2023;Jul 16, 2023;14,472.00;11,033.00;8,920.75;38,027.00;288.00;0.00;5,254.00;4,546.50;5,857.25;3,024.00
Jul 16, 2023;Jul 17, 2023;14,472.00;10,265.25;6,348.75;35,848.50;288.00;0.00;9,947.00;4,527.25;4,057.00;3,024.00
Jul 17, 2023;Jul 18, 2023;14,472.00;10,877.00;6,327.50;38,384.25;288.00;0.00;23,723.00;6,951.25;8,310.00;3,024.00
Jul 18, 2023;Jul 19, 2023;14,472.00;11,840.00;1,958.25;32,676.25;288.00;0.00;17,572.00;5,003.75;10,101.25;3,050.25
Jul 19, 2023;Jul 20, 2023;14,472.00;11,846.25;7,278.00;38,104.50;288.00;0.00;15,068.50;4,965.75;8,265.00;3,024.00
Jul 20, 2023;Jul 21, 2023;14,472.00;12,638.75;4,477.50;39,188.00;288.00;0.00;15,811.75;4,922.25;9,564.75;3,024.00
Jul 21, 2023;Jul 22, 2023;14,472.00;11,065.50;4,154.75;25,174.00;288.00;0.00;16,324.75;4,889.50;9,637.50;3,024.00
Jul 22, 2023;Jul 23, 2023;14,472.00;10,281.50;6,140.00;37,584.50;288.00;0.00;4,733.25;4,681.75;6,355.00;3,024.00
Jul 23, 2023;Jul 24, 2023;14,472.00;9,992.25;14,292.75;31,424.50;288.00;0.00;7,051.25;4,468.25;4,157.00;3,024.00
Jul 24, 2023;Jul 25, 2023;14,472.00;10,702.75;13,432.00;17,997.75;288.00;0.00;12,748.75;4,922.00;8,697.25;3,024.00
Jul 25, 2023;Jul 26, 2023;14,472.00;12,542.75;8,273.50;23,536.00;288.00;0.00;10,404.75;5,040.25;8,328.75;3,024.00
Jul 26, 2023;Jul 27, 2023;14,472.00;14,286.25;7,989.25;25,034.75;288.00;0.00;11,516.25;5,098.25;5,453.00;3,024.00
Jul 27, 2023;Jul 28, 2023;14,472.00;14,224.25;13,857.00;16,771.25;288.00;0.00;11,010.75;4,902.25;7,310.75;3,024.00
Jul 28, 2023;Jul 29, 2023;14,472.00;13,215.25;11,148.75;17,667.50;288.00;0.00;6,126.50;4,967.75;9,900.75;3,024.00
Jul 29, 2023;Jul 30, 2023;14,472.00;12,453.50;12,810.25;27,312.75;288.00;0.00;4,095.00;4,813.00;8,604.25;3,024.00
Jul 30, 2023;Jul 31, 2023;14,472.00;12,200.50;14,123.25;31,997.00;288.00;0.00;6,633.25;4,570.00;3,012.25;3,024.00
Jul 31, 2023;Aug 1, 2023;14,472.00;12,864.25;15,368.25;29,053.25;288.00;0.00;6,136.75;4,666.00;5,863.00;3,024.00
Aug 1, 2023;Aug 2, 2023;14,472.00;11,912.75;24,026.00;23,100.75;288.00;0.00;11,828.75;4,545.75;7,757.25;3,024.00
Aug 2, 2023;Aug 3, 2023;14,472.00;12,418.00;22,681.25;18,188.00;288.00;0.00;15,804.50;4,612.75;9,136.75;3,842.50
Aug 3, 2023;Aug 4, 2023;14,472.00;12,233.25;29,181.50;32,787.50;288.00;0.00;10,597.00;4,495.50;6,949.50;3,024.00
Aug 4, 2023;Aug 5, 2023;14,472.00;12,675.50;3,124.00;24,233.25;288.00;0.00;13,444.75;4,650.50;10,567.50;3,024.00
Aug 5, 2023;Aug 6, 2023;14,472.00;13,896.25;3,046.25;29,130.50;288.00;0.00;5,713.25;4,579.50;6,899.00;3,024.00
Aug 6, 2023;Aug 7, 2023;14,472.00;14,957.25;24,229.75;15,846.75;288.00;0.00;4,232.75;4,512.00;6,882.50;3,024.00
Aug 7, 2023;Aug 8, 2023;14,472.00;14,584.75;24,064.00;24,389.25;288.00;0.00;30,201.75;4,512.00;6,068.00;3,201.75
Aug 8, 2023;Aug 9, 2023;14,472.00;14,848.00;13,204.75;34,891.00;288.00;0.00;33,056.75;4,512.00;7,217.25;3,062.25
Aug 9, 2023;Aug 10, 2023;14,472.00;14,589.50;10,236.25;17,065.00;288.00;0.00;21,519.25;4,512.00;7,838.50;3,024.00
Aug 10, 2023;Aug 11, 2023;14,472.00;13,779.75;169.25;41,642.75;288.00;0.00;5,012.25;4,512.00;7,016.50;3,050.50
Aug 11, 2023;Aug 12, 2023;14,472.00;13,459.75;627.00;42,399.75;288.00;0.00;4,835.75;4,512.00;8,147.75;3,024.00
Aug 12, 2023;Aug 13, 2023;14,472.00;12,679.25;4,782.25;25,984.75;288.00;0.00;4,453.50;4,512.00;6,104.00;3,024.00
Aug 13, 2023;Aug 14, 2023;14,472.00;11,340.25;837.50;28,339.50;288.00;0.00;3,635.00;4,512.00;4,295.50;3,024.00
Aug 14, 2023;Aug 15, 2023;14,472.00;12,039.00;1,500.25;32,756.25;288.00;0.00;12,299.75;4,513.25;8,595.25;3,024.00
Aug 15, 2023;Aug 16, 2023;14,472.00;12,461.25;2,630.00;29,934.00;288.00;0.00;6,293.75;4,512.00;10,116.50;3,065.00
Aug 16, 2023;Aug 17, 2023;14,472.00;12,149.75;2,291.25;35,398.75;288.00;0.00;5,845.50;4,512.00;5,399.25;3,024.00
Aug 17, 2023;Aug 18, 2023;14,472.00;12,334.50;2,291.00;29,315.00;288.00;0.00;5,654.75;4,512.00;8,321.25;3,465.25
Aug 18, 2023;Aug 19, 2023;14,472.00;12,652.00;4,049.00;40,830.25;288.00;0.00;5,790.00;4,512.00;10,102.75;3,024.00
Aug 19, 2023;Aug 20, 2023;14,472.00;12,256.50;4,453.75;33,671.75;288.00;0.00;5,318.50;4,512.00;8,221.00;3,024.00
Aug 20, 2023;Aug 21, 2023;14,472.00;12,301.50;670.50;37,837.75;288.00;0.00;3,927.25;4,512.00;7,328.00;3,024.00
Aug 21, 2023;Aug 22, 2023;14,472.00;11,667.75;645.00;36,893.50;288.00;0.00;13,882.25;4,512.00;8,664.25;3,482.50
Aug 22, 2023;Aug 23, 2023;14,472.00;10,652.00;1,671.00;37,704.25;288.00;0.00;28,129.00;4,512.00;7,740.50;3,585.25
Aug 23, 2023;Aug 24, 2023;14,472.00;11,566.50;719.25;36,352.00;288.00;0.00;25,197.25;4,674.00;8,463.25;3,332.50
Aug 24, 2023;Aug 25, 2023;14,472.00;11,349.75;5,021.00;31,060.25;288.00;0.00;28,273.00;4,519.00;7,471.25;3,024.00
Aug 25, 2023;Aug 26, 2023;14,472.00;12,433.50;14,817.25;17,186.25;288.00;0.00;27,855.25;4,512.00;10,638.25;3,024.00
Aug 26, 2023;Aug 27, 2023;14,472.00;11,535.00;4,636.50;14,114.25;288.00;0.00;4,879.25;4,512.00;2,779.00;3,024.00
Aug 27, 2023;Aug 28, 2023;14,472.00;12,415.75;2,126.50;12,075.25;288.00;0.00;3,870.50;4,512.00;3,652.50;3,024.00
Aug 28, 2023;Aug 29, 2023;14,472.00;15,318.25;5,595.75;10,441.50;288.00;0.00;25,092.00;4,510.75;8,064.50;3,024.00
Aug 29, 2023;Aug 30, 2023;14,472.00;15,067.75;3,421.50;12,136.25;288.00;0.00;38,577.75;4,511.50;8,615.50;3,024.00
Aug 30, 2023;Aug 31, 2023;14,472.00;15,384.00;4,231.25;26,311.00;288.00;0.00;26,019.50;4,624.25;8,248.50;3,024.00
Aug 31, 2023;Sep 1, 2023;14,472.00;15,813.25;10,041.00;24,746.75;288.00;0.00;7,272.50;4,503.00;5,906.75;3,024.00
Sep 1, 2023;Sep 2, 2023;14,472.00;16,671.00;9,687.00;24,184.50;288.00;0.00;6,539.50;4,519.25;7,638.25;3,024.00
Sep 2, 2023;Sep 3, 2023;14,472.00;15,220.25;606.75;36,923.75;288.00;0.00;4,766.00;4,609.50;6,578.50;3,024.00
Sep 3, 2023;Sep 4, 2023;14,472.00;13,950.00;1,337.25;30,900.00;288.00;0.00;4,240.75;4,501.25;4,663.00;3,024.00
Sep 4, 2023;Sep 5, 2023;14,472.00;13,556.75;12,241.00;38,993.00;288.00;0.00;6,190.50;4,548.25;7,103.25;3,024.00
Sep 5, 2023;Sep 6, 2023;14,472.00;13,363.50;13,709.50;38,917.50;288.00;0.00;7,368.75;4,866.75;7,652.25;3,024.00
Sep 6, 2023;Sep 7, 2023;14,472.00;13,256.75;8,216.75;38,355.00;288.00;0.00;12,239.00;4,879.75;7,980.75;3,024.00
Sep 7, 2023;Sep 8, 2023;14,472.00;12,773.25;8,834.00;37,721.75;288.00;0.00;10,272.25;4,728.75;6,164.25;3,024.00
Sep 8, 2023;Sep 9, 2023;14,472.00;13,175.00;3,253.50;36,643.75;288.00;0.00;11,491.25;4,819.00;7,836.75;3,024.00
Sep 9, 2023;Sep 10, 2023;14,472.00;13,339.75;358.00;35,217.50;288.00;0.00;6,668.50;4,579.25;5,430.00;3,024.00
Sep 10, 2023;Sep 11, 2023;14,472.00;13,388.25;236.00;34,964.50;288.00;0.00;4,402.00;4,507.25;4,725.25;3,024.00
Sep 11, 2023;Sep 12, 2023;14,472.00;13,987.50;536.00;35,052.50;288.00;0.00;11,352.25;4,530.25;6,646.25;3,024.00
Sep 12, 2023;Sep 13, 2023;14,472.00;13,266.75;2,448.25;30,223.50;288.00;0.00;19,687.00;4,649.00;5,267.25;3,024.00
Sep 13, 2023;Sep 14, 2023;14,472.00;13,978.50;4,814.25;13,733.50;288.00;0.00;32,420.25;4,592.00;5,070.75;3,024.00
Sep 14, 2023;Sep 15, 2023;14,472.00;12,858.00;1,017.50;26,498.00;288.00;0.00;35,816.25;4,512.00;5,905.25;3,024.00
Sep 15, 2023;Sep 16, 2023;14,472.00;11,611.00;5,850.00;31,048.00;288.00;0.00;6,979.75;4,514.00;4,988.25;3,024.00
Sep 16, 2023;Sep 17, 2023;14,472.00;11,261.00;2,718.50;30,493.25;288.00;0.00;5,661.75;4,512.00;6,439.50;3,024.00
Sep 17, 2023;Sep 18, 2023;14,472.00;11,840.25;3,919.00;29,781.25;288.00;0.00;4,688.25;4,593.50;4,757.25;3,024.00
Sep 18, 2023;Sep 19, 2023;14,472.00;11,815.00;14,273.25;11,234.75;288.00;0.00;15,371.25;4,597.00;6,592.75;3,024.00
Sep 19, 2023;Sep 20, 2023;14,472.00;10,675.50;14,476.50;27,647.50;288.00;0.00;26,984.50;4,513.50;5,443.00;3,024.00
Sep 20, 2023;Sep 21, 2023;14,472.00;10,923.75;5,508.75;33,952.75;288.00;0.00;40,975.50;4,512.00;4,035.00;3,024.75
Sep 21, 2023;Sep 22, 2023;14,472.00;11,731.25;5,365.25;21,558.50;288.00;0.00;28,272.50;4,514.00;7,595.75;3,024.00
Sep 22, 2023;Sep 23, 2023;14,472.00;11,648.25;10,418.50;14,991.25;288.00;0.00;21,730.00;4,641.00;5,739.50;3,024.00
Sep 23, 2023;Sep 24, 2023;14,472.00;12,880.75;7,026.00;22,848.25;288.00;0.00;7,548.50;4,615.25;3,930.75;3,024.00
Sep 24, 2023;Sep 25, 2023;14,472.00;11,940.00;3,118.75;33,156.75;288.00;0.00;17,174.75;4,512.00;2,886.50;3,024.00
Sep 25, 2023;Sep 26, 2023;14,472.00;12,583.25;7,417.75;34,149.75;288.00;0.00;39,911.25;4,509.50;5,667.75;3,024.00
Sep 26, 2023;Sep 27, 2023;14,472.00;12,722.75;143.50;32,705.00;288.00;0.00;41,814.25;4,608.50;6,571.00;3,024.00
Sep 27, 2023;Sep 28, 2023;14,472.00;11,720.75;748.75;31,560.00;288.00;0.00;35,948.75;4,509.00;5,882.75;3,024.00
Sep 28, 2023;Sep 29, 2023;14,472.00;11,042.00;2,366.25;29,567.25;288.00;0.00;28,783.25;4,510.00;5,835.25;3,024.00
Sep 29, 2023;Sep 30, 2023;14,472.00;10,971.75;10,493.25;25,477.25;288.00;0.00;7,587.50;4,512.00;4,185.00;3,024.00
Sep 30, 2023;Oct 1, 2023;14,472.00;10,531.00;2,012.50;23,140.75;288.00;0.00;4,989.25;4,512.00;4,412.25;3,024.00
Oct 1, 2023;Oct 2, 2023;14,472.00;9,589.75;442.75;31,157.75;288.00;0.00;4,175.00;4,512.00;3,682.50;3,024.00
Oct 2, 2023;Oct 3, 2023;14,472.00;10,048.50;2,108.50;29,912.75;288.00;0.00;5,422.50;4,512.00;6,529.00;3,024.00
Oct 3, 2023;Oct 4, 2023;14,472.00;9,650.75;21,822.00;20,786.25;288.00;0.00;13,645.50;4,512.00;3,698.00;3,024.00
Oct 4, 2023;Oct 5, 2023;14,472.00;10,320.75;3,516.75;27,092.50;288.00;0.00;38,838.00;4,499.50;5,899.25;3,024.00
Oct 5, 2023;Oct 6, 2023;14,472.00;10,324.50;1,455.75;16,915.75;288.00;0.00;34,553.25;4,488.00;7,162.00;3,024.00
Oct 6, 2023;Oct 7, 2023;14,472.00;9,853.25;1,850.75;27,437.50;288.00;0.00;29,432.25;4,480.75;6,319.25;3,127.50
Oct 7, 2023;Oct 8, 2023;14,472.00;9,325.75;16,433.00;18,923.75;288.00;0.00;16,504.00;4,469.25;2,595.75;3,024.00
Oct 8, 2023;Oct 9, 2023;14,472.00;9,585.00;10,906.00;20,320.50;288.00;0.00;4,802.75;4,594.25;8,133.00;3,024.00
Oct 9, 2023;Oct 10, 2023;14,472.00;10,439.75;14,891.00;13,154.75;288.00;0.00;28,087.25;4,494.25;10,668.00;3,024.00
Oct 10, 2023;Oct 11, 2023;14,472.00;9,822.00;3,724.50;22,340.50;288.00;0.00;31,933.50;4,523.25;7,130.75;3,024.00
Oct 11, 2023;Oct 12, 2023;14,472.00;9,411.50;10,267.75;28,030.75;288.00;0.00;40,964.50;6,140.50;5,119.00;3,024.00
Oct 12, 2023;Oct 13, 2023;14,472.00;8,868.25;16,505.50;13,265.00;288.00;0.00;38,362.00;9,272.50;8,473.50;3,045.75
Oct 13, 2023;Oct 14, 2023;14,472.00;8,223.75;16,132.75;26,009.25;288.00;0.00;10,494.50;10,247.25;5,719.75;3,024.00
Oct 14, 2023;Oct 15, 2023;14,472.00;8,988.00;20,805.25;8,521.75;288.00;0.00;15,601.75;11,579.75;5,775.75;3,298.00
Oct 15, 2023;Oct 16, 2023;14,472.00;9,340.25;8,284.00;17,497.50;288.00;0.00;12,434.25;10,881.00;3,885.00;3,024.00
Oct 16, 2023;Oct 17, 2023;14,472.00;9,710.00;5,938.00;27,662.25;288.00;0.00;27,616.00;4,762.00;5,322.25;3,024.00
Oct 17, 2023;Oct 18, 2023;14,472.00;9,076.50;9,943.50;14,785.25;288.00;0.00;36,143.25;4,792.75;4,913.00;3,024.00
Oct 18, 2023;Oct 19, 2023;14,472.00;9,159.25;11,871.75;11,096.00;288.00;0.00;11,797.00;4,860.25;4,746.50;3,098.75
Oct 19, 2023;Oct 20, 2023;14,472.00;9,461.00;9,292.25;7,663.50;288.00;0.00;50,253.75;4,613.75;8,258.75;4,037.50
Oct 20, 2023;Oct 21, 2023;14,472.00;8,867.00;18,631.25;7,102.00;288.00;0.00;25,940.25;4,642.50;4,395.50;3,024.00
Oct 21, 2023;Oct 22, 2023;14,472.00;9,391.75;16,849.75;14,451.50;288.00;0.00;13,946.25;4,539.75;4,258.00;3,024.00
Oct 22, 2023;Oct 23, 2023;14,472.00;9,013.50;12,337.25;22,675.75;288.00;0.00;7,139.25;4,563.75;4,802.75;3,024.00
Oct 23, 2023;Oct 24, 2023;14,472.00;10,135.50;7,398.75;8,393.25;288.00;0.00;27,715.25;4,721.25;10,292.75;3,024.00
Oct 24, 2023;Oct 25, 2023;14,472.00;10,542.25;4,569.25;2,727.50;288.00;0.00;30,035.50;8,836.25;7,797.25;3,996.00
Oct 25, 2023;Oct 26, 2023;14,472.00;10,586.75;15,049.00;8,861.00;288.00;0.00;30,405.75;4,708.25;3,643.75;3,024.00
Oct 26, 2023;Oct 27, 2023;14,472.00;10,610.00;15,500.00;7,304.25;288.00;0.00;30,639.25;4,825.00;5,436.00;3,070.75
Oct 27, 2023;Oct 28, 2023;14,472.00;11,781.25;16,679.75;10,891.75;288.00;0.00;29,371.25;4,944.75;7,366.75;3,024.00
Oct 28, 2023;Oct 29, 2023;14,472.00;12,012.50;19,870.50;11,319.00;288.00;0.00;6,139.50;4,902.75;5,828.75;3,024.00
Oct 29, 2023;Oct 30, 2023;15,075.00;11,395.00;15,854.75;8,640.25;300.00;0.00;5,485.50;4,673.25;3,463.75;3,150.00
Oct 30, 2023;Oct 31, 2023;14,472.00;11,072.00;8,879.75;9,353.00;288.00;0.00;18,298.25;4,800.00;9,981.75;3,024.00
Oct 31, 2023;Nov 1, 2023;14,472.00;13,350.50;21,241.75;7,946.25;288.00;0.00;7,326.00;6,146.75;4,442.25;3,403.75
Nov 1, 2023;Nov 2, 2023;14,472.00;11,973.50;14,192.50;15,435.75;288.00;0.00;6,658.25;4,478.50;2,930.50;3,024.00
Nov 2, 2023;Nov 3, 2023;14,472.00;11,564.50;20,524.75;1,979.00;210.00;0.00;20,279.50;5,146.00;2,785.50;3,076.00
Nov 3, 2023;Nov 4, 2023;14,472.00;15,262.25;13,900.25;5,440.50;144.00;0.00;11,371.75;5,897.75;11,759.75;3,120.00
Nov 4, 2023;Nov 5, 2023;14,472.00;13,261.00;23,902.75;9,050.00;144.00;0.00;7,128.25;5,353.75;2,159.25;3,120.00
Nov 5, 2023;Nov 6, 2023;14,472.00;13,544.50;33,374.50;6,803.25;144.00;0.00;5,814.50;5,357.00;4,812.00;3,120.00
Nov 6, 2023;Nov 7, 2023;14,472.00;14,523.75;24,350.50;11,986.25;144.00;0.00;8,809.50;5,806.00;7,782.00;3,120.00
Nov 7, 2023;Nov 8, 2023;14,472.00;14,563.50;19,723.50;9,718.50;144.00;0.00;23,752.25;7,167.25;8,010.25;3,147.25
Nov 8, 2023;Nov 9, 2023;14,472.00;12,610.25;18,325.25;13,293.25;144.00;0.00;32,398.00;7,976.50;6,382.00;3,120.00
Nov 9, 2023;Nov 10, 2023;14,472.00;12,801.00;25,541.75;5,466.50;144.00;0.00;39,699.25;6,095.50;3,242.00;3,120.00
Nov 10, 2023;Nov 11, 2023;14,472.00;13,105.50;19,580.50;10,300.25;144.00;0.00;13,803.75;6,096.00;7,207.75;3,120.00
Nov 11, 2023;Nov 12, 2023;14,472.00;13,397.25;24,188.25;10,249.50;144.00;0.00;9,709.50;6,096.00;3,954.50;3,120.00
Nov 12, 2023;Nov 13, 2023;14,472.00;13,960.75;5,267.50;5,825.00;144.00;0.00;9,645.50;6,094.25;4,616.75;3,120.00
Nov 13, 2023;Nov 14, 2023;14,472.00;15,435.75;25,308.50;1,675.75;144.00;0.00;17,758.75;6,010.25;9,532.25;3,120.00
Nov 14, 2023;Nov 15, 2023;14,472.00;13,406.25;29,315.50;3,065.75;144.00;0.00;34,078.00;5,920.25;9,169.75;3,120.00
Nov 15, 2023;Nov 16, 2023;14,472.00;12,282.75;29,900.00;8,679.25;144.00;0.00;27,846.00;5,629.50;9,016.50;3,120.00
Nov 16, 2023;Nov 17, 2023;14,472.00;15,248.75;8,824.50;3,776.00;144.00;0.00;42,800.25;7,445.50;7,881.75;3,120.00
Nov 17, 2023;Nov 18, 2023;14,472.00;14,349.50;8,065.00;3,327.75;144.00;0.00;46,354.50;5,779.00;10,667.50;3,120.00
Nov 18, 2023;Nov 19, 2023;14,472.00;13,099.25;8,194.00;5,964.25;144.00;0.00;8,509.75;5,349.50;5,685.25;3,120.00
Nov 19, 2023;Nov 20, 2023;14,472.00;12,908.25;27,844.00;8,646.25;144.00;0.00;5,867.25;5,438.00;4,019.00;3,120.00
Nov 20, 2023;Nov 21, 2023;14,472.00;14,200.00;22,655.50;8,064.25;144.00;0.00;32,677.25;5,448.25;10,640.25;3,120.00
Nov 21, 2023;Nov 22, 2023;14,472.00;14,898.50;4,787.25;4,987.00;144.00;0.00;51,193.25;5,487.25;10,203.50;3,120.00
Nov 22, 2023;Nov 23, 2023;14,472.00;14,678.25;4,084.00;3,586.75;144.00;0.00;48,394.50;5,934.00;7,761.25;3,343.00
Nov 23, 2023;Nov 24, 2023;14,472.00;14,201.75;20,079.00;8,877.25;144.00;0.00;50,650.50;5,888.50;5,409.50;3,120.00
Nov 24, 2023;Nov 25, 2023;14,472.00;13,908.75;30,430.00;4,153.25;144.00;0.00;75,977.00;5,701.25;6,726.50;3,120.00
Nov 25, 2023;Nov 26, 2023;14,472.00;14,678.50;22,923.25;4,255.50;144.00;0.00;37,269.50;5,373.50;5,078.25;3,120.00
Nov 26, 2023;Nov 27, 2023;14,472.00;14,987.00;10,015.75;4,761.25;144.00;0.00;56,398.50;5,376.00;3,231.50;4,688.75
Nov 27, 2023;Nov 28, 2023;14,472.00;14,948.25;14,219.75;3,140.75;144.00;0.00;59,284.25;6,091.25;5,544.75;3,120.00
Nov 28, 2023;Nov 29, 2023;14,472.00;16,630.00;15,056.50;1,315.75;144.00;0.00;46,603.75;6,157.25;7,423.75;3,232.25
Nov 29, 2023;Nov 30, 2023;14,472.00;16,601.50;12,126.50;6,786.75;144.00;0.00;53,321.25;5,567.50;7,301.50;3,683.50
Nov 30, 2023;Dec 1, 2023;14,472.00;18,267.75;1,740.50;2,596.75;144.00;0.00;58,312.50;6,486.25;9,810.75;3,682.25
Dec 1, 2023;Dec 2, 2023;14,472.00;16,837.25;1,893.25;406.25;144.00;0.00;55,873.50;6,513.50;11,163.50;4,255.25
Dec 2, 2023;Dec 3, 2023;14,472.00;14,909.25;3,142.75;808.50;144.00;0.00;55,270.25;5,539.00;7,341.00;3,120.00
Dec 3, 2023;Dec 4, 2023;14,472.00;15,222.25;4,897.00;5,179.25;144.00;0.00;42,833.75;5,376.25;5,056.25;3,120.00
Dec 4, 2023;Dec 5, 2023;14,472.00;14,881.50;12,992.50;1,255.00;144.00;0.00;49,959.25;5,880.50;9,429.00;3,670.25
Dec 5, 2023;Dec 6, 2023;14,472.00;16,322.75;20,971.50;5,004.00;144.00;0.00;45,084.50;6,204.75;7,867.00;3,120.00
Dec 6, 2023;Dec 7, 2023;14,472.00;17,175.50;12,749.00;1,492.75;144.00;0.00;47,816.00;7,168.50;10,337.25;3,298.50
Dec 7, 2023;Dec 8, 2023;14,472.00;16,969.25;7,223.75;10,134.50;144.00;0.00;41,068.25;7,239.75;8,068.25;3,336.75
Dec 8, 2023;Dec 9, 2023;14,472.00;14,290.50;10,013.25;1,684.25;144.00;0.00;32,770.50;7,423.50;6,738.00;3,286.25
Dec 9, 2023;Dec 10, 2023;14,472.00;14,388.50;15,325.25;3,830.25;144.00;0.00;8,638.00;6,967.75;2,124.50;3,256.00
Dec 10, 2023;Dec 11, 2023;14,472.00;13,039.25;32,841.25;5,150.25;144.00;0.00;9,154.25;5,352.00;3,241.75;3,270.00
Dec 11, 2023;Dec 12, 2023;14,472.00;14,987.25;28,343.25;4,239.25;144.00;0.00;27,882.00;5,399.50;7,271.75;3,172.50
Dec 12, 2023;Dec 13, 2023;14,472.00;14,099.25;11,597.75;1,803.75;144.00;0.00;37,841.00;5,624.00;7,632.00;3,120.00
Dec 13, 2023;Dec 14, 2023;14,472.00;11,779.00;9,455.50;4,018.50;144.00;0.00;34,674.50;5,544.50;6,208.75;3,120.00
Dec 14, 2023;Dec 15, 2023;14,472.00;12,976.00;5,154.00;3,332.25;144.00;0.00;33,042.75;5,615.50;11,857.50;3,120.00
Dec 15, 2023;Dec 16, 2023;14,472.00;13,386.75;4,539.25;4,423.50;144.00;0.00;27,337.25;5,823.50;10,261.25;3,120.00
Dec 16, 2023;Dec 17, 2023;14,472.00;13,282.25;1,841.50;9,103.00;144.00;0.00;27,604.75;5,827.50;5,886.50;3,120.00
Dec 17, 2023;Dec 18, 2023;14,472.00;12,890.50;2,824.50;12,401.50;144.00;0.00;40,851.75;5,367.25;4,002.50;3,520.25
Dec 18, 2023;Dec 19, 2023;14,472.00;15,107.00;11,125.75;13,188.75;144.00;0.00;45,476.50;6,191.75;9,857.75;5,006.50
Dec 19, 2023;Dec 20, 2023;14,472.00;13,893.75;22,426.25;10,260.25;144.00;0.00;36,384.25;5,515.75;8,583.00;6,255.25
Dec 20, 2023;Dec 21, 2023;14,472.00;13,841.25;26,945.75;5,464.25;144.00;0.00;41,244.50;5,647.25;7,909.25;4,887.25
Dec 21, 2023;Dec 22, 2023;14,472.00;14,233.00;34,859.50;1,181.75;144.00;0.00;31,130.50;5,616.25;4,002.75;3,120.00
Dec 22, 2023;Dec 23, 2023;14,472.00;14,393.75;32,242.25;1,373.00;144.00;0.00;17,887.00;5,352.00;4,519.00;3,120.00
Dec 23, 2023;Dec 24, 2023;14,472.00;13,556.75;33,359.50;1,966.75;144.00;0.00;18,649.00;5,352.00;8,498.50;3,120.00
Dec 24, 2023;Dec 25, 2023;14,472.00;13,824.25;25,103.75;1,828.50;144.00;0.00;6,094.50;5,353.00;1,583.75;3,120.00
Dec 25, 2023;Dec 26, 2023;14,472.00;13,582.50;24,434.00;5,589.50;144.00;0.00;5,681.50;5,355.75;5,027.25;3,120.00
Dec 26, 2023;Dec 27, 2023;14,472.00;14,030.75;21,391.25;4,756.25;144.00;0.00;5,723.00;5,352.00;2,920.00;3,120.00
Dec 27, 2023;Dec 28, 2023;14,472.00;14,727.25;9,559.50;10,319.50;144.00;0.00;6,996.50;5,548.25;9,874.25;3,120.00
Dec 28, 2023;Dec 29, 2023;14,472.00;14,369.25;21,394.50;2,388.75;144.00;0.00;26,553.50;6,803.50;4,707.25;4,317.00
Dec 29, 2023;Dec 30, 2023;14,472.00;14,609.75;26,230.25;5,886.75;144.00;0.00;23,463.25;5,352.00;3,886.25;3,120.00
Dec 30, 2023;Dec 31, 2023;14,472.00;15,008.25;16,897.25;9,404.75;144.00;0.00;8,433.00;5,352.00;8,634.25;3,120.00
Dec 31, 2023;Jan 1, 2024;14,472.00;15,819.00;20,504.75;3,386.00;144.00;0.00;5,402.25;5,356.25;3,780.00;3,120.00
Jan 1, 2024;Jan 2, 2024;10,760.75;17,965.00;25,172.75;7,436.00;240.00;0.00;5,367.50;7,248.00;3,995.50;1,872.00
Jan 2, 2024;Jan 3, 2024;10,895.50;16,986.25;32,478.25;2,281.00;240.00;0.00;6,974.75;7,255.25;7,614.00;1,872.00
Jan 3, 2024;Jan 4, 2024;10,921.75;17,117.75;34,063.25;5,573.00;240.00;0.00;7,143.00;7,400.75;5,725.75;1,872.00
Jan 4, 2024;Jan 5, 2024;10,915.75;17,770.00;27,454.00;7,254.50;240.00;0.00;7,437.00;7,486.50;9,817.75;1,872.00
Jan 5, 2024;Jan 6, 2024;10,957.00;17,319.25;9,488.75;3,700.50;240.00;0.00;10,594.00;7,488.00;4,926.00;1,872.00
Jan 6, 2024;Jan 7, 2024;11,030.25;16,979.50;2,577.25;2,457.00;240.00;0.00;11,097.00;7,488.00;5,445.75;1,872.00
Jan 7, 2024;Jan 8, 2024;11,016.25;17,063.50;13,654.75;1,663.25;240.00;0.00;13,291.25;7,488.00;4,382.50;1,872.00
Jan 8, 2024;Jan 9, 2024;11,056.25;17,353.75;15,695.00;2,959.25;240.00;0.00;33,367.75;7,488.00;6,918.75;1,872.00
Jan 9, 2024;Jan 10, 2024;11,073.50;18,906.25;16,844.50;9,939.00;240.00;0.00;41,136.25;8,573.75;12,670.75;2,405.50
Jan 10, 2024;Jan 11, 2024;11,090.50;19,171.00;4,117.25;10,877.25;240.00;0.00;42,246.75;8,700.75;12,860.25;2,645.50
Jan 11, 2024;Jan 12, 2024;11,229.25;18,187.50;4,517.00;12,054.25;240.00;0.00;37,824.25;7,979.00;12,623.25;2,470.00
Jan 12, 2024;Jan 13, 2024;11,090.25;18,543.75;1,214.75;8,747.50;240.00;0.00;40,696.50;7,940.25;16,165.00;2,797.75
Jan 13, 2024;Jan 14, 2024;10,961.25;16,793.25;2,053.25;3,477.25;240.00;0.00;44,243.50;14,203.00;12,247.00;1,872.00
Jan 14, 2024;Jan 15, 2024;10,968.75;15,581.75;6,187.75;11,170.75;240.00;0.00;37,556.50;11,806.50;5,809.75;2,960.25
Jan 15, 2024;Jan 16, 2024;10,998.75;15,955.50;18,110.00;2,913.75;240.00;0.00;42,902.75;14,131.25;10,107.75;3,991.75
Jan 16, 2024;Jan 17, 2024;11,229.75;15,525.75;6,942.00;10,358.00;240.00;0.00;31,753.25;9,118.25;9,484.00;3,149.00
Jan 17, 2024;Jan 18, 2024;11,270.75;16,083.75;18,406.50;2,090.50;240.00;0.00;31,942.50;11,211.50;11,106.00;2,623.00
Jan 18, 2024;Jan 19, 2024;11,274.00;17,939.50;11,337.75;2,244.00;240.00;0.00;24,820.75;8,579.25;13,483.50;2,518.50
Jan 19, 2024;Jan 20, 2024;11,287.25;15,795.75;1,184.50;6,620.50;240.00;0.00;43,210.00;15,697.75;8,977.50;4,588.25
Jan 20, 2024;Jan 21, 2024;11,458.75;16,685.50;4,440.75;12,511.50;240.00;0.00;28,836.00;10,528.00;6,564.00;2,354.75
Jan 21, 2024;Jan 22, 2024;11,429.75;16,343.75;18,868.50;10,741.00;240.00;0.00;28,995.00;12,938.25;2,511.00;3,236.50
Jan 22, 2024;Jan 23, 2024;11,426.00;16,247.25;32,462.25;3,033.25;240.00;0.00;55,552.25;7,266.75;6,121.00;1,872.00
Jan 23, 2024;Jan 24, 2024;11,367.75;16,085.00;30,837.50;9,556.25;240.00;0.00;45,502.75;7,261.25;5,591.25;1,872.00
Jan 24, 2024;Jan 25, 2024;11,316.75;16,324.50;34,108.75;5,617.25;240.00;0.00;41,890.75;7,272.50;3,978.75;1,891.25
Jan 25, 2024;Jan 26, 2024;11,117.25;16,306.25;14,503.50;11,576.50;240.00;0.00;33,133.75;7,268.25;6,712.00;1,872.00
Jan 26, 2024;Jan 27, 2024;10,999.50;16,667.25;23,623.50;3,114.50;240.00;0.00;35,844.25;7,421.00;4,570.50;1,872.00
Jan 27, 2024;Jan 28, 2024;11,006.75;16,792.75;4,854.25;21,013.50;240.00;0.00;24,029.00;7,409.50;3,674.00;1,872.00
Jan 28, 2024;Jan 29, 2024;11,171.25;16,431.00;10,811.75;20,466.75;240.00;0.00;10,574.50;7,430.75;2,166.25;1,872.00
Jan 29, 2024;Jan 30, 2024;10,941.50;18,310.50;3,885.25;18,680.50;240.00;0.00;25,713.25;7,502.50;8,662.00;1,872.00
Jan 30, 2024;Jan 31, 2024;10,762.00;17,996.25;8,355.50;11,634.25;240.00;-;20,804.00;7,614.75;8,498.25;1,872.00
Jan 31, 2024;Feb 1, 2024;10,778.00;18,330.75;6,531.00;9,201.25;240.00;-;25,323.25;8,987.50;10,755.50;1,986.00
Feb 1, 2024;Feb 2, 2024;10,935.25;17,185.00;17,610.00;3,862.75;240.00;-;42,141.75;10,454.75;9,228.75;2,478.75
Feb 2, 2024;Feb 3, 2024;10,965.50;17,431.00;20,512.50;11,015.75;240.00;-;24,508.75;9,765.25;6,446.75;1,883.50
Feb 3, 2024;Feb 4, 2024;10,866.50;15,421.00;24,939.25;13,322.00;240.00;-;24,346.50;8,015.00;4,802.00;2,082.25
Feb 4, 2024;Feb 5, 2024;11,187.75;14,342.00;29,279.50;9,728.00;240.00;-;19,258.00;8,079.25;4,079.50;1,982.50
Feb 5, 2024;Feb 6, 2024;11,022.75;14,251.00;27,742.00;19,145.50;240.00;-;36,658.75;9,690.75;8,012.25;1,872.00
Feb 6, 2024;Feb 7, 2024;10,952.50;13,509.75;30,227.25;12,051.75;240.00;-;40,479.75;13,494.75;4,235.75;1,872.25
Feb 7, 2024;Feb 8, 2024;11,009.75;16,393.00;34,282.50;5,796.00;240.00;-;16,169.00;8,418.75;11,581.50;1,872.00
Feb 8, 2024;Feb 9, 2024;11,048.50;18,112.00;25,795.75;5,944.25;240.00;-;13,931.75;8,897.50;11,336.75;1,872.00
Feb 9, 2024;Feb 10, 2024;10,979.25;15,141.75;15,944.13;5,416.00;240.00;-;10,921.50;8,196.50;7,188.00;1,872.00
Feb 10, 2024;Feb 11, 2024;11,128.75;14,940.50;4,739.25;7,114.50;240.00;-;8,946.50;7,684.25;8,044.75;1,872.00
Feb 11, 2024;Feb 12, 2024;11,030.50;14,650.00;18,579.75;8,064.50;240.00;-;7,683.50;7,751.50;4,855.75;1,872.00
Feb 12, 2024;Feb 13, 2024;11,140.25;16,387.50;12,088.75;8,436.00;240.00;-;12,828.50;8,801.75;12,447.50;1,872.00
Feb 13, 2024;Feb 14, 2024;10,965.75;14,246.50;5,187.00;20,995.75;240.00;-;9,253.50;9,069.75;5,159.00;1,872.00
Feb 14, 2024;Feb 15, 2024;10,995.75;15,176.50;15,672.25;11,484.50;240.00;-;9,917.50;9,347.25;8,972.25;1,872.00
Feb 15, 2024;Feb 16, 2024;11,053.00;14,722.75;6,078.75;19,123.50;240.00;-;8,621.00;9,170.50;6,406.75;1,872.00
Feb 16, 2024;Feb 17, 2024;10,994.25;14,390.25;7,480.75;13,266.50;240.00;-;9,295.50;7,771.00;8,339.25;2,059.75
Feb 17, 2024;Feb 18, 2024;10,786.50;14,713.75;3,917.00;14,033.50;240.00;-;10,959.75;8,123.00;8,804.50;1,872.00
Feb 18, 2024;Feb 19, 2024;10,895.00;12,974.25;7,591.75;15,049.75;240.00;-;7,199.25;7,841.50;2,848.00;1,872.00
Feb 19, 2024;Feb 20, 2024;10,808.25;15,659.75;19,874.00;9,268.50;240.00;-;9,892.25;8,979.25;10,212.00;1,872.00
Feb 20, 2024;Feb 21, 2024;10,741.75;17,254.00;11,328.75;15,959.00;240.00;-;20,902.25;8,584.50;8,799.00;1,872.00
Feb 21, 2024;Feb 22, 2024;10,662.50;15,094.75;14,319.00;16,955.00;240.00;-;39,577.25;8,637.75;9,600.75;1,872.00
Feb 22, 2024;Feb 23, 2024;10,748.25;16,399.50;34,685.50;4,481.50;240.00;-;29,947.50;7,561.75;9,610.25;1,872.00
Feb 23, 2024;Feb 24, 2024;10,671.25;16,978.75;15,874.50;12,200.00;240.00;-;28,106.75;8,754.25;12,189.75;1,872.00
Feb 24, 2024;Feb 25, 2024;10,708.75;17,006.25;12,775.25;20,260.25;240.00;-;11,544.50;9,199.25;5,559.75;1,872.00
Feb 25, 2024;Feb 26, 2024;10,634.75;15,689.50;13,785.25;25,781.50;240.00;-;9,975.75;8,320.50;7,467.50;1,872.00
Feb 26, 2024;Feb 27, 2024;10,809.00;15,603.50;6,167.00;13,692.00;240.00;-;9,154.50;9,066.75;8,360.50;1,872.00
Feb 27, 2024;Feb 28, 2024;10,602.00;16,859.50;9,430.25;11,687.25;240.00;-;14,091.75;9,069.50;13,378.50;1,872.00
Feb 28, 2024;Feb 29, 2024;10,822.25;15,736.00;984.50;14,203.00;240.00;-;14,056.50;9,030.50;11,102.00;1,872.00
Feb 29, 2024;Mar 1, 2024;10,872.00;13,557.25;3,245.00;23,831.00;240.00;-;9,121.25;9,029.75;8,280.25;1,872.00
Mar 1, 2024;Mar 2, 2024;10,918.25;13,845.50;4,212.25;9,367.00;240.00;-;10,177.00;8,649.25;9,265.50;1,872.00
Mar 2, 2024;Mar 3, 2024;10,538.75;12,847.00;8,841.25;27,771.50;240.00;-;8,285.75;7,260.50;4,200.75;1,872.00
Mar 3, 2024;Mar 4, 2024;10,536.25;12,390.25;7,308.75;24,092.25;240.00;-;12,849.00;7,666.50;4,034.25;1,872.00
Mar 4, 2024;Mar 5, 2024;10,674.25;14,370.75;4,519.25;5,295.50;240.00;-;29,882.25;8,762.25;11,927.75;1,872.00
Mar 5, 2024;Mar 6, 2024;10,703.00;13,875.25;2,537.00;8,067.75;240.00;-;25,232.00;7,736.25;7,732.75;1,872.00
Mar 6, 2024;Mar 7, 2024;10,538.25;13,567.00;4,824.75;6,297.50;240.00;-;12,187.00;9,032.50;7,667.75;1,872.00
Mar 7, 2024;Mar 8, 2024;10,524.50;14,161.50;9,016.25;14,246.75;240.00;-;12,156.75;8,993.75;8,304.25;1,872.00
Mar 8, 2024;Mar 9, 2024;10,466.50;13,369.75;18,521.25;27,692.25;240.00;-;10,034.25;8,134.50;6,002.50;1,872.00
Mar 9, 2024;Mar 10, 2024;10,323.00;11,965.75;9,655.25;31,331.50;240.00;-;10,127.25;7,352.00;4,398.00;1,872.00
Mar 10, 2024;Mar 11, 2024;10,316.25;11,683.00;13,994.25;11,356.50;240.00;-;16,313.25;7,261.50;3,922.50;1,872.00
Mar 11, 2024;Mar 12, 2024;10,281.75;14,222.25;9,196.50;29,982.50;240.00;-;16,170.50;8,357.75;9,010.75;1,872.00
Mar 12, 2024;Mar 13, 2024;10,208.50;15,009.75;12,122.00;7,988.25;240.00;-;8,971.25;8,779.50;10,784.00;1,872.00
Mar 13, 2024;Mar 14, 2024;10,341.00;15,624.25;4,376.75;10,496.50;240.00;-;11,902.25;8,845.75;9,178.75;1,872.00
Mar 14, 2024;Mar 15, 2024;10,436.50;15,887.00;3,756.00;30,512.25;240.00;-;11,419.50;8,181.00;7,339.75;1,872.00
Mar 15, 2024;Mar 16, 2024;10,435.25;14,336.00;18,830.25;21,013.75;240.00;-;9,598.25;7,365.50;5,085.25;1,872.00
Mar 16, 2024;Mar 17, 2024;10,459.25;15,878.75;16,717.00;17,504.00;240.00;-;14,517.50;7,269.25;5,363.75;1,872.00
Mar 17, 2024;Mar 18, 2024;10,506.25;15,705.50;480.50;21,647.50;240.00;-;5,392.50;7,608.50;6,340.50;1,872.00
Mar 18, 2024;Mar 19, 2024;10,456.00;16,546.50;1,160.75;9,767.75;240.00;-;9,168.00;8,312.75;10,310.25;1,872.00
Mar 19, 2024;Mar 20, 2024;10,370.00;17,044.50;453.75;28,484.50;240.00;-;7,969.50;8,353.00;9,113.00;2,020.50
Mar 20, 2024;Mar 21, 2024;10,343.50;17,659.50;1,660.50;34,910.25;240.00;-;19,736.00;8,312.50;8,502.50;1,987.00
Mar 21, 2024;Mar 22, 2024;10,376.50;16,416.75;11,419.00;24,878.25;240.00;-;8,708.75;7,734.75;9,460.25;1,872.00
Mar 22, 2024;Mar 23, 2024;10,409.00;16,545.25;5,806.25;30,447.00;240.00;-;8,214.50;7,730.75;8,445.00;1,872.00
Mar 23, 2024;Mar 24, 2024;10,383.25;17,310.00;26,022.75;21,036.50;240.00;-;6,645.75;7,465.75;6,126.50;1,872.00
Mar 24, 2024;Mar 25, 2024;10,390.00;15,512.25;25,741.75;18,521.25;240.00;-;5,889.75;7,668.50;2,420.25;1,872.00
Mar 25, 2024;Mar 26, 2024;10,233.75;15,648.75;11,178.75;39,956.50;240.00;-;7,361.50;8,573.50;10,992.00;1,872.00
Mar 26, 2024;Mar 27, 2024;10,230.00;16,243.25;8,834.50;33,563.00;240.00;-;14,222.25;8,739.00;11,455.00;2,353.25
Mar 27, 2024;Mar 28, 2024;10,362.00;17,834.75;10,071.75;19,687.00;240.00;-;12,848.50;8,836.75;14,046.50;1,872.00
Mar 28, 2024;Mar 29, 2024;10,336.75;16,823.75;20,729.25;22,758.75;240.00;-;7,776.50;7,980.75;6,906.50;1,872.00
Mar 29, 2024;Mar 30, 2024;10,352.25;15,802.75;13,767.50;19,090.00;240.00;-;5,957.00;7,659.75;10,245.75;1,872.00
Mar 30, 2024;Mar 31, 2024;10,270.75;15,447.50;12,467.00;14,133.50;240.00;-;8,915.75;7,392.75;8,259.75;1,872.00
Mar 31, 2024;Apr 1, 2024;9,908.00;13,761.50;4,772.25;29,054.25;230.00;-;4,683.00;7,050.50;3,524.25;1,794.00
Apr 1, 2024;Apr 2, 2024;10,298.50;15,238.00;17,249.50;13,398.50;240.00;-;5,612.25;7,363.25;5,923.50;1,872.00
Apr 2, 2024;Apr 3, 2024;10,394.25;15,456.50;26,150.25;30,067.00;240.00;-;7,419.25;7,517.00;7,450.25;2,086.25
Apr 3, 2024;Apr 4, 2024;10,323.50;14,978.50;16,081.00;14,974.50;240.00;-;7,956.25;7,557.75;6,979.75;1,872.00
Apr 4, 2024;Apr 5, 2024;10,407.50;14,125.25;25,118.25;15,618.75;240.00;-;9,330.25;7,499.50;4,856.75;1,872.00
Apr 5, 2024;Apr 6, 2024;10,389.75;15,285.50;13,075.25;31,783.50;240.00;-;9,071.25;7,369.00;10,472.75;1,872.00
Apr 6, 2024;Apr 7, 2024;10,271.00;14,826.75;7,912.50;43,196.75;240.00;-;5,692.75;7,272.00;9,782.75;1,872.00
Apr 7, 2024;Apr 8, 2024;10,465.25;14,265.25;10,479.00;31,320.75;240.00;-;4,673.50;7,272.00;5,757.00;1,872.00
Apr 8, 2024;Apr 9, 2024;10,181.00;15,901.50;6,922.25;33,231.75;240.00;-;9,178.00;7,440.75;9,880.75;1,872.00
Apr 9, 2024;Apr 10, 2024;9,647.25;15,305.25;18,016.00;10,807.25;240.00;-;13,586.50;7,261.00;7,797.75;1,872.00
Apr 10, 2024;Apr 11, 2024;9,899.75;14,379.00;3,981.25;31,379.25;240.00;-;18,898.50;7,419.75;7,857.25;2,667.50
Apr 11, 2024;Apr 12, 2024;10,039.75;14,707.25;531.50;44,426.00;240.00;-;8,096.75;7,692.25;9,350.75;1,872.00
Apr 12, 2024;Apr 13, 2024;10,160.50;14,923.25;647.50;45,239.25;240.00;-;7,741.50;7,420.00;9,309.00;2,229.25
Apr 13, 2024;Apr 14, 2024;10,111.00;12,295.75;1,953.75;44,116.25;240.00;-;6,292.00;7,287.00;3,940.75;2,107.25
Apr 14, 2024;Apr 15, 2024;10,068.00;13,088.50;10,149.50;40,487.50;240.00;-;5,565.50;7,272.25;4,002.00;1,872.00
Apr 15, 2024;Apr 16, 2024;10,061.25;13,720.25;17,541.50;21,406.50;240.00;-;7,507.00;7,271.00;8,924.00;1,872.00
Apr 16, 2024;Apr 17, 2024;10,073.75;14,501.25;28,791.75;26,756.75;240.00;-;11,163.25;7,736.75;5,479.25;1,872.00
Apr 17, 2024;Apr 18, 2024;9,990.00;16,571.50;5,846.00;21,996.50;240.00;-;25,378.75;8,658.25;8,391.00;1,872.00
Apr 18, 2024;Apr 19, 2024;10,050.25;17,345.00;3,149.75;27,452.25;240.00;-;24,073.50;9,189.25;10,616.25;1,897.00
Apr 19, 2024;Apr 20, 2024;10,161.25;15,442.00;24,892.25;10,383.25;240.00;-;17,953.50;7,765.00;6,019.50;2,003.00
Apr 20, 2024;Apr 21, 2024;10,155.00;16,426.75;12,543.75;25,999.75;240.00;-;6,663.75;7,588.50;5,937.75;2,016.00
Apr 21, 2024;Apr 22, 2024;10,020.25;17,103.00;8,088.75;19,773.50;240.00;-;6,617.50;7,731.75;5,186.25;1,923.25
Apr 22, 2024;Apr 23, 2024;9,865.00;19,268.25;8,443.75;26,526.25;240.00;-;10,522.75;8,865.00;10,974.75;2,128.00
Apr 23, 2024;Apr 24, 2024;9,736.50;18,483.25;5,924.25;31,953.25;240.00;-;11,427.75;8,808.50;10,947.75;2,110.75
Apr 24, 2024;Apr 25, 2024;9,927.50;18,745.25;9,803.00;22,706.75;240.00;-;10,887.25;9,028.00;8,262.75;2,138.75
Apr 25, 2024;Apr 26, 2024;9,970.75;17,546.50;7,251.25;26,708.25;240.00;-;11,124.25;9,412.00;8,300.25;2,135.50
Apr 26, 2024;Apr 27, 2024;9,909.25;18,008.50;6,125.50;29,591.75;240.00;-;10,210.25;9,291.25;11,053.50;2,005.25
Apr 27, 2024;Apr 28, 2024;9,946.75;17,648.00;6,016.75;49,198.50;240.00;-;7,756.50;8,357.75;7,544.25;2,055.50
Apr 28, 2024;Apr 29, 2024;10,058.25;15,958.75;7,073.75;30,222.00;240.00;-;6,100.75;7,363.75;4,574.75;1,872.00
Apr 29, 2024;Apr 30, 2024;10,069.25;18,022.00;2,313.00;42,925.50;240.00;-;8,447.50;7,651.75;9,065.25;1,872.00
Apr 30, 2024;May 1, 2024;9,899.50;18,169.25;3,279.50;46,551.50;240.00;-;9,151.25;7,586.75;10,093.25;1,872.00
May 1, 2024;May 2, 2024;9,779.75;16,799.50;6,461.75;44,923.50;240.00;-;7,218.25;7,296.25;5,221.00;1,872.00
May 2, 2024;May 3, 2024;9,804.50;17,216.75;11,257.00;27,554.75;240.00;-;18,174.25;7,350.75;3,233.75;1,872.00
May 3, 2024;May 4, 2024;9,579.75;18,386.25;14,244.50;21,291.50;240.00;-;9,890.75;7,457.25;11,250.25;1,872.00
May 4, 2024;May 5, 2024;9,502.00;17,257.50;2,700.25;39,416.50;240.00;-;6,065.00;7,341.25;6,691.00;1,872.00
May 5, 2024;May 6, 2024;9,538.75;14,490.00;10,807.25;29,531.00;240.00;-;5,571.75;7,329.25;2,798.50;1,872.00
May 6, 2024;May 7, 2024;9,363.75;17,278.75;10,918.50;18,810.00;240.00;-;13,402.50;7,641.75;11,890.50;1,872.00
May 7, 2024;May 8, 2024;9,437.50;17,796.25;7,805.25;19,930.75;240.00;-;8,160.50;7,510.50;12,074.50;2,292.25
May 8, 2024;May 9, 2024;9,406.25;18,303.00;2,747.00;22,381.50;240.00;-;7,799.25;7,512.00;9,371.25;1,872.00
May 9, 2024;May 10, 2024;9,241.75;18,706.50;3,795.25;44,981.00;240.00;-;5,810.00;7,423.00;8,524.25;1,872.00
May 10, 2024;May 11, 2024;9,239.25;16,547.50;3,075.50;53,509.25;240.00;-;5,880.00;7,445.75;7,117.50;1,872.00
May 11, 2024;May 12, 2024;9,279.75;15,557.50;3,904.00;54,078.75;240.00;-;5,198.25;7,378.25;8,692.25;1,872.00
May 12, 2024;May 13, 2024;9,385.25;14,390.25;4,614.75;51,946.75;240.00;-;4,765.25;7,296.00;5,018.75;1,872.00
May 13, 2024;May 14, 2024;9,333.00;16,570.75;4,517.00;38,367.00;240.00;-;23,736.50;7,296.00;11,425.25;3,492.75
May 14, 2024;May 15, 2024;9,409.50;15,743.75;8,581.75;51,951.50;240.00;-;26,118.75;7,404.00;9,627.50;2,573.50
May 15, 2024;May 16, 2024;9,386.75;16,834.00;3,886.50;24,575.00;240.00;-;30,553.75;9,077.50;9,006.75;4,401.50
May 16, 2024;May 17, 2024;9,452.25;17,922.00;4,443.25;37,632.25;240.00;-;30,737.75;7,446.50;9,865.50;2,447.25
May 17, 2024;May 18, 2024;9,502.75;19,952.75;17,692.75;12,697.00;240.00;-;23,652.50;7,814.50;10,986.75;2,289.50
May 18, 2024;May 19, 2024;9,448.00;20,135.25;12,043.50;39,514.00;240.00;-;10,197.00;7,719.00;9,013.00;1,872.00
May 19, 2024;May 20, 2024;9,316.75;18,988.75;5,901.50;40,874.75;240.00;-;5,450.00;7,645.75;7,443.25;1,872.00
May 20, 2024;May 21, 2024;9,236.25;18,609.25;2,768.50;50,452.50;240.00;-;5,075.75;7,595.00;9,892.25;1,872.00
May 21, 2024;May 22, 2024;9,238.00;18,646.00;9,883.50;14,159.50;240.00;-;19,734.50;8,591.50;9,283.50;1,872.00
May 22, 2024;May 23, 2024;9,284.75;19,007.75;9,991.75;33,358.25;240.00;-;17,392.50;7,992.00;8,815.75;1,872.00
May 23, 2024;May 24, 2024;9,471.00;19,711.00;2,729.75;28,795.50;240.00;-;13,048.00;7,919.25;9,124.75;1,872.00
May 24, 2024;May 25, 2024;9,406.50;19,043.50;1,597.50;32,687.25;240.00;-;17,218.75;7,987.25;10,442.50;1,872.00
May 25, 2024;May 26, 2024;9,284.75;18,947.25;801.25;46,144.50;240.00;-;5,113.00;7,774.25;5,529.00;1,872.00
May 26, 2024;May 27, 2024;9,404.00;18,149.50;1,783.00;44,437.25;240.00;-;4,722.50;7,671.75;4,455.50;1,872.00
May 27, 2024;May 28, 2024;9,372.50;19,373.25;2,054.25;27,896.50;240.00;-;7,440.25;7,994.25;7,296.75;1,872.00
May 28, 2024;May 29, 2024;9,357.50;20,035.75;6,178.00;44,558.00;240.00;-;8,168.75;7,927.25;6,135.50;1,872.00
May 29, 2024;May 30, 2024;9,605.00;19,009.75;6,211.75;25,583.00;240.00;-;9,969.50;7,866.00;7,307.00;1,872.00
May 30, 2024;May 31, 2024;9,600.75;19,400.25;7,480.00;34,986.00;240.00;-;5,375.00;7,664.50;8,961.25;1,872.00
May 31, 2024;Jun 1, 2024;9,476.00;17,815.50;9,740.75;11,776.75;240.00;-;6,163.75;7,928.25;8,013.75;1,872.00
Jun 1, 2024;Jun 2, 2024;9,546.50;13,588.25;15,509.50;11,930.00;240.00;-;5,900.75;7,570.25;9,504.50;1,872.00
Jun 2, 2024;Jun 3, 2024;9,507.75;13,383.25;3,354.25;21,162.00;240.00;-;5,400.50;7,359.25;5,299.75;1,872.00
Jun 3, 2024;Jun 4, 2024;9,221.50;16,143.75;2,748.25;21,210.50;240.00;-;8,885.25;8,408.25;15,409.75;3,267.00
Jun 4, 2024;Jun 5, 2024;9,169.25;15,884.75;762.25;45,990.75;240.00;-;9,054.50;7,589.75;13,011.00;1,985.75
Jun 5, 2024;Jun 6, 2024;9,067.50;16,713.50;5,617.75;35,295.00;240.00;-;8,325.75;7,430.25;25,320.75;2,103.75
Jun 6, 2024;Jun 7, 2024;9,093.25;17,644.25;2,686.00;46,900.00;240.00;-;9,984.00;7,398.25;9,584.50;2,644.75
Jun 7, 2024;Jun 8, 2024;9,264.50;18,198.00;1,777.25;49,085.50;240.00;-;11,360.75;7,272.00;9,384.50;2,031.75
Jun 8, 2024;Jun 9, 2024;9,120.50;18,221.25;3,932.75;37,882.00;240.00;-;10,373.00;7,414.50;8,271.75;1,985.25
Jun 9, 2024;Jun 10, 2024;9,129.00;18,130.00;1,821.50;37,597.50;240.00;-;10,004.25;7,316.50;7,737.00;1,975.00
Jun 10, 2024;Jun 11, 2024;8,764.25;18,660.75;9,626.25;49,851.50;240.00;-;11,236.00;7,678.75;9,064.75;1,973.50
Jun 11, 2024;Jun 12, 2024;8,694.75;18,036.50;4,097.50;36,880.50;240.00;-;13,890.75;7,651.50;8,678.50;1,972.00
Jun 12, 2024;Jun 13, 2024;8,846.25;17,745.25;1,147.50;44,159.25;240.00;-;9,886.75;7,752.25;9,042.50;1,977.00
Jun 13, 2024;Jun 14, 2024;8,980.25;17,919.50;1,352.00;48,385.25;240.00;-;10,351.50;7,982.75;11,056.00;1,958.50
Jun 14, 2024;Jun 15, 2024;8,899.00;19,125.25;9,487.25;22,912.50;240.00;-;10,190.50;7,836.25;14,365.75;1,953.75
Jun 15, 2024;Jun 16, 2024;8,794.00;16,923.00;12,578.50;42,478.25;240.00;-;9,532.75;7,313.75;7,459.75;1,961.25
Jun 16, 2024;Jun 17, 2024;8,740.50;16,999.25;6,490.25;44,607.50;240.00;-;9,080.25;7,337.25;8,350.00;1,965.25
Jun 17, 2024;Jun 18, 2024;8,747.75;19,216.25;7,212.75;31,626.75;240.00;-;12,036.50;7,605.00;13,777.50;2,066.75
Jun 18, 2024;Jun 19, 2024;8,615.50;20,378.25;3,846.75;48,794.25;240.00;-;17,089.75;7,532.25;12,793.25;1,963.75
Jun 19, 2024;Jun 20, 2024;8,563.50;20,179.00;4,983.75;42,233.00;240.00;-;14,468.50;8,014.00;13,789.75;1,902.75
Jun 20, 2024;Jun 21, 2024;8,712.25;19,843.75;3,463.00;28,569.00;240.00;-;13,335.25;7,746.00;17,055.25;2,410.25
Jun 21, 2024;Jun 22, 2024;8,700.75;19,263.25;10,566.50;19,661.75;240.00;-;22,373.25;7,630.75;14,241.25;2,097.50
Jun 22, 2024;Jun 23, 2024;8,747.75;18,879.25;8,880.25;29,026.75;240.00;-;8,974.00;7,290.75;7,240.50;1,872.00
Jun 23, 2024;Jun 24, 2024;8,592.50;17,737.50;2,031.50;33,833.75;240.00;-;9,036.50;7,274.25;8,242.25;1,872.00
Jun 24, 2024;Jun 25, 2024;8,641.50;19,524.25;10,672.00;50,542.25;240.00;-;13,817.25;7,272.00;12,534.50;1,872.00
Jun 25, 2024;Jun 26, 2024;8,530.00;18,333.25;9,877.25;55,028.25;240.00;-;21,054.00;7,272.00;11,621.50;1,872.00
Jun 26, 2024;Jun 27, 2024;8,585.50;18,764.50;3,774.25;38,216.50;240.00;-;15,654.00;7,395.50;11,284.50;1,872.00
Jun 27, 2024;Jun 28, 2024;8,733.50;19,054.75;4,301.50;43,103.00;240.00;-;12,659.75;7,509.75;10,370.50;1,872.00
Jun 28, 2024;Jun 29, 2024;8,699.25;18,933.00;6,038.50;43,679.50;240.00;-;9,296.50;7,378.25;10,584.00;1,872.00
Jun 29, 2024;Jun 30, 2024;8,646.00;18,088.75;4,123.25;41,676.25;240.00;-;8,652.00;7,413.75;11,384.75;1,872.00
Jun 30, 2024;Jul 1, 2024;8,745.00;18,780.25;18,620.75;19,989.75;240.00;-;8,883.50;7,368.75;7,040.50;1,872.00
Jul 1, 2024;Jul 2, 2024;8,736.50;19,676.00;6,438.50;29,857.75;240.00;-;10,268.75;7,502.75;8,812.00;1,872.00
Jul 2, 2024;Jul 3, 2024;8,704.00;20,587.75;5,512.25;24,514.00;240.00;-;9,249.25;7,507.00;10,388.50;1,872.00
Jul 3, 2024;Jul 4, 2024;8,676.25;21,320.00;4,745.00;20,908.75;240.00;-;8,778.00;7,504.50;12,025.75;1,872.00
Jul 4, 2024;Jul 5, 2024;8,769.75;19,128.25;15,742.25;31,920.25;240.00;-;7,237.25;7,267.50;8,486.75;1,872.00
Jul 5, 2024;Jul 6, 2024;8,798.50;18,334.75;8,261.25;48,791.25;240.00;-;7,038.75;7,269.00;10,200.00;1,872.00
Jul 6, 2024;Jul 7, 2024;8,722.00;15,974.00;10,987.25;26,606.50;240.00;-;7,906.50;7,278.00;4,664.75;1,872.00
Jul 7, 2024;Jul 8, 2024;8,770.25;18,333.75;2,141.25;38,444.50;240.00;-;5,684.00;7,317.00;7,236.25;1,872.00
Jul 8, 2024;Jul 9, 2024;8,453.75;19,796.75;1,341.25;54,736.50;240.00;-;18,559.00;7,471.00;11,072.25;1,872.00
Jul 9, 2024;Jul 10, 2024;8,531.25;20,764.00;4,030.75;54,163.75;240.00;-;12,195.50;7,455.00;12,044.50;1,872.00
Jul 10, 2024;Jul 11, 2024;8,541.00;21,772.50;5,339.50;28,687.25;240.00;-;8,101.50;7,449.25;14,915.75;1,872.00
Jul 11, 2024;Jul 12, 2024;8,607.50;20,986.75;549.00;41,386.75;240.00;-;7,234.00;7,455.00;16,049.25;1,872.00
Jul 12, 2024;Jul 13, 2024;8,716.50;21,152.00;8,188.50;27,223.25;240.00;-;7,075.00;7,483.50;12,211.25;1,910.75
Jul 13, 2024;Jul 14, 2024;8,596.00;19,712.25;2,408.00;37,445.00;240.00;-;5,109.25;7,288.00;8,234.25;1,872.00
Jul 14, 2024;Jul 15, 2024;8,562.25;19,159.00;627.50;47,168.75;240.00;-;4,460.25;7,300.25;7,123.50;1,872.00
Jul 15, 2024;Jul 16, 2024;8,178.00;20,254.25;2,441.00;48,073.25;240.00;-;7,093.50;7,560.00;13,068.00;1,872.00
Jul 16, 2024;Jul 17, 2024;8,267.75;19,352.75;10,985.00;40,652.75;240.00;-;7,605.50;7,440.50;9,408.25;1,872.00
Jul 17, 2024;Jul 18, 2024;8,506.25;17,852.75;2,149.50;43,178.00;240.00;-;7,742.50;7,474.50;11,373.50;2,074.75
Jul 18, 2024;Jul 19, 2024;8,602.00;18,270.00;4,135.75;49,685.75;240.00;-;7,353.50;7,617.00;13,426.25;2,388.25
Jul 19, 2024;Jul 20, 2024;8,592.75;18,251.25;2,345.25;48,102.50;240.00;-;9,027.75;7,607.25;11,866.00;2,378.25
Jul 20, 2024;Jul 21, 2024;8,754.25;18,788.75;787.75;49,386.00;240.00;-;6,065.25;7,522.50;12,047.50;2,533.00
Jul 21, 2024;Jul 22, 2024;8,825.75;18,389.00;3,911.50;39,383.00;240.00;-;5,864.25;7,557.25;10,124.75;1,872.00
Jul 22, 2024;Jul 23, 2024;8,697.25;18,511.75;4,785.75;36,703.00;240.00;-;7,228.25;7,665.00;8,725.00;2,674.50
Jul 23, 2024;Jul 24, 2024;8,712.75;18,499.25;7,222.00;36,123.75;240.00;-;12,837.25;7,565.50;11,760.75;2,188.25
Jul 24, 2024;Jul 25, 2024;8,694.25;18,957.50;4,064.75;39,876.00;240.00;-;6,974.50;7,390.75;9,889.50;2,834.75
Jul 25, 2024;Jul 26, 2024;8,791.25;17,535.50;367.25;48,934.25;240.00;-;7,266.50;7,513.25;6,890.75;1,872.00
Jul 26, 2024;Jul 27, 2024;8,843.25;17,933.50;1,922.75;39,185.50;240.00;-;7,344.25;7,579.75;8,381.75;1,872.00
Jul 27, 2024;Jul 28, 2024;8,581.25;16,144.00;2,240.50;31,109.25;240.00;-;5,986.75;7,248.75;10,739.50;1,872.00
Jul 28, 2024;Jul 29, 2024;8,661.00;17,074.75;5,259.25;46,788.50;240.00;-;4,493.00;7,247.25;6,610.25;1,872.00
Jul 29, 2024;Jul 30, 2024;8,400.50;16,001.25;3,448.50;54,275.75;240.00;-;7,341.00;7,385.00;7,917.50;3,165.25
Jul 30, 2024;Jul 31, 2024;8,547.50;15,609.50;3,421.75;50,094.50;240.00;-;9,722.00;7,400.50;10,932.00;2,708.00
Jul 31, 2024;Aug 1, 2024;8,606.75;15,791.50;1,869.25;43,149.25;240.00;-;16,420.75;8,502.75;6,431.25;3,683.25
Aug 1, 2024;Aug 2, 2024;8,748.00;17,965.00;4,076.75;24,251.50;240.00;-;20,314.25;7,282.25;10,132.25;2,598.50
Aug 2, 2024;Aug 3, 2024;8,891.00;16,809.75;7,158.25;36,566.25;240.00;-;13,024.75;7,465.50;10,861.75;3,992.50
Aug 3, 2024;Aug 4, 2024;8,906.50;15,472.50;3,419.25;38,523.50;240.00;-;6,120.25;7,407.00;9,102.00;1,872.00
Aug 4, 2024;Aug 5, 2024;8,768.00;15,393.25;4,600.75;32,841.75;240.00;-;5,120.00;7,360.50;6,217.00;1,872.00
Aug 5, 2024;Aug 6, 2024;8,401.75;14,481.00;442.75;44,946.50;240.00;-;12,644.75;7,431.75;10,886.00;1,872.00
Aug 6, 2024;Aug 7, 2024;8,628.75;14,676.50;1,154.00;50,441.75;240.00;-;17,178.75;7,437.75;11,612.50;1,872.00
Aug 7, 2024;Aug 8, 2024;8,703.25;15,196.25;2,674.75;34,523.25;240.00;-;24,767.75;7,447.75;11,664.50;3,742.50
Aug 8, 2024;Aug 9, 2024;8,817.75;15,690.50;1,504.25;34,822.25;240.00;-;15,864.25;7,451.50;14,181.75;4,684.75
Aug 9, 2024;Aug 10, 2024;8,808.00;14,492.50;3,929.25;47,180.25;240.00;-;6,162.25;7,363.00;9,216.50;3,805.00
Aug 10, 2024;Aug 11, 2024;8,707.00;13,070.25;2,002.50;47,722.75;240.00;-;4,827.00;7,306.00;12,153.25;2,738.25
Aug 11, 2024;Aug 12, 2024;8,540.75;11,748.75;1,767.75;50,828.50;240.00;-;4,125.25;7,332.75;9,445.00;1,872.00
Aug 12, 2024;Aug 13, 2024;8,537.50;13,405.50;3,354.75;43,910.25;240.00;-;12,852.00;7,424.25;11,132.50;3,540.00
Aug 13, 2024;Aug 14, 2024;8,513.25;13,025.75;3,837.50;42,994.50;240.00;-;20,989.25;7,447.75;7,378.00;3,478.25
Aug 14, 2024;Aug 15, 2024;8,473.75;14,088.50;3,493.50;42,125.00;240.00;-;26,299.50;7,465.75;13,390.00;4,121.75
Aug 15, 2024;Aug 16, 2024;8,700.00;13,421.00;1,008.50;45,941.25;240.00;-;15,820.50;7,409.75;5,893.75;4,016.75
Aug 16, 2024;Aug 17, 2024;8,744.25;11,697.75;924.50;43,144.00;240.00;-;13,240.75;7,429.50;12,423.50;4,349.50
Aug 17, 2024;Aug 18, 2024;8,821.25;11,574.75;1,179.25;36,825.00;240.00;-;13,398.50;7,417.75;5,168.75;1,872.00
Aug 18, 2024;Aug 19, 2024;8,591.25;13,272.25;5,218.75;12,875.75;240.00;-;11,759.75;7,435.75;3,799.50;1,872.00
Aug 19, 2024;Aug 20, 2024;8,709.25;16,285.25;3,874.25;30,720.00;240.00;-;31,222.00;7,459.75;8,495.50;3,315.25
Aug 20, 2024;Aug 21, 2024;8,639.00;15,874.00;926.50;25,391.50;240.00;-;7,558.75;7,441.25;11,707.75;3,610.00
Aug 21, 2024;Aug 22, 2024;8,738.25;13,496.50;7,292.50;38,874.25;240.00;-;6,529.00;7,380.50;9,799.25;3,925.00
Aug 22, 2024;Aug 23, 2024;8,758.00;14,418.25;1,027.25;47,947.25;240.00;-;6,285.25;7,379.50;11,417.25;1,872.00
Aug 23, 2024;Aug 24, 2024;8,838.75;11,809.75;7,151.00;47,662.75;240.00;-;5,806.25;7,299.75;9,375.75;1,872.00
Aug 24, 2024;Aug 25, 2024;8,858.75;11,297.50;7,761.50;47,395.25;240.00;-;4,699.75;7,346.50;9,259.75;2,574.75
Aug 25, 2024;Aug 26, 2024;8,918.50;13,026.25;8,880.00;31,335.50;240.00;-;4,022.50;7,306.00;5,723.50;1,872.00
Aug 26, 2024;Aug 27, 2024;8,885.75;12,800.75;649.75;34,865.50;240.00;-;17,024.50;7,521.50;13,161.75;2,750.25
Aug 27, 2024;Aug 28, 2024;8,813.25;11,281.50;6,568.75;44,504.25;240.00;-;24,254.00;7,329.50;7,904.75;2,903.25
Aug 28, 2024;Aug 29, 2024;8,846.75;11,542.50;1,914.75;46,282.75;240.00;-;28,631.25;7,247.50;12,277.00;2,077.25
Aug 29, 2024;Aug 30, 2024;8,970.50;11,484.50;860.00;43,699.00;240.00;-;33,067.75;7,304.00;13,687.50;4,019.25
Aug 30, 2024;Aug 31, 2024;8,542.25;8,817.50;1,711.00;41,536.25;240.00;-;35,791.00;7,355.25;8,787.00;3,110.00
Aug 31, 2024;Sep 1, 2024;8,693.75;8,691.00;7,750.00;42,722.75;240.00;-;14,047.50;7,248.00;7,808.50;2,916.25
Sep 1, 2024;Sep 2, 2024;8,884.00;8,531.00;7,323.50;42,804.50;240.00;-;11,297.75;7,248.00;3,159.75;1,872.00
Sep 2, 2024;Sep 3, 2024;8,843.00;10,990.75;1,615.50;27,432.75;240.00;-;38,020.75;7,248.00;7,558.25;4,461.00
Sep 3, 2024;Sep 4, 2024;8,798.50;11,701.00;478.50;37,037.25;240.00;-;36,349.50;7,248.00;10,432.00;3,603.50
Sep 4, 2024;Sep 5, 2024;8,813.75;11,439.50;1,556.25;30,437.25;240.00;-;36,327.50;7,248.00;6,498.00;1,872.00
Sep 5, 2024;Sep 6, 2024;9,000.50;12,310.25;11,545.75;35,026.00;240.00;-;36,885.50;7,263.75;6,258.50;3,396.75
Sep 6, 2024;Sep 7, 2024;8,890.75;12,626.75;1,918.75;33,514.25;240.00;-;42,451.50;7,245.00;7,297.50;3,837.00
Sep 7, 2024;Sep 8, 2024;8,949.00;10,770.00;2,472.75;46,040.50;240.00;-;8,598.25;7,248.00;6,393.75;2,384.25
Sep 8, 2024;Sep 9, 2024;8,780.50;10,574.75;5,580.75;15,725.00;240.00;-;12,392.00;7,559.75;5,438.25;2,052.00
Sep 9, 2024;Sep 10, 2024;8,712.75;12,825.00;14,072.00;21,275.00;240.00;-;30,487.50;7,268.25;7,876.25;1,872.00
Sep 10, 2024;Sep 11, 2024;8,717.25;13,346.00;12,779.50;25,009.00;240.00;-;6,641.50;7,255.75;2,927.00;4,720.25
Sep 11, 2024;Sep 12, 2024;8,649.00;13,642.00;17,684.75;9,673.00;240.00;-;29,367.25;7,473.00;3,782.75;5,863.00
Sep 12, 2024;Sep 13, 2024;8,727.00;15,890.25;3,982.50;29,643.50;240.00;-;34,462.25;7,248.00;7,087.50;4,617.75
Sep 13, 2024;Sep 14, 2024;8,786.00;14,090.75;8,283.00;24,503.50;240.00;-;20,273.50;7,248.00;6,752.50;3,454.50
Sep 14, 2024;Sep 15, 2024;8,685.00;14,408.25;12,356.25;22,092.25;240.00;-;4,804.25;7,247.25;3,530.75;3,447.25
Sep 15, 2024;Sep 16, 2024;8,685.50;14,729.00;6,230.75;36,917.50;240.00;-;9,024.75;7,248.00;4,824.75;1,872.00
Sep 16, 2024;Sep 17, 2024;8,565.25;15,980.50;7,474.75;8,349.75;240.00;-;44,968.00;7,288.50;12,944.25;1,872.00
Sep 17, 2024;Sep 18, 2024;8,533.25;15,245.00;16,684.50;16,851.00;240.00;-;37,183.00;7,248.00;6,895.50;5,826.75
Sep 18, 2024;Sep 19, 2024;8,596.50;14,821.25;24,901.25;37,016.75;240.00;-;19,542.50;7,254.75;8,818.25;2,911.00
Sep 19, 2024;Sep 20, 2024;8,784.25;12,811.50;22,351.25;41,565.00;240.00;-;7,955.50;7,248.00;8,735.00;4,608.25
Sep 20, 2024;Sep 21, 2024;8,999.00;12,173.50;11,189.50;41,804.25;240.00;-;12,138.00;7,371.75;7,370.50;1,872.00
Sep 21, 2024;Sep 22, 2024;9,130.50;10,871.00;1,850.00;41,985.00;240.00;-;4,668.75;7,251.00;7,036.75;2,779.00
Sep 22, 2024;Sep 23, 2024;9,095.00;12,561.25;363.50;32,215.75;240.00;-;13,952.50;7,250.00;8,929.75;1,872.00
Sep 23, 2024;Sep 24, 2024;8,947.25;11,785.50;2,050.25;16,583.75;240.00;-;39,395.25;7,389.25;9,143.75;4,217.50
Sep 24, 2024;Sep 25, 2024;8,947.00;14,543.00;15,985.50;24,489.50;240.00;-;30,291.25;7,342.75;5,594.00;4,611.25
Sep 25, 2024;Sep 26, 2024;8,990.00;12,848.50;14,453.75;22,933.25;240.00;-;12,421.50;7,510.00;8,249.75;4,758.00
Sep 26, 2024;Sep 27, 2024;8,998.00;13,770.25;29,708.25;6,123.00;240.00;-;24,526.50;7,388.75;5,423.75;6,839.75
Sep 27, 2024;Sep 28, 2024;8,957.00;15,958.50;24,146.50;18,636.75;240.00;-;16,577.25;7,258.00;3,149.50;1,872.00
Sep 28, 2024;Sep 29, 2024;9,051.50;15,180.25;8,323.50;21,339.50;240.00;-;6,311.50;7,258.75;6,296.75;1,872.00
Sep 29, 2024;Sep 30, 2024;9,131.75;15,556.75;7,417.25;32,370.75;240.00;-;5,077.00;7,261.25;5,891.25;1,872.00
Sep 30, 2024;Oct 1, 2024;8,960.00;14,944.00;9,981.75;18,949.75;240.00;-;16,148.50;9,556.25;3,266.50;3,097.50
Oct 1, 2024;Oct 2, 2024;9,046.50;16,675.50;11,848.25;17,884.50;240.00;-;23,942.25;7,823.25;14,576.00;1,872.00
Oct 2, 2024;Oct 3, 2024;9,111.75;16,630.00;3,215.50;17,205.50;240.00;-;30,520.50;7,245.25;6,591.50;1,872.00
Oct 3, 2024;Oct 4, 2024;9,554.50;17,137.25;8,428.00;10,588.75;240.00;-;8,001.75;7,248.00;7,663.50;1,872.00
Oct 4, 2024;Oct 5, 2024;9,456.75;17,569.25;9,317.00;11,589.75;240.00;-;26,826.75;7,240.00;10,226.75;1,872.00
Oct 5, 2024;Oct 6, 2024;9,519.25;15,871.25;3,561.00;15,613.50;240.00;-;8,785.75;7,248.00;5,455.00;1,872.00
Oct 6, 2024;Oct 7, 2024;9,648.50;14,841.50;5,876.50;20,859.50;240.00;-;6,538.00;7,247.00;3,712.75;1,872.00
Oct 7, 2024;Oct 8, 2024;9,470.50;16,227.00;7,107.75;15,002.00;240.00;-;21,698.75;7,248.75;13,104.25;2,232.25
Oct 8, 2024;Oct 9, 2024;9,699.25;16,724.25;7,910.50;8,003.25;240.00;-;16,831.75;7,249.75;8,091.25;1,872.00
Oct 9, 2024;Oct 10, 2024;9,790.50;16,929.00;16,757.25;19,739.50;240.00;-;13,665.75;7,400.75;12,053.25;4,174.00
Oct 10, 2024;Oct 11, 2024;9,672.50;17,909.25;24,205.00;15,330.50;240.00;-;25,751.25;7,605.00;9,767.25;3,692.75
Oct 11, 2024;Oct 12, 2024;9,795.75;19,365.50;6,344.25;19,505.25;240.00;-;8,611.00;7,584.25;13,570.25;4,037.25
Oct 12, 2024;Oct 13, 2024;9,682.25;17,554.75;14,644.00;19,714.50;240.00;-;6,590.25;7,252.00;6,283.25;1,872.00
Oct 13, 2024;Oct 14, 2024;9,644.75;16,536.00;19,124.00;19,521.25;240.00;-;19,938.75;7,254.25;3,069.25;1,872.00
Oct 14, 2024;Oct 15, 2024;9,473.50;18,608.50;6,756.25;12,588.75;240.00;-;49,063.00;8,240.75;13,155.00;2,354.75
Oct 15, 2024;Oct 16, 2024;9,464.25;18,305.00;5,768.50;10,300.00;240.00;-;37,534.25;7,285.00;12,123.50;2,011.75
Oct 16, 2024;Oct 17, 2024;9,509.75;17,400.00;12,360.75;13,972.50;240.00;-;20,704.75;7,742.25;5,025.50;1,872.00
Oct 17, 2024;Oct 18, 2024;9,801.00;16,408.25;5,222.50;22,604.75;240.00;-;28,424.00;7,291.25;7,285.00;1,872.00
Oct 18, 2024;Oct 19, 2024;9,736.75;17,791.00;4,369.50;7,368.00;240.00;-;32,542.25;7,267.25;15,576.00;1,872.00
Oct 19, 2024;Oct 20, 2024;9,701.00;16,856.50;2,389.25;12,219.75;240.00;-;6,413.00;7,261.75;6,983.25;1,872.00
Oct 20, 2024;Oct 21, 2024;9,684.25;13,684.50;2,048.75;13,206.00;240.00;-;11,134.50;7,268.00;4,023.50;1,872.00
Oct 21, 2024;Oct 22, 2024;9,533.00;14,992.75;4,355.50;23,792.75;240.00;-;40,372.25;7,384.00;12,366.50;1,872.00
Oct 22, 2024;Oct 23, 2024;9,663.00;13,271.50;9,181.00;9,416.25;240.00;-;46,571.75;7,437.50;6,319.25;1,872.00
Oct 23, 2024;Oct 24, 2024;10,458.00;14,135.75;5,270.25;17,675.00;240.00;-;54,083.25;7,705.25;9,970.25;1,888.25
Oct 24, 2024;Oct 25, 2024;9,759.25;14,595.50;3,330.50;9,266.75;240.00;-;50,472.75;7,735.75;7,501.50;2,128.50
Oct 25, 2024;Oct 26, 2024;9,787.75;14,105.50;2,637.25;22,063.50;240.00;-;52,475.75;8,233.25;11,181.25;2,313.25
Oct 26, 2024;Oct 27, 2024;9,792.00;12,544.50;5,628.50;15,530.50;240.00;-;45,647.50;7,687.75;7,748.50;1,872.00
Oct 27, 2024;Oct 28, 2024;10,319.50;11,385.50;1,148.50;18,033.00;250.00;-;14,880.75;8,028.00;7,011.75;1,950.00
Oct 28, 2024;Oct 29, 2024;9,856.75;11,074.75;928.25;23,335.50;240.00;-;37,466.75;7,735.25;6,790.25;1,872.00
Oct 29, 2024;Oct 30, 2024;9,927.50;12,079.25;978.50;22,024.50;240.00;-;59,168.50;8,041.75;9,615.50;1,872.00
Oct 30, 2024;Oct 31, 2024;9,915.50;12,232.00;420.75;16,243.50;240.00;-;61,474.25;8,022.50;10,554.00;1,872.00
Oct 31, 2024;Nov 1, 2024;9,897.00;12,457.25;320.00;5,827.00;240.00;-;43,166.25;9,187.25;11,041.00;2,551.00
Nov 1, 2024;Nov 2, 2024;10,004.50;9,577.75;1,763.50;14,370.50;240.00;-;7,275.00;7,269.00;3,736.50;1,872.00
Nov 2, 2024;Nov 3, 2024;10,180.25;9,902.00;3,938.00;4,975.25;240.00;-;6,580.50;7,269.00;7,135.75;1,872.00
Nov 3, 2024;Nov 4, 2024;10,260.50;8,828.25;3,275.25;9,830.00;240.00;-;18,065.50;7,268.00;3,781.75;1,872.00
Nov 4, 2024;Nov 5, 2024;10,393.00;9,662.75;5,530.00;14,202.75;240.00;-;57,280.75;7,468.25;9,747.50;2,097.25
Nov 5, 2024;Nov 6, 2024;10,189.75;10,548.00;3,707.50;15,319.50;240.00;-;59,506.50;8,110.75;10,342.25;2,452.25
Nov 6, 2024;Nov 7, 2024;10,118.50;12,320.25;1,096.25;9,524.50;240.00;-;59,380.75;8,987.25;16,054.75;4,748.00
Nov 7, 2024;Nov 8, 2024;10,294.25;11,664.25;822.00;3,358.50;240.00;-;62,405.75;8,575.75;16,528.00;2,277.00
Nov 8, 2024;Nov 9, 2024;10,233.50;10,377.00;2,564.25;4,009.50;240.00;-;67,771.25;7,457.50;7,103.25;1,872.00
Nov 9, 2024;Nov 10, 2024;10,323.25;9,689.75;693.75;11,494.50;240.00;-;61,354.75;7,271.75;7,229.75;1,872.00
Nov 10, 2024;Nov 11, 2024;10,440.50;9,699.25;533.50;6,849.50;240.00;-;47,570.25;7,361.00;6,967.75;1,872.00
Nov 11, 2024;Nov 12, 2024;10,547.75;9,406.25;1,462.50;5,181.00;240.00;-;60,972.00;8,322.75;10,232.25;2,510.50
Nov 12, 2024;Nov 13, 2024;10,336.50;11,626.75;6,056.00;3,714.00;240.00;-;67,071.00;8,479.50;12,611.00;2,108.50
Nov 13, 2024;Nov 14, 2024;10,258.50;10,507.50;726.00;3,005.75;240.00;-;66,829.25;9,912.25;13,886.00;4,625.25
Nov 14, 2024;Nov 15, 2024;10,311.75;8,042.75;2,539.00;5,229.25;240.00;-;64,040.50;7,660.75;6,302.00;2,113.25
Nov 15, 2024;Nov 16, 2024;10,474.00;7,954.25;502.00;7,489.75;240.00;-;63,867.00;7,747.25;9,080.00;2,362.50
Nov 16, 2024;Nov 17, 2024;10,479.00;7,966.00;5,284.50;12,142.25;240.00;-;55,421.50;7,271.25;4,519.25;1,872.00
Nov 17, 2024;Nov 18, 2024;10,620.25;8,108.50;20,320.75;6,952.75;240.00;-;57,211.00;7,488.00;2,215.75;1,872.00
Nov 18, 2024;Nov 19, 2024;10,671.75;8,126.25;23,929.25;7,146.50;240.00;-;65,862.00;8,518.25;6,124.50;3,137.00
Nov 19, 2024;Nov 20, 2024;10,734.00;9,048.25;33,185.75;4,229.75;240.00;-;59,643.75;7,741.25;4,559.25;1,872.00
Nov 20, 2024;Nov 21, 2024;10,831.00;11,915.50;22,485.25;13,072.00;240.00;-;49,813.25;7,608.25;4,509.25;1,872.00
Nov 21, 2024;Nov 22, 2024;10,806.50;11,284.50;13,926.25;6,620.00;240.00;-;40,636.50;8,428.00;8,996.50;2,196.75
Nov 22, 2024;Nov 23, 2024;10,811.75;11,545.50;24,570.75;4,983.00;240.00;-;41,516.25;7,509.25;6,672.50;2,233.50
Nov 23, 2024;Nov 24, 2024;10,944.75;10,927.75;18,570.00;8,150.25;240.00;-;36,533.25;7,261.00;2,312.25;1,872.00
Nov 24, 2024;Nov 25, 2024;11,163.00;11,289.25;19,449.50;10,655.25;240.00;-;28,717.75;7,251.25;1,824.25;1,872.00
Nov 25, 2024;Nov 26, 2024;11,262.00;12,081.25;20,212.50;11,090.75;240.00;-;47,148.75;7,260.25;4,803.25;1,872.00
Nov 26, 2024;Nov 27, 2024;11,165.25;14,212.25;12,833.50;8,342.50;240.00;-;52,392.75;9,703.75;6,721.00;1,872.00
Nov 27, 2024;Nov 28, 2024;11,060.75;14,317.25;13,722.50;15,662.00;240.00;-;42,595.50;9,319.50;6,130.25;1,872.00
Nov 28, 2024;Nov 29, 2024;11,043.50;13,656.75;20,045.25;6,325.75;240.00;-;47,638.00;13,680.75;4,419.50;2,452.25
Nov 29, 2024;Nov 30, 2024;11,086.50;15,738.50;7,295.25;16,250.50;240.00;-;50,091.00;9,270.00;7,351.50;3,385.25
Nov 30, 2024;Dec 1, 2024;11,112.25;13,994.50;13,372.75;15,014.25;240.00;-;35,669.50;7,262.00;3,059.00;1,872.00
Dec 1, 2024;Dec 2, 2024;11,002.75;12,343.25;4,010.25;11,181.25;240.00;-;24,753.25;7,855.00;4,275.00;1,872.00
Dec 2, 2024;Dec 3, 2024;10,820.25;13,482.00;9,410.25;5,394.75;240.00;-;53,030.75;8,013.00;8,219.25;1,872.00
Dec 3, 2024;Dec 4, 2024;11,189.75;17,516.25;11,245.00;6,796.25;240.00;-;61,449.25;8,240.50;8,086.75;1,872.00
Dec 4, 2024;Dec 5, 2024;11,204.25;16,456.75;1,427.50;7,208.25;240.00;-;58,986.25;8,953.00;12,279.00;1,936.75
Dec 5, 2024;Dec 6, 2024;11,155.00;13,804.25;10,669.50;11,103.25;240.00;-;39,763.25;7,729.75;5,408.50;1,872.00
Dec 6, 2024;Dec 7, 2024;11,034.75;14,182.00;33,181.00;6,893.00;240.00;-;38,407.50;7,628.75;9,887.25;1,872.00
Dec 7, 2024;Dec 8, 2024;11,096.75;14,367.00;20,991.25;2,071.25;240.00;-;29,019.25;7,256.00;1,921.00;1,872.00
Dec 8, 2024;Dec 9, 2024;10,874.50;14,499.25;8,721.75;6,464.75;240.00;-;13,731.50;7,267.75;3,533.00;1,872.00
Dec 9, 2024;Dec 10, 2024;10,607.00;14,153.75;15,555.00;1,827.75;240.00;-;35,901.00;9,032.00;6,049.00;1,872.00
Dec 10, 2024;Dec 11, 2024;10,945.75;16,734.75;10,765.00;1,938.50;240.00;-;41,500.25;9,448.00;11,275.00;1,872.00
Dec 11, 2024;Dec 12, 2024;10,999.50;18,786.75;2,497.25;2,139.75;240.00;-;44,559.75;11,492.00;16,072.00;4,807.50
Dec 12, 2024;Dec 13, 2024;11,016.50;17,983.00;862.00;2,046.50;240.00;-;43,380.00;10,154.00;15,234.50;4,122.75
Dec 13, 2024;Dec 14, 2024;10,907.50;16,260.50;1,392.50;4,528.25;240.00;-;48,449.50;8,718.50;13,497.75;1,872.00
Dec 14, 2024;Dec 15, 2024;10,920.75;11,459.00;9,965.25;5,697.25;240.00;-;40,080.50;7,742.00;6,295.75;1,872.00
Dec 15, 2024;Dec 16, 2024;11,069.50;11,161.00;22,241.00;6,015.25;240.00;-;53,329.50;7,496.50;2,209.75;1,872.00
Dec 16, 2024;Dec 17, 2024;11,131.00;11,031.50;23,556.00;8,854.00;240.00;-;75,085.75;9,726.75;4,463.75;1,886.75
Dec 17, 2024;Dec 18, 2024;11,205.75;10,606.50;6,738.75;7,071.00;240.00;-;61,224.00;7,573.25;8,824.25;1,872.00
Dec 18, 2024;Dec 19, 2024;11,071.50;10,209.50;21,369.00;7,429.50;240.00;-;29,330.75;7,247.50;5,670.00;1,872.00
Dec 19, 2024;Dec 20, 2024;11,098.25;10,710.50;27,872.75;3,704.25;240.00;-;45,655.00;9,094.50;5,589.25;1,872.00
Dec 20, 2024;Dec 21, 2024;11,097.25;12,537.00;18,274.00;5,264.50;240.00;-;47,217.00;11,821.25;11,330.00;1,872.00
Dec 21, 2024;Dec 22, 2024;10,930.50;11,150.75;26,472.50;6,266.75;240.00;-;30,558.50;9,079.50;4,364.25;1,872.00
Dec 22, 2024;Dec 23, 2024;10,935.25;12,995.25;26,785.75;2,899.25;240.00;-;14,004.25;7,524.00;7,763.50;1,872.00
Dec 23, 2024;Dec 24, 2024;10,722.50;15,142.75;11,861.00;2,710.75;240.00;-;31,408.50;9,219.25;3,317.75;1,872.00
Dec 24, 2024;Dec 25, 2024;10,514.75;14,213.75;4,405.75;5,976.25;240.00;-;37,737.75;7,255.50;3,727.00;1,872.00
Dec 25, 2024;Dec 26, 2024;10,372.00;14,349.75;2,261.50;11,401.00;240.00;-;33,531.50;7,257.50;3,538.00;1,872.00
Dec 26, 2024;Dec 27, 2024;10,566.00;14,478.25;15,271.75;15,487.25;240.00;-;51,860.25;7,371.25;4,612.00;1,872.00
Dec 27, 2024;Dec 28, 2024;10,493.75;13,632.00;9,040.50;12,439.75;240.00;-;61,618.25;7,728.00;8,005.75;1,872.00
Dec 28, 2024;Dec 29, 2024;10,534.00;12,779.50;1,649.50;11,370.00;240.00;-;62,559.75;7,705.50;6,396.50;1,872.00
Dec 29, 2024;Dec 30, 2024;10,443.00;11,756.75;2,622.00;8,745.50;240.00;-;49,248.50;10,843.25;4,832.00;1,872.00
Dec 30, 2024;Dec 31, 2024;10,294.50;11,830.00;356.50;5,112.50;240.00;-;69,984.25;14,481.25;7,565.00;1,872.00
Dec 31, 2024;Jan 1, 2025;12,015.50;11,516.25;7,645.00;12,572.50;240.00;-;39,939.75;14,099.00;6,192.25;1,872.00
Jan 1, 2025;Jan 2, 2025;10,716.25;11,871.00;26,833.50;15,078.25;240.00;-;37,529.75;14,433.00;2,528.00;2,856.00
Jan 2, 2025;Jan 3, 2025;10,797.75;11,661.50;19,857.00;2,216.00;240.00;-;40,803.00;9,159.25;8,649.25;2,856.00
Jan 3, 2025;Jan 4, 2025;10,627.00;12,730.50;11,699.00;6,865.25;240.00;-;53,156.50;15,211.75;3,059.25;2,861.75
Jan 4, 2025;Jan 5, 2025;10,847.75;12,989.00;4,962.25;9,762.50;240.00;-;35,544.75;7,822.25;9,973.25;2,859.00
Jan 5, 2025;Jan 6, 2025;10,959.50;14,039.75;22,005.00;3,055.50;240.00;-;11,243.25;7,725.00;3,862.75;2,856.00
Jan 6, 2025;Jan 7, 2025;11,077.25;15,333.50;30,112.75;9,019.00;240.00;-;26,199.00;7,558.25;1,994.25;2,856.00
Jan 7, 2025;Jan 8, 2025;11,112.00;15,419.00;28,068.75;9,790.75;240.00;-;41,483.50;9,078.50;7,462.25;2,856.00
Jan 8, 2025;Jan 9, 2025;11,161.75;14,945.25;12,115.25;1,948.50;240.00;-;61,904.50;11,892.00;9,726.75;3,197.00
Jan 9, 2025;Jan 10, 2025;11,249.00;15,362.00;32,326.75;5,962.75;240.00;-;58,509.75;8,090.75;13,884.75;3,061.75
Jan 10, 2025;Jan 11, 2025;11,363.00;16,050.50;13,347.50;13,141.00;240.00;-;53,680.75;9,063.75;8,419.25;2,856.25
Jan 11, 2025;Jan 12, 2025;11,362.75;15,838.75;5,107.25;11,294.00;240.00;-;54,302.25;9,441.00;3,257.25;2,995.25
Jan 12, 2025;Jan 13, 2025;11,402.25;16,922.25;6,014.25;13,483.25;240.00;-;49,304.75;9,391.00;9,351.50;2,856.00
Jan 13, 2025;Jan 14, 2025;11,245.50;17,620.00;9,730.75;15,586.00;240.00;-;60,319.25;9,042.75;15,917.00;7,167.50
Jan 14, 2025;Jan 15, 2025;11,117.75;17,159.25;5,897.00;20,988.75;240.00;-;54,977.00;15,471.50;10,518.00;8,539.75
Jan 15, 2025;Jan 16, 2025;11,045.00;17,044.25;2,611.50;4,796.25;240.00;-;57,498.75;13,514.25;15,434.50;4,732.50
Jan 16, 2025;Jan 17, 2025;11,205.25;16,450.75;6,666.00;10,781.50;240.00;-;55,665.00;11,518.75;14,917.50;2,870.25
Jan 17, 2025;Jan 18, 2025;11,315.50;16,755.00;3,652.00;3,549.00;240.00;-;57,486.25;10,059.00;16,406.75;4,011.25
Jan 18, 2025;Jan 19, 2025;11,353.75;15,211.75;4,017.75;11,135.25;240.00;-;58,754.50;9,402.50;9,806.50;2,856.00
Jan 19, 2025;Jan 20, 2025;11,369.75;13,797.00;6,785.75;15,760.75;240.00;-;53,387.75;9,299.50;4,589.00;2,856.00
Jan 20, 2025;Jan 21, 2025;11,418.00;16,518.25;2,181.00;12,276.00;240.00;-;65,838.50;8,927.75;18,909.75;4,084.75
Jan 21, 2025;Jan 22, 2025;11,363.25;17,032.75;1,922.25;14,258.50;240.00;-;68,341.75;11,949.25;16,075.75;4,473.00
Jan 22, 2025;Jan 23, 2025;11,301.00;14,725.00;9,895.00;7,134.50;240.00;-;66,016.25;8,094.50;13,222.25;3,318.50
Jan 23, 2025;Jan 24, 2025;11,284.25;12,542.50;24,269.75;7,980.00;240.00;-;62,118.25;9,761.25;6,962.75;2,902.25
Jan 24, 2025;Jan 25, 2025;11,254.50;12,587.00;21,976.00;11,383.75;240.00;-;56,323.50;8,008.00;2,809.75;2,856.00
Jan 25, 2025;Jan 26, 2025;11,402.25;11,816.00;16,411.00;13,230.75;240.00;-;32,405.00;7,771.00;9,813.00;2,856.00
Jan 26, 2025;Jan 27, 2025;11,296.50;12,090.50;21,691.00;16,163.25;240.00;-;35,007.25;7,606.50;6,269.25;2,856.00
Jan 27, 2025;Jan 28, 2025;11,350.25;12,805.25;29,491.25;4,773.75;240.00;-;36,835.75;10,756.75;4,997.50;2,856.00
Jan 28, 2025;Jan 29, 2025;11,389.50;16,425.25;15,763.00;6,802.25;240.00;-;41,242.50;7,873.25;12,194.25;2,856.00
Jan 29, 2025;Jan 30, 2025;11,238.00;16,152.00;21,715.50;14,176.50;240.00;-;38,925.00;8,007.00;8,404.25;2,865.50
Jan 30, 2025;Jan 31, 2025;11,153.75;17,326.50;7,802.25;14,225.00;240.00;-;60,037.00;8,039.75;10,383.50;2,856.00
Jan 31, 2025;Feb 1, 2025;11,208.00;15,452.50;4,582.25;13,122.00;240.00;-;60,054.75;8,150.25;8,417.75;2,856.00
Feb 1, 2025;Feb 2, 2025;11,238.50;14,347.50;14,196.75;20,619.75;240.00;-;64,057.75;8,059.75;6,539.25;2,856.00
Feb 2, 2025;Feb 3, 2025;11,279.00;13,662.25;4,918.75;16,626.75;240.00;-;57,330.50;7,960.75;4,024.50;2,856.00
Feb 3, 2025;Feb 4, 2025;11,163.50;15,425.50;499.25;8,954.00;240.00;-;43,579.75;8,143.00;15,597.75;2,857.00
Feb 4, 2025;Feb 5, 2025;11,176.00;15,045.50;258.50;14,595.75;240.00;-;56,239.00;8,487.00;13,852.00;2,856.00
Feb 5, 2025;Feb 6, 2025;11,095.75;14,720.25;2,598.25;22,739.50;240.00;-;63,718.25;8,218.50;11,724.25;3,105.00
Feb 6, 2025;Feb 7, 2025;11,023.00;14,400.50;4,860.75;4,181.00;240.00;-;65,645.00;8,285.00;12,018.25;2,856.00
Feb 7, 2025;Feb 8, 2025;11,226.25;12,010.50;14,426.50;15,650.50;240.00;-;67,383.75;8,276.00;2,688.75;3,524.75
Feb 8, 2025;Feb 9, 2025;11,213.50;11,873.50;11,058.75;28,548.75;240.00;-;56,111.50;8,076.00;1,938.00;2,856.00
Feb 9, 2025;Feb 10, 2025;11,088.25;11,057.00;2,467.75;17,343.25;240.00;-;57,430.25;10,438.00;4,259.25;2,856.00
Feb 10, 2025;Feb 11, 2025;11,216.00;11,824.00;7,492.00;14,354.75;240.00;-;69,869.50;12,482.00;6,961.00;3,421.25
Feb 11, 2025;Feb 12, 2025;11,054.00;12,887.50;8,181.00;5,948.50;240.00;-;67,644.75;12,254.00;9,653.75;2,856.00
Feb 12, 2025;Feb 13, 2025;11,196.00;14,446.00;7,605.50;8,770.00;240.00;-;66,818.00;11,476.75;10,729.75;2,856.00
Feb 13, 2025;Feb 14, 2025;10,996.00;16,635.75;4,057.50;4,958.50;240.00;-;65,953.25;8,479.75;16,679.25;2,856.00
Feb 14, 2025;Feb 15, 2025;11,075.75;16,449.25;3,424.75;2,057.25;240.00;-;61,047.25;9,108.00;16,101.50;3,608.00
Feb 15, 2025;Feb 16, 2025;11,089.75;16,151.25;3,369.00;10,330.25;240.00;-;64,741.50;8,269.75;9,015.25;2,856.00
Feb 16, 2025;Feb 17, 2025;11,057.00;13,872.00;8,046.00;7,503.00;240.00;-;62,535.25;8,280.00;3,278.75;2,856.00
Feb 17, 2025;Feb 18, 2025;10,761.25;14,262.00;8,209.00;21,676.50;240.00;-;63,198.25;8,323.25;11,888.75;2,856.00
Feb 18, 2025;Feb 19, 2025;10,928.25;13,183.50;14,034.50;29,046.25;240.00;-;59,578.75;8,298.25;8,870.00;2,856.00
Feb 19, 2025;Feb 20, 2025;10,926.00;12,597.25;14,800.00;27,552.00;240.00;-;60,545.50;8,111.25;7,007.75;2,856.00
Feb 20, 2025;Feb 21, 2025;10,805.75;12,108.75;3,765.25;16,908.50;240.00;-;54,454.50;9,810.25;11,316.00;2,856.00
Feb 21, 2025;Feb 22, 2025;10,787.00;11,803.50;6,192.25;30,201.25;240.00;-;43,946.25;7,954.75;4,952.75;2,856.00
Feb 22, 2025;Feb 23, 2025;10,913.75;12,303.00;4,884.50;18,972.00;240.00;-;19,378.25;7,577.75;8,385.00;2,856.00
Feb 23, 2025;Feb 24, 2025;10,810.50;12,241.75;4,140.75;20,238.00;240.00;-;14,031.00;7,558.00;6,894.00;2,856.00
Feb 24, 2025;Feb 25, 2025;10,864.00;10,995.75;7,385.50;12,878.00;240.00;-;37,492.50;7,939.25;2,698.75;2,856.00
Feb 25, 2025;Feb 26, 2025;10,845.00;13,092.25;7,787.50;10,563.00;240.00;-;59,536.50;9,485.75;12,232.00;3,473.00
Feb 26, 2025;Feb 27, 2025;11,097.00;13,203.00;16,828.00;7,208.25;240.00;-;61,093.25;9,590.25;8,917.50;3,367.75
Feb 27, 2025;Feb 28, 2025;11,195.50;12,426.75;12,746.00;17,474.00;240.00;-;55,102.75;9,611.75;6,310.75;2,856.00
Feb 28, 2025;Mar 1, 2025;11,297.75;11,474.50;6,274.75;13,613.50;240.00;-;59,821.00;9,623.00;7,602.50;2,856.00
Mar 1, 2025;Mar 2, 2025;11,191.50;10,987.00;9,112.25;22,183.00;240.00;-;56,326.25;9,633.00;7,843.25;2,856.00
Mar 2, 2025;Mar 3, 2025;11,281.50;11,629.75;12,143.00;40,621.50;240.00;-;37,264.75;9,046.25;4,866.50;2,856.00
Mar 3, 2025;Mar 4, 2025;11,013.50;12,517.25;5,451.50;42,446.50;240.00;-;48,803.25;9,648.00;8,642.75;2,856.00
Mar 4, 2025;Mar 5, 2025;10,984.00;11,813.50;2,201.75;39,919.00;240.00;-;47,924.00;9,184.50;9,891.75;2,856.00
Mar 5, 2025;Mar 6, 2025;11,117.25;10,927.25;1,194.50;41,773.25;240.00;-;36,515.00;9,138.00;9,449.50;2,856.00
Mar 6, 2025;Mar 7, 2025;11,146.75;10,526.00;2,027.25;41,592.75;240.00;-;33,364.75;9,028.25;8,868.00;3,181.25
Mar 7, 2025;Mar 8, 2025;10,946.75;10,650.50;1,395.50;40,948.25;240.00;-;34,254.50;8,971.50;8,678.25;2,856.00
Mar 8, 2025;Mar 9, 2025;11,003.00;9,529.00;2,611.00;41,661.25;240.00;-;18,156.50;8,844.75;7,535.25;2,856.00
Mar 9, 2025;Mar 10, 2025;11,051.00;9,374.75;3,302.75;40,878.50;240.00;-;17,010.50;8,248.75;6,470.75;2,856.00
Mar 10, 2025;Mar 11, 2025;10,790.75;9,510.75;8,698.25;12,490.00;240.00;-;42,207.00;8,144.75;7,837.50;2,856.00
Mar 11, 2025;Mar 12, 2025;10,698.25;9,039.00;5,198.75;30,583.00;240.00;-;52,687.75;7,876.00;6,658.25;2,856.00
Mar 12, 2025;Mar 13, 2025;10,790.50;10,042.25;1,174.75;7,451.75;240.00;-;64,967.25;8,059.25;10,537.25;4,007.00
Mar 13, 2025;Mar 14, 2025;10,716.00;11,278.75;2,441.25;12,880.50;240.00;-;60,852.25;8,174.00;9,833.25;2,856.00
Mar 14, 2025;Mar 15, 2025;10,816.50;12,632.00;3,510.75;12,628.75;240.00;-;60,934.75;8,214.00;9,196.25;2,856.00
Mar 15, 2025;Mar 16, 2025;10,899.25;10,309.75;19,433.50;11,431.50;240.00;-;13,418.25;8,040.00;4,295.25;2,856.00
Mar 16, 2025;Mar 17, 2025;10,858.50;8,860.25;8,510.75;17,210.75;240.00;-;16,764.25;7,793.50;6,254.50;2,856.00
Mar 17, 2025;Mar 18, 2025;10,881.00;9,339.50;12,438.50;31,352.00;240.00;-;39,376.00;7,687.00;7,940.50;2,856.00
Mar 18, 2025;Mar 19, 2025;10,888.50;9,117.75;19,353.25;50,384.50;240.00;-;49,042.75;7,560.00;6,967.25;2,856.00
Mar 19, 2025;Mar 20, 2025;10,863.75;8,882.00;4,093.00;48,552.00;240.00;-;49,671.75;7,705.00;8,901.25;2,980.75
Mar 20, 2025;Mar 21, 2025;10,782.00;8,770.00;2,094.50;40,514.75;240.00;-;54,295.50;7,876.25;8,055.25;2,856.00
Mar 21, 2025;Mar 22, 2025;10,626.50;8,594.25;12,102.00;35,179.50;240.00;-;27,757.75;7,793.50;7,550.00;3,042.00
Mar 22, 2025;Mar 23, 2025;10,757.00;9,784.50;10,024.25;36,020.50;240.00;-;20,408.75;7,568.00;3,548.50;2,856.00
Mar 23, 2025;Mar 24, 2025;10,636.25;9,426.25;5,744.00;21,488.75;240.00;-;22,138.25;7,646.50;5,611.00;2,856.00
Mar 24, 2025;Mar 25, 2025;10,631.75;8,965.25;1,869.00;23,386.25;240.00;-;35,355.75;7,818.75;11,197.75;2,856.00
Mar 25, 2025;Mar 26, 2025;10,609.50;9,967.50;1,787.75;29,325.25;240.00;-;42,173.50;7,810.25;5,674.25;3,109.75
Mar 26, 2025;Mar 27, 2025;10,713.75;9,154.75;3,058.50;12,144.50;240.00;-;60,361.50;7,824.00;8,642.50;2,856.00
Mar 27, 2025;Mar 28, 2025;10,480.00;8,116.75;5,413.75;33,101.75;240.00;-;44,888.00;7,813.25;8,325.75;2,856.00
Mar 28, 2025;Mar 29, 2025;10,769.25;8,502.00;3,937.00;44,252.25;240.00;-;21,231.50;7,786.25;6,483.50;2,856.00
Mar 29, 2025;Mar 30, 2025;10,817.75;8,481.75;6,372.00;18,237.75;240.00;-;13,139.25;7,712.50;9,274.75;3,036.25
Mar 30, 2025;Mar 31, 2025;10,234.00;9,662.75;12,572.75;30,708.25;230.00;-;21,326.50;7,268.00;2,036.75;2,737.00
Mar 31, 2025;Apr 1, 2025;10,362.00;8,581.50;12,397.25;18,236.25;240.00;-;31,000.00;7,727.50;8,550.25;3,251.50
Apr 1, 2025;Apr 2, 2025;10,314.00;8,300.25;21,388.50;28,874.00;240.00;-;32,628.75;7,575.00;5,344.25;2,856.00
Apr 2, 2025;Apr 3, 2025;10,311.00;8,463.50;31,433.50;47,944.50;240.00;-;29,135.25;7,631.25;6,853.25;2,856.00
Apr 3, 2025;Apr 4, 2025;10,467.50;8,024.25;19,026.00;49,059.50;240.00;-;31,522.50;7,616.50;7,624.25;2,962.00
Apr 4, 2025;Apr 5, 2025;10,656.25;8,434.00;9,820.00;49,904.75;240.00;-;39,477.25;7,579.00;8,385.50;2,856.00
Apr 5, 2025;Apr 6, 2025;10,706.25;8,101.50;7,957.25;46,848.50;240.00;-;10,755.75;7,584.00;6,931.75;2,856.00
Apr 6, 2025;Apr 7, 2025;10,603.00;7,783.00;18,584.25;54,642.00;240.00;-;13,686.50;7,571.50;5,613.75;2,856.00
Apr 7, 2025;Apr 8, 2025;10,165.50;7,846.25;13,571.25;53,080.00;240.00;-;34,181.50;7,574.50;8,687.25;2,856.00
Apr 8, 2025;Apr 9, 2025;10,219.75;9,639.25;7,615.25;51,000.25;240.00;-;45,635.75;7,816.00;10,254.00;2,856.00
Apr 9, 2025;Apr 10, 2025;10,075.75;10,591.50;5,171.75;46,711.50;240.00;-;29,081.50;7,827.25;9,902.50;2,856.00
Apr 10, 2025;Apr 11, 2025;9,852.00;8,601.75;3,548.50;47,422.00;240.00;-;33,139.50;8,063.50;11,393.75;2,927.75
Apr 11, 2025;Apr 12, 2025;10,319.25;9,484.50;3,232.25;50,314.50;240.00;-;35,086.00;8,040.75;10,319.50;2,856.00
Apr 12, 2025;Apr 13, 2025;10,406.75;7,803.00;7,408.75;48,799.00;240.00;-;18,487.00;7,889.75;11,524.50;2,856.00
Apr 13, 2025;Apr 14, 2025;10,396.50;8,311.50;11,342.50;23,985.00;240.00;-;21,287.25;7,788.25;5,608.75;2,856.00
Apr 14, 2025;Apr 15, 2025;10,048.25;9,654.50;4,461.75;37,533.00;240.00;-;39,927.75;8,040.50;10,998.25;2,876.00
Apr 15, 2025;Apr 16, 2025;9,975.50;9,549.25;8,359.50;30,855.50;240.00;-;52,616.50;7,871.00;8,107.50;3,090.00
Apr 16, 2025;Apr 17, 2025;9,976.00;10,596.50;11,318.75;32,528.50;240.00;-;35,069.75;7,748.25;8,906.00;2,870.00
Apr 17, 2025;Apr 18, 2025;10,009.00;10,570.75;6,200.50;8,199.00;240.00;-;34,264.50;8,076.50;10,313.25;2,859.25
Apr 18, 2025;Apr 19, 2025;10,009.75;9,739.00;6,989.25;13,752.00;240.00;-;35,241.50;7,982.50;8,034.00;2,867.75
Apr 19, 2025;Apr 20, 2025;10,154.50;10,010.25;1,920.50;49,104.75;240.00;-;6,819.75;7,701.50;7,717.25;2,883.00
Apr 20, 2025;Apr 21, 2025;10,252.25;9,241.75;11,540.00;34,128.75;240.00;-;3,964.25;7,890.00;9,522.25;2,857.75
Apr 21, 2025;Apr 22, 2025;10,175.00;9,136.50;6,255.00;29,623.00;240.00;-;13,716.25;8,041.75;8,084.00;2,859.50
Apr 22, 2025;Apr 23, 2025;9,948.50;9,811.25;3,796.25;36,030.25;240.00;-;41,488.00;8,058.00;8,676.00;2,861.00
Apr 23, 2025;Apr 24, 2025;9,895.25;9,714.00;5,000.75;36,125.75;240.00;-;45,600.00;7,872.00;5,795.50;2,867.00
Apr 24, 2025;Apr 25, 2025;9,844.25;12,591.50;5,563.50;22,949.50;240.00;-;17,039.50;8,085.00;9,276.00;3,057.00
Apr 25, 2025;Apr 26, 2025;10,118.75;12,501.00;2,903.00;22,404.25;240.00;-;14,607.00;8,225.50;10,873.25;3,031.75
Apr 26, 2025;Apr 27, 2025;10,176.50;9,271.00;13,440.25;23,244.50;240.00;-;7,055.75;7,988.50;8,459.00;2,856.00
Apr 27, 2025;Apr 28, 2025;10,141.00;8,724.75;9,938.25;50,565.50;240.00;-;5,713.25;7,878.00;7,348.75;2,856.00
Apr 28, 2025;Apr 29, 2025;10,002.25;10,204.50;1,922.75;52,748.75;240.00;-;11,481.75;8,024.75;9,626.25;2,856.00
Apr 29, 2025;Apr 30, 2025;9,834.75;11,286.25;3,831.75;52,791.75;240.00;-;11,618.00;7,911.00;8,382.00;2,856.00
Apr 30, 2025;May 1, 2025;9,801.00;10,068.75;3,627.50;53,106.75;240.00;-;11,297.25;7,962.50;8,516.75;2,856.00
May 1, 2025;May 2, 2025;9,710.75;9,218.00;830.25;53,962.50;240.00;-;7,409.75;7,785.25;8,234.50;2,856.00
May 2, 2025;May 3, 2025;9,560.00;10,159.00;2,794.00;52,202.00;240.00;-;10,274.50;7,887.75;7,618.00;2,856.00
May 3, 2025;May 4, 2025;9,628.50;9,715.50;17,616.75;29,965.50;240.00;-;5,391.00;8,048.50;6,398.50;2,856.00
May 4, 2025;May 5, 2025;9,570.75;10,309.50;5,926.50;18,785.50;240.00;-;5,671.00;7,709.00;5,829.00;2,856.00
May 5, 2025;May 6, 2025;9,472.00;12,519.00;14,520.50;22,235.25;240.00;-;10,615.75;8,158.00;8,048.50;3,027.50
May 6, 2025;May 7, 2025;9,479.75;15,639.50;8,692.00;35,070.75;240.00;-;11,888.50;8,153.50;11,047.25;2,856.00
May 7, 2025;May 8, 2025;9,508.50;15,368.75;12,406.00;41,259.00;240.00;-;19,626.75;8,269.75;10,379.00;2,856.00
May 8, 2025;May 9, 2025;9,437.00;15,359.25;5,992.25;28,165.75;240.00;-;9,076.75;8,369.75;12,107.25;2,856.00
May 9, 2025;May 10, 2025;9,560.00;14,802.75;12,059.00;51,239.25;240.00;-;12,876.25;8,112.25;8,910.75;2,856.00
May 10, 2025;May 11, 2025;9,456.50;12,604.00;6,061.00;58,281.50;240.00;-;6,018.25;7,991.00;10,436.25;2,856.00
May 11, 2025;May 12, 2025;9,507.75;11,338.75;6,447.25;57,984.75;240.00;-;3,694.75;7,824.50;7,258.50;2,856.00
May 12, 2025;May 13, 2025;9,589.00;12,578.50;6,084.50;53,823.00;240.00;-;7,500.25;7,787.50;9,462.75;2,856.00
May 13, 2025;May 14, 2025;9,496.25;12,724.00;4,154.75;53,596.75;240.00;-;10,971.00;7,841.50;12,289.25;2,896.25
May 14, 2025;May 15, 2025;9,495.50;11,897.00;2,253.00;56,295.25;240.00;-;14,921.00;7,708.00;6,866.00;3,232.00
May 15, 2025;May 16, 2025;9,563.50;10,207.50;8,719.00;52,244.75;240.00;-;9,295.00;7,888.00;9,708.50;2,856.00
May 16, 2025;May 17, 2025;9,627.50;10,902.25;4,167.25;43,106.00;240.00;-;8,832.75;7,568.75;9,336.50;2,856.00
May 17, 2025;May 18, 2025;9,567.25;10,095.50;3,202.25;40,647.25;240.00;-;5,433.00;7,759.00;7,909.25;2,856.00
May 18, 2025;May 19, 2025;9,569.00;10,783.50;5,887.00;48,648.50;240.00;-;4,740.25;8,010.00;4,663.50;2,856.00
May 19, 2025;May 20, 2025;9,573.75;10,542.50;3,166.00;56,441.75;240.00;-;15,835.75;8,063.50;10,226.50;2,856.00
May 20, 2025;May 21, 2025;9,389.00;13,352.00;5,827.50;44,182.25;240.00;-;23,508.25;7,956.00;6,903.75;2,856.00
May 21, 2025;May 22, 2025;9,308.75;12,635.50;3,140.50;27,175.00;240.00;-;13,309.25;7,671.25;6,880.25;2,856.00
May 22, 2025;May 23, 2025;9,441.00;14,477.50;7,221.00;26,766.00;240.00;-;15,445.50;7,741.00;6,576.50;3,258.50
May 23, 2025;May 24, 2025;9,468.75;14,277.25;3,905.50;43,858.25;240.00;-;9,271.25;7,592.00;7,514.75;2,856.00
May 24, 2025;May 25, 2025;9,630.25;12,054.25;2,625.00;49,995.50;240.00;-;5,614.25;7,577.25;6,443.50;2,856.00
May 25, 2025;May 26, 2025;9,766.25;9,709.50;15,638.75;25,283.50;240.00;-;4,779.00;7,706.00;7,064.00;2,856.00
May 26, 2025;May 27, 2025;9,516.50;12,478.25;12,400.25;38,554.50;240.00;-;5,990.00;8,122.00;8,061.00;2,856.00
May 27, 2025;May 28, 2025;9,379.25;12,448.50;7,732.00;35,854.50;240.00;-;8,203.75;7,779.00;6,364.00;2,856.00
May 28, 2025;May 29, 2025;9,422.25;13,538.50;25,478.00;17,845.50;240.00;-;6,670.75;8,044.00;7,356.25;2,856.00
May 29, 2025;May 30, 2025;9,400.75;14,123.75;6,352.50;36,559.50;240.00;-;4,428.75;8,037.50;6,461.75;2,856.00
May 30, 2025;May 31, 2025;9,521.25;15,335.75;2,645.75;56,264.25;240.00;-;4,756.25;7,989.25;9,076.00;2,856.00
May 31, 2025;Jun 1, 2025;9,568.75;15,698.50;3,162.25;52,367.00;240.00;-;4,275.25;8,145.25;9,180.00;2,856.00
Jun 1, 2025;Jun 2, 2025;9,521.25;13,138.75;5,963.25;43,413.50;240.00;-;3,912.75;7,759.25;3,744.00;2,856.00
Jun 2, 2025;Jun 3, 2025;9,533.75;17,742.75;3,235.25;21,661.75;240.00;-;12,602.75;8,391.25;8,705.75;2,856.00
Jun 3, 2025;Jun 4, 2025;9,427.25;16,378.50;4,100.75;37,453.50;240.00;-;18,235.25;8,206.50;6,216.25;2,856.00
Jun 4, 2025;Jun 5, 2025;9,501.50;18,937.25;10,914.25;21,698.75;240.00;-;13,219.50;8,298.50;6,035.75;2,856.00
Jun 5, 2025;Jun 6, 2025;9,348.75;18,988.25;11,460.50;33,219.75;240.00;-;12,269.50;8,304.25;8,032.50;2,856.00
Jun 6, 2025;Jun 7, 2025;9,231.75;17,041.75;18,860.25;29,848.25;240.00;-;6,918.00;7,973.75;7,344.75;2,856.00
Jun 7, 2025;Jun 8, 2025;9,256.50;18,916.00;17,245.00;24,925.00;240.00;-;4,794.00;7,787.00;7,455.25;2,856.00
Jun 8, 2025;Jun 9, 2025;9,392.50;14,641.00;18,494.75;34,527.25;240.00;-;4,068.25;7,581.50;4,162.00;2,856.00
Jun 9, 2025;Jun 10, 2025;9,262.25;15,648.25;2,650.25;55,590.50;240.00;-;3,719.75;7,677.25;10,772.75;2,856.00
Jun 10, 2025;Jun 11, 2025;9,252.75;16,456.50;9,057.25;50,884.25;240.00;-;5,948.75;7,767.25;6,680.00;6,455.00
Jun 11, 2025;Jun 12, 2025;9,067.75;16,113.00;3,944.50;57,010.00;240.00;-;13,291.75;7,725.25;9,702.75;6,948.50
Jun 12, 2025;Jun 13, 2025;9,012.50;16,754.50;9,848.50;57,546.25;240.00;-;23,063.50;7,713.25;10,286.50;3,359.50
Jun 13, 2025;Jun 14, 2025;9,236.25;15,917.50;10,355.50;55,690.00;240.00;-;8,773.50;7,658.00;7,548.50;5,753.50
Jun 14, 2025;Jun 15, 2025;9,292.50;14,773.00;6,769.75;53,869.00;240.00;-;9,033.00;7,715.00;9,026.75;2,882.75
Jun 15, 2025;Jun 16, 2025;9,332.50;14,935.50;5,686.00;30,903.25;240.00;-;13,012.25;7,758.75;4,636.00;2,856.00
Jun 16, 2025;Jun 17, 2025;9,158.75;17,595.25;4,109.75;44,139.00;240.00;-;19,059.00;7,765.25;7,972.25;3,141.25
Jun 17, 2025;Jun 18, 2025;9,217.75;16,622.00;2,479.25;57,556.75;240.00;-;23,143.75;7,644.25;10,674.50;2,856.00
Jun 18, 2025;Jun 19, 2025;9,146.50;17,048.75;644.25;56,615.00;240.00;-;29,519.75;7,685.50;10,320.00;2,856.00
Jun 19, 2025;Jun 20, 2025;8,984.00;15,639.25;3,653.00;56,164.25;240.00;-;20,177.25;7,653.25;9,592.50;2,856.00
Jun 20, 2025;Jun 21, 2025;8,908.25;16,480.00;7,443.75;58,087.25;240.00;-;28,073.00;7,747.00;9,109.50;2,856.00
Jun 21, 2025;Jun 22, 2025;9,069.50;15,417.25;6,293.50;57,304.25;240.00;-;21,891.75;7,745.50;9,931.75;2,856.00
Jun 22, 2025;Jun 23, 2025;9,049.75;13,055.25;5,154.00;57,710.75;240.00;-;12,478.50;7,696.75;9,873.25;2,856.00
Jun 23, 2025;Jun 24, 2025;8,985.25;13,968.75;16,085.00;43,964.25;240.00;-;32,194.00;7,708.50;5,852.50;2,856.00
Jun 24, 2025;Jun 25, 2025;9,000.50;13,579.75;12,657.75;56,571.25;240.00;-;21,904.50;7,670.00;6,784.00;2,888.50
Jun 25, 2025;Jun 26, 2025;9,040.50;14,091.50;6,034.25;55,254.25;240.00;-;35,724.25;7,631.25;8,863.00;2,899.50
Jun 26, 2025;Jun 27, 2025;8,904.25;15,688.00;13,117.50;39,403.75;240.00;-;23,952.00;7,682.25;6,846.00;2,856.00
Jun 27, 2025;Jun 28, 2025;9,046.50;14,726.25;8,829.00;30,062.75;240.00;-;27,195.75;7,604.50;5,843.25;2,856.00
Jun 28, 2025;Jun 29, 2025;9,203.00;11,653.00;1,264.50;52,766.75;240.00;-;12,316.25;7,608.00;7,346.25;2,856.00
Jun 29, 2025;Jun 30, 2025;9,201.25;11,577.75;1,889.50;56,458.00;240.00;-;8,079.50;7,608.00;5,471.25;2,856.00
Jun 30, 2025;Jul 1, 2025;9,093.00;12,983.25;7,220.50;54,689.50;240.00;-;21,141.00;7,725.25;9,159.50;1,639.25
Jul 1, 2025;Jul 2, 2025;9,032.00;14,006.25;3,643.50;47,228.25;240.00;-;17,155.50;7,794.50;9,102.50;3,575.75
Jul 2, 2025;Jul 3, 2025;9,075.00;14,214.50;1,437.75;53,967.00;240.00;-;15,189.75;7,825.25;5,662.50;3,485.75
Jul 3, 2025;Jul 4, 2025;9,040.25;13,649.75;5,430.50;31,259.25;240.00;-;25,370.25;7,835.25;8,222.00;4,869.50
Jul 4, 2025;Jul 5, 2025;9,142.00;12,227.75;1,578.75;53,285.75;240.00;-;7,430.25;7,722.50;9,556.25;3,320.25
Jul 5, 2025;Jul 6, 2025;9,058.50;12,140.50;3,723.50;56,500.75;240.00;-;9,953.50;7,648.25;6,402.50;3,552.50
Jul 6, 2025;Jul 7, 2025;9,193.00;11,744.00;7,249.25;28,842.50;240.00;-;8,250.50;7,646.75;8,636.75;3,152.25
Jul 7, 2025;Jul 8, 2025;9,067.50;12,970.25;12,274.75;28,916.00;240.00;-;12,140.25;7,778.25;7,645.50;3,315.00
Jul 8, 2025;Jul 9, 2025;9,034.25;14,078.25;8,274.00;30,973.50;240.00;-;10,512.75;7,840.00;5,595.50;2,856.00
Jul 9, 2025;Jul 10, 2025;8,869.25;16,446.00;5,724.25;38,173.75;240.00;-;11,042.00;7,742.50;7,363.00;2,856.00
Jul 10, 2025;Jul 11, 2025;8,734.50;15,237.25;1,438.00;51,387.00;240.00;-;17,347.00;7,839.75;7,876.50;2,856.00
Jul 11, 2025;Jul 12, 2025;8,869.75;14,867.00;3,938.50;46,848.75;240.00;-;16,938.25;7,808.75;8,655.25;2,856.00
Jul 12, 2025;Jul 13, 2025;8,950.75;13,346.50;1,951.25;47,314.25;240.00;-;4,361.00;7,699.25;7,286.50;2,856.00
Jul 13, 2025;Jul 14, 2025;9,030.75;14,117.50;3,566.75;52,232.50;240.00;-;9,245.00;7,703.75;5,775.75;2,856.00
Jul 14, 2025;Jul 15, 2025;8,829.00;13,557.50;13,331.25;27,388.25;240.00;-;31,027.25;8,017.75;9,102.50;2,856.00
Jul 15, 2025;Jul 16, 2025;8,809.00;13,930.25;9,462.25;37,032.25;240.00;-;16,441.50;7,999.75;3,382.25;2,856.00
Jul 16, 2025;Jul 17, 2025;8,769.25;13,711.50;15,300.50;28,888.75;240.00;-;23,326.00;8,018.00;7,610.00;2,856.00
Jul 17, 2025;Jul 18, 2025;8,734.25;14,789.25;4,481.50;44,897.50;240.00;-;25,378.25;8,036.50;5,094.25;2,856.00
Jul 18, 2025;Jul 19, 2025;8,892.25;14,454.25;988.75;52,195.25;240.00;-;40,321.25;9,825.00;9,426.50;2,856.00
Jul 19, 2025;Jul 20, 2025;8,917.00;12,779.50;7,294.00;42,245.50;240.00;-;15,578.00;7,825.75;6,226.75;2,856.00
Jul 20, 2025;Jul 21, 2025;8,880.75;12,813.25;3,065.75;42,038.75;240.00;-;21,843.50;7,792.00;2,410.25;2,856.00
Jul 21, 2025;Jul 22, 2025;8,954.25;17,741.00;8,420.25;26,219.75;240.00;-;31,040.00;8,063.50;11,350.25;2,856.00
Jul 22, 2025;Jul 23, 2025;8,987.25;18,000.50;19,185.50;35,058.25;240.00;-;11,918.00;7,877.50;7,447.75;2,856.00
Jul 23, 2025;Jul 24, 2025;8,936.75;17,432.50;5,491.50;45,956.75;240.00;-;15,225.75;7,823.75;5,981.00;2,856.00
Jul 24, 2025;Jul 25, 2025;8,999.25;17,441.00;699.50;27,922.25;240.00;-;31,773.25;7,824.00;8,917.00;2,856.00
Jul 25, 2025;Jul 26, 2025;9,078.00;17,300.75;1,131.75;26,573.25;240.00;-;32,940.00;7,821.00;10,511.25;2,856.00
Jul 26, 2025;Jul 27, 2025;9,073.25;18,108.75;1,464.50;26,983.25;240.00;-;26,157.50;7,666.00;4,957.25;2,856.00
Jul 27, 2025;Jul 28, 2025;9,109.75;19,078.25;4,212.75;27,834.00;240.00;-;4,978.50;7,584.00;5,049.00;2,856.00
Jul 28, 2025;Jul 29, 2025;8,902.00;21,846.75;8,362.00;23,413.25;240.00;-;6,476.50;7,709.75;6,238.25;2,856.00
Jul 29, 2025;Jul 30, 2025;8,937.50;20,976.75;4,196.25;37,878.75;240.00;-;6,745.75;7,761.00;10,601.75;2,856.00
Jul 30, 2025;Jul 31, 2025;8,885.75;20,082.25;5,642.75;24,520.75;240.00;-;6,963.00;7,946.00;10,288.50;2,856.00
Jul 31, 2025;Aug 1, 2025;8,975.50;19,828.75;9,181.75;32,338.50;240.00;-;12,639.25;7,956.00;6,976.25;2,856.00
Aug 1, 2025;Aug 2, 2025;8,935.00;19,517.25;8,500.25;31,957.00;240.00;-;14,056.50;7,868.25;9,044.00;2,856.00
Aug 2, 2025;Aug 3, 2025;9,142.75;20,275.00;3,130.00;25,625.75;240.00;-;4,122.50;7,792.50;9,365.25;2,856.00
Aug 3, 2025;Aug 4, 2025;9,207.00;20,795.50;4,278.00;28,293.00;240.00;-;3,430.25;7,752.25;4,681.75;2,856.00
Aug 4, 2025;Aug 5, 2025;9,167.75;19,714.50;11,974.25;25,649.00;240.00;-;4,975.25;8,100.25;9,098.25;2,856.00
Aug 5, 2025;Aug 6, 2025;9,050.75;18,408.00;11,919.75;35,139.75;240.00;-;5,681.75;8,012.75;8,356.25;2,856.00
Aug 6, 2025;Aug 7, 2025;8,978.75;18,194.75;2,702.00;50,070.75;240.00;-;14,789.75;8,076.00;8,513.25;3,151.25
Aug 7, 2025;Aug 8, 2025;9,010.50;16,827.75;4,061.50;53,925.00;240.00;-;7,083.75;7,817.00;8,431.75;2,856.00
Aug 8, 2025;Aug 9, 2025;9,056.25;15,535.50;2,226.00;53,313.75;240.00;-;5,557.75;7,729.75;8,425.25;2,856.00
Aug 9, 2025;Aug 10, 2025;9,158.50;14,720.50;2,010.00;51,473.00;240.00;-;4,245.00;7,584.50;7,671.00;2,856.00
Aug 10, 2025;Aug 11, 2025;9,080.25;14,056.75;5,350.75;53,640.00;240.00;-;3,634.25;7,615.00;4,959.00;2,856.00
Aug 11, 2025;Aug 12, 2025;9,037.00;14,999.50;10,516.50;53,722.75;240.00;-;11,340.50;7,776.50;8,244.50;2,856.00
Aug 12, 2025;Aug 13, 2025;9,024.25;14,695.25;7,527.00;50,531.50;240.00;-;24,962.25;7,726.00;7,085.25;2,856.00
Aug 13, 2025;Aug 14, 2025;8,900.75;13,858.50;3,291.25;49,534.25;240.00;-;29,084.00;7,584.25;7,616.25;2,856.00
Aug 14, 2025;Aug 15, 2025;8,850.00;15,272.00;970.25;48,283.00;240.00;-;29,027.00;7,606.00;7,960.25;2,856.00
Aug 15, 2025;Aug 16, 2025;8,900.00;14,961.00;2,253.75;41,367.00;240.00;-;15,842.75;7,584.00;7,565.75;2,856.00
Aug 16, 2025;Aug 17, 2025;8,978.00;12,926.75;6,253.75;39,561.25;240.00;-;4,917.50;7,584.00;6,055.00;2,856.00
Aug 17, 2025;Aug 18, 2025;9,141.00;13,334.00;4,343.75;40,181.00;240.00;-;3,831.50;7,584.00;5,703.25;2,856.00
Aug 18, 2025;Aug 19, 2025;9,062.75;13,627.50;4,055.25;52,465.25;240.00;-;11,526.00;7,596.75;7,749.50;2,856.00
Aug 19, 2025;Aug 20, 2025;9,036.00;13,490.00;2,350.00;50,596.25;240.00;-;21,612.25;7,608.00;8,486.00;2,856.00
Aug 20, 2025;Aug 21, 2025;9,128.25;14,530.50;1,761.25;26,366.00;240.00;-;22,395.00;7,592.25;6,162.25;2,856.00
Aug 21, 2025;Aug 22, 2025;9,010.50;18,151.00;5,833.25;18,445.00;240.00;-;25,695.50;7,584.25;4,414.00;2,856.00
Aug 22, 2025;Aug 23, 2025;9,086.50;19,032.25;5,164.50;38,611.00;240.00;-;4,730.50;7,583.50;8,414.25;2,856.00
Aug 23, 2025;Aug 24, 2025;9,140.75;17,321.75;2,283.75;32,883.75;240.00;-;4,007.50;7,582.75;4,780.00;2,856.00
Aug 24, 2025;Aug 25, 2025;9,298.50;16,111.50;761.75;45,619.25;240.00;-;3,125.50;7,584.00;5,294.50;2,856.00
Aug 25, 2025;Aug 26, 2025;9,222.25;16,960.00;655.00;50,603.75;240.00;-;13,194.25;7,619.50;9,450.75;2,856.00
Aug 26, 2025;Aug 27, 2025;9,132.75;15,045.25;1,784.00;50,275.75;240.00;-;29,273.25;7,735.00;8,465.75;3,232.25
Aug 27, 2025;Aug 28, 2025;9,221.00;14,942.00;8,212.50;31,265.25;240.00;-;36,429.75;7,957.25;9,803.50;2,856.00
Aug 28, 2025;Aug 29, 2025;9,041.75;15,103.00;4,176.75;15,247.25;240.00;-;37,388.00;7,586.50;8,689.75;2,856.00
Aug 29, 2025;Aug 30, 2025;9,130.25;16,525.50;6,470.25;44,848.50;240.00;-;19,897.25;7,583.25;9,120.25;2,856.00
Aug 30, 2025;Aug 31, 2025;9,292.50;16,142.75;7,204.75;36,370.00;240.00;-;4,462.00;7,584.00;7,893.00;2,856.00
Aug 31, 2025;Sep 1, 2025;9,009.50;15,146.75;4,360.00;44,910.25;240.00;-;10,554.25;7,590.25;4,993.75;2,856.00
Sep 1, 2025;Sep 2, 2025;9,187.25;15,586.50;7,086.50;19,721.75;240.00;-;31,846.50;7,752.50;8,576.25;2,856.00
Sep 2, 2025;Sep 3, 2025;9,230.50;16,119.25;5,312.50;34,066.50;240.00;-;37,023.75;7,590.00;7,121.25;2,856.00
Sep 3, 2025;Sep 4, 2025;9,241.00;14,970.00;12,485.25;38,035.50;240.00;-;24,704.25;7,588.75;6,364.25;2,856.00
Sep 4, 2025;Sep 5, 2025;9,148.00;15,307.75;8,883.50;26,776.25;240.00;-;30,491.50;7,768.00;8,172.75;2,856.00
Sep 5, 2025;Sep 6, 2025;9,349.50;16,612.50;6,641.75;26,018.00;240.00;-;36,491.00;7,589.00;7,099.00;2,856.00
Sep 6, 2025;Sep 7, 2025;9,207.50;17,148.25;6,278.00;49,986.25;240.00;-;23,435.00;7,586.50;5,607.00;2,856.00
Sep 7, 2025;Sep 8, 2025;9,357.75;14,289.25;9,104.25;43,635.75;240.00;-;6,743.00;7,584.00;2,507.00;2,856.00
Sep 8, 2025;Sep 9, 2025;9,379.50;16,130.75;2,195.75;19,748.50;240.00;-;32,252.00;7,910.75;9,427.00;3,431.75
Sep 9, 2025;Sep 10, 2025;9,237.00;17,552.00;3,818.25;16,997.00;240.00;-;42,916.00;8,182.75;7,119.00;3,199.50
Sep 10, 2025;Sep 11, 2025;9,263.75;16,265.50;1,507.50;21,191.75;240.00;-;41,393.75;7,985.75;9,048.50;2,856.00
Sep 11, 2025;Sep 12, 2025;9,158.00;14,860.75;18,899.50;31,830.75;240.00;-;8,026.25;7,558.00;5,537.00;2,856.00
Sep 12, 2025;Sep 13, 2025;9,218.25;15,446.25;11,066.50;34,655.25;240.00;-;7,207.25;7,601.75;7,016.75;2,929.50
Sep 13, 2025;Sep 14, 2025;9,364.25;13,682.75;6,952.25;35,601.25;240.00;-;5,799.00;7,570.25;5,513.25;2,856.00
Sep 14, 2025;Sep 15, 2025;9,500.75;14,331.50;11,300.00;31,285.50;240.00;-;6,792.25;7,582.50;7,422.25;3,225.00
Sep 15, 2025;Sep 16, 2025;9,383.50;14,058.00;25,843.25;31,494.25;240.00;-;20,850.00;7,584.00;6,974.75;2,856.00
Sep 16, 2025;Sep 17, 2025;9,264.75;13,119.75;21,796.50;32,269.00;240.00;-;13,183.25;7,567.75;6,007.75;2,856.00
Sep 17, 2025;Sep 18, 2025;9,130.00;12,058.75;9,298.25;32,288.25;240.00;-;30,783.75;7,573.50;7,063.75;3,018.50
Sep 18, 2025;Sep 19, 2025;8,986.50;13,532.25;6,837.75;47,061.50;240.00;-;12,465.50;7,718.00;5,974.75;2,888.25
Sep 19, 2025;Sep 20, 2025;9,161.25;10,994.50;3,257.50;46,899.75;240.00;-;14,867.25;7,570.75;7,655.00;3,225.50
Sep 20, 2025;Sep 21, 2025;9,226.25;10,129.00;6,287.50;43,656.50;240.00;-;5,226.00;7,596.75;4,863.25;2,856.00
Sep 21, 2025;Sep 22, 2025;9,392.50;11,848.50;9,189.75;21,525.50;240.00;-;20,076.00;7,584.00;3,199.75;2,856.00
Sep 22, 2025;Sep 23, 2025;9,406.25;13,975.50;17,243.75;7,544.75;240.00;-;28,191.50;7,576.25;4,879.50;2,856.00
Sep 23, 2025;Sep 24, 2025;9,320.50;15,875.25;16,345.00;7,713.25;240.00;-;32,463.75;7,744.00;6,534.75;2,856.00
Sep 24, 2025;Sep 25, 2025;9,185.00;15,306.25;14,407.50;3,566.50;240.00;-;15,323.75;7,584.00;5,575.50;2,856.00
Sep 25, 2025;Sep 26, 2025;9,183.25;16,280.50;3,510.25;9,343.25;240.00;-;22,818.25;7,583.50;8,877.25;2,856.00
Sep 26, 2025;Sep 27, 2025;9,338.00;16,835.50;3,223.75;9,372.75;240.00;-;26,859.50;7,584.00;7,291.00;2,856.00
Sep 27, 2025;Sep 28, 2025;9,397.00;16,367.50;542.50;14,207.25;240.00;-;15,434.75;7,584.00;3,986.50;2,856.00
Sep 28, 2025;Sep 29, 2025;9,262.00;15,601.25;1,104.25;20,951.50;240.00;-;16,309.50;7,584.00;2,405.50;2,856.00
Sep 29, 2025;Sep 30, 2025;9,527.00;15,136.75;409.25;26,681.75;240.00;-;37,303.50;7,584.00;8,184.50;2,941.50
Sep 30, 2025;Oct 1, 2025;9,625.50;14,551.00;1,858.75;17,810.75;240.00;-;43,176.25;7,745.75;8,314.75;2,856.00
Oct 1, 2025;Oct 2, 2025;9,345.50;14,654.75;6,154.25;33,595.25;240.00;-;38,682.00;7,584.00;7,344.50;2,856.00
Oct 2, 2025;Oct 3, 2025;9,568.50;15,810.00;10,645.25;41,192.00;240.00;-;25,342.00;7,581.75;6,225.00;2,856.00
Oct 3, 2025;Oct 4, 2025;9,494.00;14,902.50;13,706.50;27,115.75;240.00;-;9,528.25;7,637.50;6,376.25;2,856.00
Oct 4, 2025;Oct 5, 2025;9,843.25;12,626.00;23,795.00;14,977.75;240.00;-;8,765.00;7,568.75;4,219.50;2,856.00
Oct 5, 2025;Oct 6, 2025;9,717.00;14,860.00;24,294.00;18,185.00;240.00;-;6,623.75;7,556.75;2,492.25;2,856.00
Oct 6, 2025;Oct 7, 2025;9,766.25;13,762.50;20,166.50;7,646.50;240.00;-;36,786.00;7,579.50;6,918.00;2,856.00
Oct 7, 2025;Oct 8, 2025;9,709.75;15,123.75;2,570.25;17,498.25;240.00;-;42,762.50;7,785.75;6,124.50;2,856.00
Oct 8, 2025;Oct 9, 2025;9,722.50;14,737.00;1,199.00;32,717.50;240.00;-;42,112.25;7,754.25;6,705.25;3,150.75
Oct 9, 2025;Oct 10, 2025;9,762.00;13,540.50;981.25;12,260.00;240.00;-;41,927.00;9,301.25;3,964.50;2,856.00
Oct 10, 2025;Oct 11, 2025;9,884.50;12,687.50;1,500.50;16,004.50;240.00;-;42,133.50;7,724.00;6,061.00;2,856.00
Oct 11, 2025;Oct 12, 2025;9,686.50;10,793.25;1,943.75;28,578.50;240.00;-;26,038.00;7,570.00;2,873.25;2,856.00
Oct 12, 2025;Oct 13, 2025;10,041.50;9,872.25;2,517.00;20,596.75;240.00;-;20,124.50;7,582.25;2,844.75;2,856.00
Oct 13, 2025;Oct 14, 2025;9,894.25;12,527.25;2,809.50;12,641.00;240.00;-;46,929.50;7,947.50;8,308.50;3,292.75
Oct 14, 2025;Oct 15, 2025;9,675.50;12,783.50;2,633.75;28,961.75;240.00;-;50,132.00;7,972.00;6,230.75;2,856.00
Oct 15, 2025;Oct 16, 2025;9,788.50;12,835.00;4,048.00;20,753.00;240.00;-;49,358.25;9,912.75;5,381.00;3,115.00
Oct 16, 2025;Oct 17, 2025;9,605.75;10,972.25;2,064.25;17,648.50;240.00;-;48,068.25;10,627.75;5,171.50;2,991.00
Oct 17, 2025;Oct 18, 2025;9,574.75;10,269.75;1,230.00;12,885.75;240.00;-;52,898.00;8,931.50;5,617.25;2,856.00
Oct 18, 2025;Oct 19, 2025;9,844.00;8,940.75;7,102.75;25,373.75;240.00;-;24,281.75;7,824.00;2,995.50;2,856.00
Oct 19, 2025;Oct 20, 2025;10,033.75;8,557.75;11,242.39;18,505.00;240.00;-;9,826.25;7,594.75;2,657.50;2,856.00
Oct 20, 2025;Oct 21, 2025;10,053.25;9,891.00;11,895.97;8,931.75;240.00;-;26,108.25;7,697.75;7,167.50;3,152.75
Oct 21, 2025;Oct 22, 2025;10,066.75;8,591.00;20,715.00;17,362.25;240.00;-;30,207.50;7,665.00;2,758.00;3,272.00
Oct 22, 2025;Oct 23, 2025;10,041.50;10,020.25;11,233.00;9,290.75;240.00;-;45,370.50;8,338.50;7,967.00;3,094.25
Oct 23, 2025;Oct 24, 2025;9,982.32;12,198.90;31,325.35;9,400.22;240.00;-;25,688.90;7,574.65;3,303.80;3,547.42
Oct 24, 2025;Oct 25, 2025;10,015.31;13,459.54;29,289.81;20,830.75;240.00;-;19,540.58;7,558.59;4,399.82;3,515.10
Oct 25, 2025;Oct 26, 2025;10,097.53;13,211.77;27,397.74;12,631.81;240.00;-;8,956.39;7,631.24;5,962.32;2,856.00
Oct 26, 2025;Oct 27, 2025;10,539.99;15,215.13;27,113.38;18,054.88;250.00;-;4,987.18;7,877.21;2,123.13;3,377.56
Oct 27, 2025;Oct 28, 2025;10,059.34;16,584.57;32,269.14;7,828.89;240.00;-;19,461.18;7,800.21;5,231.06;2,856.00
Oct 28, 2025;Oct 29, 2025;10,066.97;16,084.85;29,489.12;13,290.92;240.00;-;19,125.22;7,958.53;4,731.99;2,856.00
Oct 29, 2025;Oct 30, 2025;9,982.97;16,627.89;10,860.60;24,540.18;240.00;-;23,896.11;8,220.58;6,112.39;2,856.00
Oct 30, 2025;Oct 31, 2025;10,161.70;16,001.09;17,976.13;26,539.81;240.00;-;29,555.14;7,858.69;3,375.07;2,856.00
Oct 31, 2025;Nov 1, 2025;10,240.66;15,277.64;9,005.53;19,042.41;240.00;-;36,393.06;8,041.21;3,894.81;2,856.00
Nov 1, 2025;Nov 2, 2025;10,133.68;15,461.57;9,855.82;9,517.60;240.00;-;14,638.02;8,054.30;3,883.07;2,856.00
Nov 2, 2025;Nov 3, 2025;10,057.31;16,081.90;12,538.15;4,726.28;240.00;-;13,695.16;8,047.17;5,132.56;2,856.00
Nov 3, 2025;Nov 4, 2025;10,320.77;15,950.13;14,341.69;20,163.53;240.00;-;28,189.24;8,287.76;2,806.40;3,099.25
Nov 4, 2025;Nov 5, 2025;10,156.97;15,273.65;3,935.77;28,088.66;240.00;-;35,483.44;8,019.14;3,293.91;2,856.00
Nov 5, 2025;Nov 6, 2025;10,222.44;15,514.31;3,182.54;25,399.43;240.00;-;31,711.82;8,000.26;4,674.91;2,857.57
Nov 6, 2025;Nov 7, 2025;10,114.31;14,549.20;2,406.15;19,549.80;240.00;-;34,869.29;8,072.08;4,010.57;2,856.00
Nov 7, 2025;Nov 8, 2025;10,240.74;15,623.86;932.84;10,770.85;240.00;-;37,051.39;8,041.83;8,962.44;2,856.00
Nov 8, 2025;Nov 9, 2025;10,215.36;14,966.85;1,313.27;9,828.02;240.00;-;35,090.48;8,061.31;4,490.25;2,856.00
Nov 9, 2025;Nov 10, 2025;10,254.33;14,340.57;4,251.56;4,330.81;240.00;-;36,626.91;8,066.77;2,386.65;2,856.00
Nov 10, 2025;Nov 11, 2025;10,331.79;15,302.55;3,451.19;15,279.90;240.00;-;40,282.70;8,060.56;6,149.84;2,856.00
Nov 11, 2025;Nov 12, 2025;10,302.24;12,596.74;8,304.99;19,114.86;240.00;-;22,922.60;8,061.22;5,839.69;2,856.00
Nov 12, 2025;Nov 13, 2025;10,222.51;13,081.11;8,595.11;19,792.95;240.00;-;36,517.58;8,068.26;5,262.78;2,856.00
Nov 13, 2025;Nov 14, 2025;10,118.41;10,964.41;14,034.69;19,356.43;240.00;-;34,654.70;7,990.02;4,210.63;2,856.00
Nov 14, 2025;Nov 15, 2025;10,247.75;10,149.67;13,418.00;10,010.56;240.00;-;43,941.21;8,187.44;8,487.28;3,036.45
Nov 15, 2025;Nov 16, 2025;10,261.83;10,464.65;6,080.09;11,784.44;240.00;-;19,001.96;7,774.67;2,212.61;2,856.00
Nov 16, 2025;Nov 17, 2025;10,274.23;9,474.54;5,195.67;7,864.46;240.00;-;16,510.07;8,051.90;5,505.30;2,856.00
Nov 17, 2025;Nov 18, 2025;10,130.23;10,883.57;10,258.44;5,756.37;240.00;-;33,307.13;8,132.97;5,361.33;3,261.54
Nov 18, 2025;Nov 19, 2025;10,228.22;11,902.23;3,851.83;20,559.05;240.00;-;37,087.24;8,237.48;4,348.56;3,437.96
Nov 19, 2025;Nov 20, 2025;10,285.99;10,686.23;0.00;17,238.28;240.00;-;40,741.70;8,171.46;8,658.24;2,856.00
Nov 20, 2025;Nov 21, 2025;10,289.62;11,457.59;10,051.25;7,521.38;240.00;-;46,576.63;9,227.80;9,446.35;3,351.78
Nov 21, 2025;Nov 22, 2025;10,315.37;10,877.26;5,383.27;10,171.65;240.00;-;56,363.67;9,097.09;9,175.10;2,856.00
Nov 22, 2025;Nov 23, 2025;10,433.79;9,450.24;1,875.86;16,062.70;240.00;-;35,884.08;8,275.94;5,387.48;2,856.00
Nov 23, 2025;Nov 24, 2025;10,538.78;8,801.96;9,150.90;13,844.52;240.00;-;39,272.56;8,281.14;2,498.74;2,856.00
Nov 24, 2025;Nov 25, 2025;10,606.45;12,609.72;8,638.15;3,169.52;240.00;-;52,917.04;8,996.66;7,431.54;2,856.00
Nov 25, 2025;Nov 26, 2025;10,557.06;17,552.53;3,220.40;4,239.72;240.00;-;61,998.07;9,174.22;12,063.57;3,091.53
Nov 26, 2025;Nov 27, 2025;10,696.20;18,627.28;2,582.59;3,764.01;240.00;-;58,829.57;9,139.84;12,856.47;2,856.00
Nov 27, 2025;Nov 28, 2025;10,662.39;18,271.68;2,148.79;10,913.94;240.00;-;59,319.49;8,279.82;2,598.87;3,426.40
Nov 28, 2025;Nov 29, 2025;10,816.11;15,780.76;6,985.73;7,504.75;240.00;-;61,839.89;8,110.31;6,599.52;3,433.42
Nov 29, 2025;Nov 30, 2025;10,770.69;13,456.52;6,616.16;9,361.67;240.00;-;39,917.21;7,971.60;2,471.64;2,856.00
Nov 30, 2025;Dec 1, 2025;11,023.12;13,637.45;8,582.74;4,112.26;240.00;-;33,041.48;7,979.66;969.90;2,856.00
Dec 1, 2025;Dec 2, 2025;10,966.34;14,184.29;5,367.10;14,315.61;240.00;-;42,290.56;8,113.12;4,939.04;2,956.85
Dec 2, 2025;Dec 3, 2025;10,900.42;14,112.96;6,379.23;15,211.22;240.00;-;51,205.68;8,081.27;7,198.54;2,856.00
Dec 3, 2025;Dec 4, 2025;10,915.09;15,846.95;0.00;0.00;240.00;-;64,713.26;9,536.80;10,330.17;3,389.69
Dec 4, 2025;Dec 5, 2025;11,021.23;15,848.33;0.00;0.00;240.00;-;68,726.77;10,245.47;3,215.14;3,594.14
Dec 5, 2025;Dec 6, 2025;11,170.00;13,985.44;0.00;0.00;240.00;-;50,979.64;9,126.26;6,177.53;3,007.96
Dec 6, 2025;Dec 7, 2025;11,053.04;12,334.63;0.00;0.00;240.00;-;28,620.54;8,544.61;6,919.40;2,856.00
Dec 7, 2025;Dec 8, 2025;11,083.45;12,523.42;0.00;0.00;240.00;-;11,692.43;8,166.81;7,875.85;2,856.00
Dec 8, 2025;Dec 9, 2025;10,952.44;15,855.41;0.00;0.00;240.00;-;36,194.40;8,793.81;13,109.01;2,856.00
Dec 9, 2025;Dec 10, 2025;10,943.15;14,751.90;0.00;0.00;240.00;-;38,012.77;8,730.82;4,263.48;2,856.00
Dec 10, 2025;Dec 11, 2025;10,721.72;14,939.70;0.00;0.00;240.00;-;50,041.74;9,082.79;10,443.81;3,721.35
Dec 11, 2025;Dec 12, 2025;10,769.75;13,785.62;2,635.55;6,013.71;240.00;-;38,696.16;9,868.33;2,349.09;2,856.00
Dec 12, 2025;Dec 13, 2025;10,992.50;13,576.95;1,533.69;10,550.84;240.00;-;39,376.47;9,903.30;14,937.26;2,859.24
Dec 13, 2025;Dec 14, 2025;11,044.74;12,064.62;466.65;4,895.35;240.00;-;34,815.38;9,535.94;7,333.96;2,856.00
Dec 14, 2025;Dec 15, 2025;11,177.22;11,098.67;764.15;4,090.70;240.00;-;30,185.01;9,203.70;2,764.73;2,856.00
Dec 15, 2025;Dec 16, 2025;11,051.63;10,956.83;5,567.37;12,081.16;240.00;-;45,516.11;9,553.88;5,737.84;3,049.79
Dec 16, 2025;Dec 17, 2025;10,874.45;11,641.33;6,483.35;4,687.12;240.00;-;58,735.11;9,983.25;15,276.98;3,042.23
Dec 17, 2025;Dec 18, 2025;10,923.69;11,699.46;4,137.43;10,005.46;240.00;-;64,841.61;10,185.85;12,034.70;2,856.00
Dec 18, 2025;Dec 19, 2025;10,982.26;11,196.67;10,441.71;15,871.76;240.00;-;25,237.44;10,673.62;5,253.41;2,856.00
Dec 19, 2025;Dec 20, 2025;10,775.48;11,517.09;14,477.58;3,878.68;240.00;-;19,864.05;10,888.75;5,319.55;2,856.00
Dec 20, 2025;Dec 21, 2025;10,773.55;10,183.98;4,084.08;10,371.60;240.00;-;19,683.80;9,978.33;8,383.59;2,856.00
Dec 21, 2025;Dec 22, 2025;10,862.54;9,348.74;13,248.58;12,813.62;240.00;-;15,614.08;9,560.57;1,864.90;2,856.00
Dec 22, 2025;Dec 23, 2025;10,612.73;9,765.50;6,799.12;4,445.70;240.00;-;21,141.02;9,692.74;10,503.21;2,856.00
Dec 23, 2025;Dec 24, 2025;10,581.00;9,918.16;12,293.24;1,659.51;240.00;-;15,372.67;9,194.27;5,684.84;2,856.00
Dec 24, 2025;Dec 25, 2025;10,483.59;8,225.29;23,511.16;1,496.90;240.00;-;12,353.88;8,972.49;3,633.03;2,856.00
Dec 25, 2025;Dec 26, 2025;10,455.26;8,349.92;20,026.36;10,150.39;240.00;-;15,079.15;8,855.02;3,980.83;2,856.00
Dec 26, 2025;Dec 27, 2025;10,195.66;8,115.15;17,661.33;12,249.77;240.00;-;17,573.18;9,315.61;8,769.58;2,856.00
Dec 27, 2025;Dec 28, 2025;10,402.42;7,864.79;10,119.94;13,988.00;240.00;-;15,030.01;9,303.13;1,104.06;2,856.00
Dec 28, 2025;Dec 29, 2025;10,295.33;7,898.35;13,083.78;15,056.89;240.00;-;22,135.91;9,306.76;5,322.33;2,856.00
Dec 29, 2025;Dec 30, 2025;10,283.40;8,075.60;4,052.19;13,772.45;240.00;-;28,873.37;9,441.52;4,409.87;2,856.00
Dec 30, 2025;Dec 31, 2025;10,282.30;8,267.88;5,958.08;10,112.09;240.00;-;17,960.87;10,588.65;10,282.19;2,856.00
Dec 31, 2025;Jan 1, 2026;10,099.66;7,557.52;11,331.22;14,942.63;240.00;-;37,877.85;11,279.26;5,990.28;3,111.33
